gene_id,value
OPN1MW2,0.004428466666666667
MORF4L1,-0.15775000000002137
TTTY7,1.028888888888889e-7
CTRL,-0.07861769444444444
INTU,0.1292675555555557
SEMA4D,1.0164722222222222
H3F3B,-23.71233333333339
MTPN,8.142577777777774
C20orf141,0.01620488888888889
CHST8,-0.03987511111111111
LOC643406,-0.011538821111111097
ZSCAN12P1,0.03567816666666668
CYP17A1,-0.0005897777777777776
RNASE13,-0.035798922222222224
RPE,6.546283333333335
IGFALS,0.09353359444444442
KRTCAP3,-1.5225087777777802
CLC,10.278960083333331
ERAP2,-0.40767505555555505
MIR4429,0.0
GATAD1,1.445866111111112
LOC100132891,0.21388494444444445
SNORA9,18.645627777777776
CD2AP,-9.462584999999997
TTC31,-1.138675000000001
KCNN2,0.022449950000000052
LCNL1,0.0031101944444444363
PPP1R1B,9.752305000000007
RBMY3AP,0.0
TMEM141,-15.757283333333334
VTA1,-0.35523888888888777
ZFYVE26,-0.3130950000000001
SUMO1,6.198161111111105
CYP4A11,-0.03755960555555557
CLK3,-3.2147866666666687
KRR1,2.4979883333333337
MMP20,0.007540583333333333
RAB13,8.588316666666671
LINC00596,0.0
MRPS18B,4.8639888888888905
LLPH,4.735400000000002
ARF1,9.990555555555602
TUBB4A,-1.0502519000000001
SSRP1,15.850755555555551
C7orf31,-0.8634136666666672
MIR300,0.0
RPL37A,484.32388888888886
ZNF32-AS3,0.0
LOC341056,0.0007609522222222225
RSRC1,3.4726922222222223
YLPM1,0.23368444444444414
HSD17B10,15.26955000000001
DLEU7,0.4441293833333334
DLG1,-1.2249744444444453
AKAP8L,2.448690000000001
PPP1CA,-8.341555555555544
ABRACL,-5.554327777777786
MRPL18,6.770544444444447
NSFL1C,0.4365599999999965
SNORD99,0.0
STAG3L3,0.04506999999999994
SLC25A19,0.835777777777778
TMEM237,0.7455395
C6orf165,0.050941499999999994
KCMF1,-0.20807444444444556
CSPP1,0.7714305555555554
ACTR3B,2.467098333333334
KIF7,0.1421946666666667
MPZ,-2.4057131666666667
TRIM44,2.644817777777778
ZNF829,-0.13083222222222224
ZNF323,0.4580727777777778
ADAMTS1,0.16334666666666564
SIGLEC9,-0.11175905555555554
YPEL1,-0.3963956111111111
C22orf15,-0.005896016666666663
PLEKHN1,0.7676959777777779
MTA1,1.684943333333333
C16orf71,0.017061173888888892
MIR4765,0.0
SNORD116-16,0.0
ZRANB2-AS2,-0.028661094444444424
SST,-19.4567123
GABARAPL1,-7.292528888888889
LOC100271836,0.058414444444444324
ABCG2,-6.976735111111111
HOXD11,-0.9866123888888891
NRG3,-0.02923163888888889
PSMG4,5.206970555555555
TBKBP1,0.22111894444444458
SF3B5,5.447800000000015
MX1,5.172405555555558
OR6B3,0.0
C17orf28,0.6217916666666667
RPS12,341.11705555555545
SLC44A3,-2.530856111111106
MPST,-27.21884444444443
CWC25,-0.15594944444444359
AQP7P3,0.20912177777777774
TFCP2,1.8501322222222232
MIR3909,0.0
CCDC82,0.4965611111111121
LOC100506810,0.11443439999999999
ZNFX1,1.0637483333333337
GRM5,0.0009111633333333334
MTRNR2L10,0.0
LRRK1,-1.7478700000000007
MIR627,0.0
OTOS,0.0
SNORD18B,0.0
C11orf21,-0.3643916666666666
ATG4A,-3.0411294444444446
NASP,4.812405555555557
C11orf71,-0.8169177777777774
MIR5707,0.0
TTTY5,0.0
MESP1,-2.2506010555555553
TP53BP2,0.5954716666666666
GPANK1,-0.25465388888888807
PLAC8L1,-0.002834705555555553
C3orf14,0.43339599999999967
PLXNA2,-2.9274355555555545
PNN,5.528283333333331
RNFT2,0.15690064444444446
ABCC5,-0.68837388888889
CLPTM1L,-0.03863333333333685
MCTS1,1.0606833333333334
LOC100129617,-0.01969247222222223
AGTR2,0.0011474111111111117
TTPAL,1.0827144444444445
LRIF1,0.9970055555555568
AMMECR1,1.6762150000000005
ALDH3A2,-8.644091111111106
NEUROD4,0.0
PRKAB2,-0.4462505555555554
ZNF14,0.10063633333333333
VAX2,0.051943616666666664
SULT1C4,0.007390833333333402
PRKCE,-0.49887194444444427
MIR1470,0.0
GPX7,1.619796388888889
FRY,-0.06448816666666657
APOA4,-0.021725572222222222
EFCAB6-AS1,0.0
CCDC7,0.03885033333333332
NRG2,-0.10382204277777779
ZNF441,-0.13001549999999984
NEDD8-MDP1,0.06435850000000001
TMPRSS3,2.660114777777778
JPH1,2.9375897222222225
MIR4451,0.0
MIR4717,0.0
HSFX2,-0.025863801388888892
PIP5KL1,0.04901037777777778
ANKS1A,1.0324533333333337
BTN1A1,0.06559800000000002
AHCYL2,-59.14306888888889
ARHGEF1,0.8730833333333337
ASAH1,-15.066199999999995
CALCA,0.2673660611111111
LINC00254,-0.005949333333333333
CLVS1,0.2883889444444444
FUK,0.78802611111111
LOC100287559,-0.0013375444444444357
LOC100507389,-0.0015932333333333335
LRCH2,-0.13698744444444444
RASA4,1.8213705555555562
MGRN1,1.5247166666666665
RELA,3.780155555555556
MEFV,0.05121508888888887
SKIL,3.3900927777777774
SPDYE5,-0.010149222222222198
TMEM54,-156.61063333333334
TTTY15,-0.11840951888888873
CENPN,3.670737222222222
NECAB2,-0.06914761111111112
BCL2L11,-4.198855555555556
ZCCHC18,-0.04857425000000004
ZNF556,0.2910101277777778
CDK10,0.3192333333333366
DCTD,9.960427777777777
FLJ21408,0.012465711111111112
HLA-DRB6,-0.2219496516111111
HYAL2,10.19548111111111
KHDC1L,-0.004633072222222223
CDO1,-0.3422261944444444
PRKCH,-0.17113555555555582
RNF11,-5.40603333333333
LCN15,-2.8444764277777765
MALT1,-0.4840877777777788
PRR3,0.18342611111111085
SRC,4.54891111111111
GPRC5D,-0.5651929222222221
UFC1,8.31338888888888
USP18,0.7193150000000004
SPN,-0.9752636666666665
ZNF154,-0.0691389444444444
FAM136A,3.743548888888885
COQ2,0.5286755555555569
LOC100287178,-0.00043415294444444446
TMEM131,-4.997934444444445
STBD1,-12.17667222222222
SLC4A5,0.12144766666666668
PRAMEF16,0.0
LOC653786,-0.004657000000000008
KTI12,-0.26174999999999926
C6orf228,0.8699999999999997
MIR139,0.0
HIGD1A,-87.24223333333333
FAM58A,2.891037777777777
CCDC99,2.0061928333333334
NKIRAS1,0.11916888888888866
NDUFS3,-14.594888888888896
PYGB,16.521433333333334
SNORD16,0.0
TPMT,-3.608271666666667
FLJ38576,-0.021256499999999984
TRAF7,3.228411111111111
MIR4422,0.0
C17orf48,-0.7602011111111118
PRR21,0.0
PRMT7,0.9764588888888897
PRUNE,-0.3805533333333324
TMEM229A,0.0027031333333333296
FCGBP,-98.1242163888889
NOXRED1,-0.04860200555555555
P2RX1,-1.8251799999999996
GEN1,0.41648900000000033
AARS2,0.5841516666666653
LOC653061,-0.3413655555555557
PRICKLE2-AS1,-0.24373105555555563
ASPG,-2.6428469555555556
SYCP3,-0.006627983333333337
ZBTB22,-2.9206277777777796
OR1J2,0.004133222222222222
PMS2P1,1.2616466666666666
GABRE,2.454963888888889
XIRP2,0.003267670555555556
ANKRD26P1,0.0021997483333333332
TMSB4Y,-0.7262681111111111
ZAK,10.710226666666667
ACTA2,-2.2854055555555703
GNL1,1.3280149999999997
CYP26C1,0.006583566666666667
INE2,0.05241083333333324
KARS,21.29846666666667
GOLPH3,1.5765333333333302
GPC3,-0.6937688333333334
NCF1B,-0.5738211666666666
PP7080,-21.095873333333326
U2AF2,5.433011111111114
XBP1,1.311622222222212
LOC100505583,-0.003032626666666667
MIR548AA2,0.0
RBM19,1.1945288888888888
NHP2L1,9.116600000000005
ANKRD20A12P,0.013499772222222262
BBS5,0.6103511111111106
PUF60,11.037294444444449
OR2D2,0.010569588888888887
SCEL,0.12187962222222248
KCNA4,-0.01620296111111111
DUS3L,3.8182583333333326
SETD8,0.09959833333333101
SNRNP70,5.608550000000015
GIF,0.9473973166666666
TNRC18,6.240600000000002
UNK,-0.21796833333333332
ARSD,-2.0724122222222228
NUCKS1,5.818527777777781
TRPM8,-0.002850440000000001
FCHSD1,-0.2454283333333338
TMEM247,0.0
PCDHGB7,-0.12862272222222204
SPTBN1,1.635111111111108
DEGS2,-0.3965039999999984
MIR4753,0.0
SLC12A3,-0.0028284850000000004
DBX1,0.008647100000000001
CATSPER2,-0.08809250000000002
PLEKHA6,-5.952787777777775
ITPR2,-0.07575444444444468
COL9A3,2.0648004444444448
WNT6,-0.11381157777777778
XPO4,2.4659688888888898
DPCR1,0.02357578111111111
HNRNPKP3,-0.002442572222222222
PPIP5K2,-1.056764444444445
LOC728558,0.007098399999999991
MIR502,0.0
MIR506,0.0
CRX,-0.005315164444444444
EGF,0.2224181438888888
IQGAP1,-3.1509333333333274
MIR5091,0.0
VWA3B,-0.1410428388888889
RBBP5,0.42810444444444506
ENTPD3-AS1,-0.061943161111111034
FAM43B,-0.009536983333333346
ATG12,0.9272155555555557
TJP1,-0.19827611111110954
AASDH,0.18118555555555593
RBBP7,11.671300000000002
SLC25A21,0.18926911111111117
LOC150197,0.27977648888888884
LAMA4,3.6327033333333336
LRRC59,9.22820555555554
MIR202,0.0
HS6ST1,-2.1012166666666694
KCNE1,0.008835390000000005
MIR548I1,-4.17807
PCDHGA2,0.03519102222222226
MIR4684,0.0
BAX,5.503733333333329
RUSC2,1.2102405555555555
TRIB1,-4.701740555555553
FBF1,0.3379043333333335
EXOG,0.29660305555555566
SNORD114-20,0.0
VWC2L,-0.005652316666666667
MIR4432,0.0
C9orf78,2.2173222222222186
CREB3L1,3.377088888888892
MIR34C,0.0
CBLC,-2.020259722222221
GAGE8,0.0
ZSWIM1,0.9583433333333322
DIABLO,0.6736333333333349
TNFSF11,0.9241265
FCN3,0.43600175
UTP6,3.6921405555555538
HMHB1,0.054530055555555554
MAN1C1,-0.09900166666666665
CHRNB4,-0.034726711111111114
CRISP2,0.003846794444444445
MTIF3,21.837772222222217
REPIN1,8.016455555555552
PITX1,1.5494561111111107
SLC46A2,-0.04292666111111111
MIR615,0.0
OR5A2,0.0
CLIP2,-5.157607777777777
SLC17A6,0.0
GP9,0.014312538888888893
FMO3,0.24998894444444442
GTF3C2,0.374067222222223
KLK3,-0.8214426222222223
ELAC2,0.2999877777777762
PIK3IP1,-0.5613544444444472
FARSB,10.527031666666662
SPANXA2,0.0
UPK2,0.07957056666666669
ZNF831,-0.1520079666666667
GK3P,0.011816994444444444
MIR4498,0.0
HIRIP3,-0.2947444444444445
CDCA2,0.825688611111111
MIR548AL,0.0
EVI5,0.02837888888888873
MPP7,-1.278433333333333
RPS15AP10,0.0047225611111111065
STOML2,14.569344444444447
TTL,1.0236994444444445
ZNF324B,0.048122333333333156
C7orf13,1.3843430555555556
NKX6-3,0.354645361111111
KRTAP1-5,0.0009448444444444442
IFFO1,-0.40994449999999993
CRYBB2,-0.06989729005555556
MED21,2.9299672222222224
MAP4K2,-0.11668222222222191
PAX6,-0.10699855555555557
PTCH1,-1.8378088888888904
VWA1,7.178673333333334
AP3D1,3.8656444444444418
CREB3L4,0.9539777777777765
EEF1A1,424.98777777777786
FRG2C,-0.0033711333333333333
ZKSCAN1,1.786999444444442
MIA-RAB4B,-0.09735615166666671
C2orf69,-0.19130722222222207
FAM217B,1.5932649999999997
FZD2,0.2354881111111109
FAHD2A,-0.393943888888888
RAD18,1.1132558888888888
CCR4,-0.05057344444444456
CXorf31,0.05171538333333333
BCAP29,-0.2983866666666648
S100A7A,0.0004812788888888889
SNRPN,-4.464303333333337
LOC400084,0.005831127777777778
ZCCHC3,1.5050150000000002
ENDOU,0.002924716666666667
GCLM,1.1873266666666673
SCARNA9L,0.9094909444444444
UTP14A,5.487529444444446
NOL11,3.9876788888888886
C1orf226,-2.1360361111111104
REXO1L1,0.0002245138888888889
EPHA8,0.005095311111111111
IFI27,-120.48898333333335
MIR144,0.0
MSI1,1.023328738888889
ROCK1P1,-0.0020034444444443356
SHANK2-AS1,-0.0007828288888888893
LOC100134868,0.7781501111111111
CCDC61,-0.7498505555555548
MAGEF1,2.6576611111111106
STX19,-2.2209615000000014
ARMC3,0.0015241222222222221
GRAMD1C,-1.4082659444444452
MIR1976,0.0
ADAMTS17,-0.15407028333333334
INTS6,1.7798000000000007
MIR5586,0.0
CBL,0.5950233333333337
NOTCH4,1.3690959444444446
TMEM120B,0.2679282777777777
LOC728855,1.4977900000000002
TRIM24,3.3195227777777774
FGB,-0.08638383333333355
OR10S1,-0.008555827777777778
TSTA3,26.934677777777768
CCL20,68.3497538888889
DAPK2,-2.051179444444444
AIF1L,0.33712044444444444
HSPA14,2.8409144444444454
SMU1,1.8433072222222222
POLRMT,-0.5224777777777803
ARID3B,-0.9493661111111114
ELK1,4.195189444444445
OR3A1,0.0
ADAM2,0.0017456222222222225
KRTAP5-5,-0.06879813888888886
MIR4462,0.0
HLA-DRB4,-7.991990983333334
IARS,14.338435
LOC285593,-0.0004907777777777775
PTPN11,6.0005111111111145
CFP,-0.21563983333333359
STUB1,1.7134999999999998
ACE,0.05032722222222219
METAP2,5.007494444444443
MIR3545,0.0
LOC729732,-0.008370022222222273
RBM12B,0.5424966666666675
RDH5,-4.626261222222224
EPC1,-0.7987022222222215
OR8J1,0.0
PGAM4,0.01700105555555556
FAU,11.837055555555594
OAS1,-14.73017222222223
LOC100505876,1.4022805555555582
MIR921,0.0
LOC440461,-0.033168988888888896
TMEM154,0.35867250000000017
PRIM1,2.77895888888889
NETO2,-1.9161602777777782
LINC00605,0.04366183333333333
RNF186,-13.132191905555555
RTKN2,0.45828872777777774
KRT39,0.12590857777777775
ZNF148,0.1676744444444438
NUDT15,3.6892100000000028
MYH10,0.9202002222222223
ELAVL3,-0.08740118166666667
PMCHL1,0.0
TMEM221,-0.037765316666666666
C17orf53,0.6258271111111111
NOL4,-0.13435586666666666
IQCB1,2.2198255555555555
SNX21,-0.093090000000001
ANKRD49,-0.04020555555555472
AMIGO1,-0.16310072222222227
CDC42EP5,-69.6881111111111
MIR23A,0.0
RAB33B,0.3265361111111109
SPDYE2,0.006853222222222177
EMB,1.0965227777777784
ARAF,-4.164122222222222
PAR1,-0.009790844444444443
TINF2,-2.4706272222222196
KCTD14,1.3780910000000002
KLHL7-AS1,0.06365961111111113
UGP2,-75.58810555555556
CSPG5,-0.010981272222222227
FLJ37453,-0.20706599999999997
LSP1,-16.861151666666665
GAL3ST4,-0.24003500000000066
DDC,5.091261277777779
NAT8,-0.37745422222222214
GPX1,38.50102222222222
DCLRE1C,0.33188111111111107
ELL,0.34086444444444375
C4orf17,-0.0013237722222222221
BOP1,14.207444444444443
TUBA3D,0.01595772222222222
FAM219A,1.8882822222222226
LINC00111,0.0
PSMD11,4.744166666666668
SF3B14,14.561594444444452
TCEAL7,-0.7386892222222223
KRTAP10-11,0.0074961111111111105
BORA,2.991647222222222
BRCC3,2.8744588888888902
LOC151658,0.002435066666666667
STRN3,-0.1528950000000009
RAD9B,0.02130829444444446
CYP39A1,1.7839444444444448
LOC400685,-0.0135744166666667
TRMT13,0.28463722222222243
GBAP1,0.17823272222222242
ARHGAP26-AS1,0.0004174388888888887
AMBN,-0.0023659611111111114
HDGFL1,0.0022409944444444444
MYO1G,-0.9457978333333332
SHCBP1,2.1046243333333337
SLC25A51P1,6.507277777777773e-6
AKAP1,0.03997222222221808
ABCA12,0.07264220888888889
AMZ1,0.006101311666666671
ANK1,-0.04946710555555553
G3BP2,1.9242166666666662
KIFC1,5.142349333333333
LOC644990,-0.10653683333333334
NR3C2,-11.102765944444446
HDHD1,-0.5856994444444421
OR5B2,-0.0014111833333333335
RAB38,0.08465599999999995
HOXB8,6.024202277777778
LOC100128338,4.637217416666666
MAP2K5,-1.0587344444444433
PLGLA,-0.02385907277777778
RBM47,-33.06640777777777
MIR3668,0.0
MIR4645,0.0
KLHDC4,1.2820416666666663
LOC100270804,0.015364411111110976
SERPINA1,9.039961111111111
SH3TC2,0.2427538111111111
ZFHX4,0.05392245222222222
LDB1,-1.224988888888884
PKD1P1,-2.966916666666666
SNORA23,-1.21338
GEMIN6,4.21901722222222
OR4A16,0.0
TLCD2,-4.148358333333333
TMIGD2,-0.7215053611111112
KIAA0895L,0.8373655555555559
GREB1L,0.2806484738888889
MIPEP,5.385510555555555
LINC00347,0.0
GATA6,-1.2914455555555548
CCDC114,0.027874024999999983
LCN8,-0.018245994444444445
TMEM179B,-0.9655555555555608
LOC388796,9.624943333333333
C10orf55,0.3519960333333333
SGMS2,-0.5522372222222218
ING4,-4.71928444444444
PRKCA,-0.6446711111111121
BCAR3,-4.121053888888888
KLC3,0.15303912777777778
OR4N5,0.0
LOC494141,0.001474785777777778
XAGE1B,-0.0007719672777777778
TOM1L1,0.8975622222222253
C12orf74,-0.0768735166666667
PIK3C2B,-1.5637438888888884
BRMS1,1.342155555555557
TP73-AS1,-0.8817281111111108
CTRB2,0.003089411111111111
CCDC64,0.9535746111111112
OR51D1,0.0
FCAR,0.3064311277777778
GPR37L1,-0.36709425
LOC100506136,0.00896408333333331
GAD1,0.38232619999999995
CNN2,28.65328333333333
GATAD2A,1.3301388888888912
LOC339442,0.0
HEY1,-1.19427
MAPK8IP2,-0.275328
RASSF7,-5.286441666666661
HTR5A,-0.0004128388888888888
SLC6A12,-0.1097245833333334
COX10-AS1,0.07162611111111117
GAGE2C,0.0
C6orf108,11.561705555555548
SRP19,2.3803561111111122
TMEM98,-19.89528333333334
CEP76,0.5701353333333337
CENPC1,-0.3959833333333327
LINC00239,0.8717791111111112
C15orf37,-0.2755654444444444
C14orf1,2.0697944444444474
FSHB,0.0
SLC35B4,0.6375818888888887
EIF2B3,3.0162877777777775
CSNK2B,12.54282222222222
LOC100507117,-0.006402561111111111
WDR25,-0.17612666666666676
RNF181,1.9094777777777736
PTDSS1,14.823027777777778
TOR1AIP1,-0.5976616666666654
MIR520G,0.0
GPR125,-4.928716666666666
C20orf160,0.08821772222222224
PUM1,2.2754611111111167
MXD1,-19.379506666666664
LOC285547,-0.0006743444444444447
SLC29A4,-0.4394711111111109
ARHGAP39,1.2989288888888884
SSX7,0.0023486355555555555
FAM9B,-0.001854111111111111
APBB1IP,-1.5442611666666672
CAMLG,2.13483388888889
YTHDF3,0.5673600000000008
ZNF33B,0.5682655555555551
OPN1MW,-0.00043737
CLK2,0.5827172222222234
COBLL1,1.2872955555555552
HMG20A,0.42623388888888947
FKTN,1.2554350000000007
RCN1,43.59012777777777
CAB39,-10.691377777777785
AZGP1,19.13913488888889
NDUFAF4,0.772806666666666
C15orf39,-0.2560283333333331
OR10G7,0.007882055555555555
MIR4803,0.0
CDC42SE1,3.358572222222225
KCTD16,0.1410530133333333
FEZ1,-0.5300883333333335
GNA15,2.1654350000000004
OR4C11,0.0
UQCRFS1,-35.946194444444444
POLR2J4,-0.041913222222222046
DLX4,0.04937015
SCRN3,-0.6614927777777782
SNORD56,0.0
ST7-OT4,0.06872902222222223
ATP4A,0.004134296111111111
SLAMF8,0.012641055555555614
OR2M4,-0.004160394444444444
CA1,-723.440868388889
PMM2,6.81770222222222
DENND5A,1.6296749999999998
C1orf144,-1.6498666666666608
FRG2B,0.0011320166666666668
RABL2B,-0.333426666666667
MFSD3,0.6857661111111124
CLSPN,0.5729782055555555
C9orf86,2.3363833333333304
NOL6,5.994086111111111
C20orf151,1.708600261111111
MON2,-0.9141683333333335
MIR148B,0.0
SCARNA22,9.070766666666668
SKA3,3.969369944444445
PDZK1IP1-AS1,0.04773448888888884
LRRTM3,-0.009629713333333338
PCDHA1,-0.032024392222222225
CNPY3,6.9912722222222214
GRASP,-0.18069611111111072
DOK7,0.2613875111111112
POLR3B,0.2251233333333329
PIWIL1,0.4227033188888889
YARS,7.745844444444446
CNDP2,-7.205655555555559
CDRT15,0.008568404444444446
GRIA2,-0.01668585055555555
VEGFB,1.484313888888888
XKR3,-0.0000748833333333327
JAGN1,0.0196111111111108
SH3D19,-3.6192944444444457
FCGR2A,4.122622222222223
AFF1,-2.5351261111111123
KIAA1430,3.875863333333334
LCE2C,0.0
CDCA7,29.460487777777786
UNC5A,0.057393377777777775
ERCC3,2.362374444444443
OR9A2,0.004527883333333333
SDF4,-20.580961111111108
FOLH1,0.9578716111111112
NT5C3,-0.855147777777777
POLR2H,5.154488888888885
CCR8,0.37768043888888886
PYGO1,0.09768392222222227
RPTOR,0.16303388888888826
USP49,0.13690266666666667
BEX1,-1.2068445722222223
ACVR1C,-1.2021697222222223
DIP2A,-1.5250700000000013
MAPT-IT1,-0.005039922222222222
MLH3,0.34985333333333335
LPA,0.001755826111111112
MRI1,1.0020661111111107
PCDHB3,0.04023736666666669
CCDC169-SOHLH2,-0.06818676094444445
LOC100505783,0.7547411111111106
MTUS2,-0.00886392166666667
HIST1H3G,1.5468813333333333
SNORA53,-0.14869244444444452
ZSCAN12,0.1654808888888888
PTH,0.0
LOC170425,0.35547802222222225
LOC100289187,-0.055454466666666674
MIR711,0.0
DAPP1,0.25544211111111115
EMX1,-0.11542246666666664
RBM4B,-0.4399338888888886
CLEC4A,0.3566781111111117
SELO,-0.599949999999998
CDT1,3.203313722222222
MIR1298,0.0
GPR89C,0.000525725
EPG5,-0.3683886666666665
EMID2,0.014686460555555551
PPARA,-1.4458288888888893
FAM163B,-1.5544571555555557
CEP120,0.21168888888888882
MAP7D1,0.7320388888888907
GUCY2C,-1.6572447222222202
MAMDC4,-1.468108722222222
PART1,0.15449923333333326
SLC22A1,0.0065236833333333355
C5orf4,-2.7101645000000003
PLSCR5,-0.011942888888888888
KCNJ1,-0.007736155555555556
HPS3,1.1931761111111117
PTHLH,0.2482956111111111
MEF2BNB-MEF2B,0.012045333333333463
FAM196A,-0.022259952777777772
C15orf62,0.16958683333333335
DHFRL1,-0.4884783333333331
DNAJC3,2.364461111111112
PDCD11,3.38868
KRT6B,2.078777788888889
MIR4680,0.0
OR2Y1,0.0
TCP1,23.808622222222226
GIMAP4,-3.086275555555556
LOC730101,1.2719157222222224
LINC00602,0.06688793333333334
TARM1,0.0034390222222222223
FAM150A,1.9749472055555553
NDUFA8,2.0139444444444408
UNC5CL,3.75515111111111
CXorf66,0.0
FAIM,1.7491022222222217
POLR1C,10.682619444444445
DDX11L2,0.014913286666666636
SVOP,-0.15971474444444445
ZNF682,0.01610758888888897
LINC00313,0.012462044444444445
C17orf74,0.0
STK3,2.6289083333333334
H2AFY2,3.085941666666667
MAGEA2B,0.07914290555555556
MIR4302,0.0
BPIFB3,0.0020730055555555557
CGREF1,5.064173666666665
POLR1E,3.4630888888888895
DCXR,-6.3305944444444435
RDH13,-0.7229999999999999
SATB1,-0.17037888888889086
STEAP1,1.677382777777778
TMEM86A,-0.11129855555555523
TOP3B,-0.4725377777777777
ALG8,6.05654
PNPLA3,0.12110458333333335
HIPK4,-0.01746655
FLJ41941,-0.042655799999999994
MIR518C,0.0
PFN1,-103.78116666666665
LOC399715,0.0316497388888889
LOC79015,0.016187194444444455
PHF1,-3.2773216666666656
IKBKE,-0.5779577777777769
MIR4761,0.0
MIR937,0.0
PRSS55,0.0
SF3B2,5.383472222222224
PER3,-1.1003102222222223
SLC24A2,0.008394655555555556
CLRN1-AS1,0.003309361111111112
MAP2K1,1.488505555555557
MIR4733,0.0
FGF1,-0.002746366666666611
TIMP2,3.81732777777777
LCP1,-6.149095555555554
LINGO3,-0.19583085555555554
LOC100129175,-0.044456261111111145
SUSD3,0.2507555555555552
DEFB135,0.0
CWC15,3.027372222222226
ANKRD17,1.0803988888888902
MIR876,0.0
AP1B1P1,0.005143738888888889
BK250D10.8,0.00962106666666667
GDPD5,3.705505277777778
FLJ43860,0.0019606327777777766
AKR1D1,-0.0015114722222222213
LOC100506757,0.014041855555555557
LOC100506649,0.09687122222222233
PSKH1,-3.5445922222222226
MBLAC2,0.19983799999999974
MYT1L,-0.03207072777777778
PRINS,0.006444427777777777
S100Z,-0.05497530555555556
IGFL2,1.0903885111111111
LIG4,0.0769366666666671
NR2E3,-0.010726099999999999
CENPK,3.0897338888888886
PCDHA13,0.0251152
AGPHD1,-0.06367938888888869
EHBP1L1,-0.7659205555555566
LTN1,-0.031717777777777734
FAM82A2,0.7836222222222187
MBL2,-0.0031316722222222253
OR7A17,0.0
POLA2,2.4443438888888886
LINC00582,-0.1591503944444444
ADAM33,-1.969528277777778
TSPAN1,-342.71795444444456
TNN,-0.016888872222222212
TCF20,2.0754366666666675
TSPY4,0.0007523061111111111
GIMAP7,-3.3888661111111116
RTP2,0.0020290444444444446
HGS,0.8739499999999971
HIST1H2AK,0.6664258888888888
LCE6A,0.0
KRT10,-0.012931666666665897
ABCA9,-0.4802051499999999
LAP3,5.3360666666666745
PEAR1,0.12019644444444433
OR6C70,0.0
NR2F2,0.08909055555555412
SH2D3A,-0.32768994444444566
RGS9BP,0.008627566666666663
GAPT,-0.20697381111111113
ACOT9,4.521030555555557
LARS2,2.0702638888888893
OXTR,0.21652201111111113
SNAP29,-2.3995438888888883
FAM71E1,0.5495366666666675
SDHC,1.7560999999999964
SNORD52,0.0
MIR4534,0.0
KIAA1609,0.5373955555555554
KIRREL3-AS3,-0.0011638888888888888
MOK,0.4145008333333333
06-Mar,1.5655666666666654
SH3RF2,-1.8457613888888886
DEFB115,0.0
CAMKV,0.1644840488888889
MYBPC1,-0.34994954777777776
RFX8,0.048997305555555565
SIRT4,-0.15257844444444446
LHX8,0.0
KLRF2,0.013200488888888886
WDR19,0.22720299999999982
UBC,-111.50683333333336
NDUFV2,-20.040850000000006
MIR3975,0.0
OR11H1,0.0009710555555555556
MAPK1IP1L,-0.34360500000000194
CCDC134,0.21366244444444438
SLC38A6,-0.05362666666666671
AURKC,-0.07249810555555553
FDCSP,-8.062262222222222
LOC728373,0.0009768565
LOC92249,0.5457127777777773
RPS23,36.48349999999999
FBXO5,2.712156111111111
USF1,-3.075216666666666
WDR76,1.068863777777778
LNX1-AS1,0.0
REN,-0.0023778111111111
ZNF34,0.061144666666666625
PLCE1,-6.363758166666666
TFAP2D,0.0
REEP4,-4.309191666666667
CAPG,20.3375388888889
GYLTL1B,5.84788375
APOL1,7.307793333333338
FBXO44,0.16687555555555544
OR4A15,0.0
FLJ40292,0.017380300000000008
SELM,8.19003333333334
SLC18A2,0.2741955555555555
TRIM53AP,0.0
OR5V1,0.0
TSC22D3,-13.826477777777782
CHKB-CPT1B,-0.23080605555555567
ITGA4,-1.5637061111111112
CCNG1,-6.9381944444444485
LOC100128288,-0.13808710000000002
IDH3B,-3.6186555555555557
LOC148696,-0.014124659444444437
MIR520E,0.0
C3AR1,0.1638162777777774
FAM204A,1.4901850000000003
NDUFB1,-45.647394444444444
UAP1,-9.608144444444449
MCM3AP,0.036574444444445575
LOC254559,-0.1181302338888889
SNORD114-15,0.0
ABCB4,-0.07545201666666662
CPA4,0.10025033888888886
FLJ22447,0.10144757222222223
LINC00294,-1.471633888888888
MIR135A1,0.0
TAP2,3.0653277777777745
EIF3K,-22.51902222222219
ZNF516,-0.16342944444444396
MIR2355,0.0
RBMXL3,0.0
PTDSS2,0.8724405555555563
ZNF750,0.20611484000000002
THAP4,-10.12691666666667
LOC349160,0.0
DESI2,1.7978449999999988
INSM2,0.0033517888888888892
FRMPD2,-0.0013820661111111077
CBLL1,1.669326666666664
KRTAP9-9,0.0
LIN37,-0.43912444444444443
LOC100506776,-0.41145509999999996
MIR4655,0.0
C14orf43,-3.2954655555555554
MIR3141,0.0
MIR548AU,0.0
IAPP,0.0013253333333333333
KCTD2,-1.717772222222222
MICALL2,-1.0933177777777772
OR5F1,0.0
SND1-IT1,-0.0028839611111111108
NDUFV3,-1.6206083333333332
TBX22,-0.001201138888888889
ZNF208,-0.013798250000000012
C20orf20,8.9875
FZD9,0.24712619444444445
MIR941-1,17.71227777777778
GJA10,0.0
FSIP1,-0.0575232277777778
STXBP2,-4.951648888888883
CHODL,-0.6056857444444443
LTC4S,-2.019427888888889
RRP7B,0.41335499999999925
NDUFS6,5.912922222222221
HILPDA,14.453272222222221
SDC1,-4.506753888888895
HPVC1,0.0
BET1,2.056463333333334
AADAC,0.27865935
ACRC,-0.026335644444444417
SERPINB10,0.0010810833333333332
LOC407835,0.00681490988888889
STX8,-3.915451666666666
RNU5F-1,0.0
OR1K1,-0.010556033333333334
LOC285084,0.002189661111111113
WIF1,0.8161683833333334
SNORD1A,0.0
RIPK1,-2.0937844444444433
FKBP2,-16.965416666666663
FMO9P,0.0
C8orf33,5.455836111111115
KIFC3,2.2994999999999997
OR6P1,0.0
CASZ1,-2.343703333333335
SSSCA1,4.65149222222222
TOMM70A,4.652994444444445
UBR2,-1.1234761111111098
GHRHR,0.0057838
ATP6V1A,0.09122833333333347
C4orf26,0.0007320499999999945
EPHA4,-0.14012661111111147
HOXB3,2.318276666666666
KCNA2,-0.03196325555555557
NUTF2,32.96878333333334
ETNK2,0.17357305555555558
PDIA4,27.531066666666668
FES,-0.48815166666666654
PIK3R5,-0.5554231666666669
CNNM1,-0.04538485000000003
CORIN,0.1714740577777778
LMOD3,0.0030523722222222174
SLC35A4,-9.768988888888885
PHF15,-0.5851505555555558
SNAP23,-3.096927777777779
TMEM222,-0.37459111111111376
TMEM47,-1.400583888888888
HIC1,-0.38198833333333404
LUC7L3,0.4215277777777793
SCMH1,-0.4964788888888876
BAIAP2L2,-9.16009722222222
EFHD1,-0.4893565555555559
MYL12B,-80.59500000000003
ANKRD50,0.8531583333333339
LACTB2,9.346062222222223
LILRP2,-0.04887942666666667
CNKSR2,-0.05223019888888891
NIT1,-5.295957777777774
P2RY2,-2.3022972777777775
C9orf69,0.8360777777777813
ANGEL1,1.918824444444443
LOC100131551,0.011920294444444444
MIR3684,0.0
MIR381,0.0
FAM82B,-0.3597022222222215
PSMB3,21.08702222222223
AQP2,0.0039282894444444445
MARS2,1.9194555555555555
PRAMEF5,0.0
CCDC58,6.9649561111111105
CXXC1,-4.487830555555558
LOC100128993,-0.0013432388888888896
LOC100505619,0.0
NUP62,4.051783333333336
MLEC,15.051988888888872
ATP5J,-11.613316666666677
LOC100507373,-0.052988666666666684
SFXN2,0.5315817777777778
SPAG6,-0.00708396111111111
TMEM125,-8.967437944444445
MAPKAPK3,5.106209999999997
GPX8,2.881354388888889
LNX1,-0.533631166666666
ZNF257,-0.07131830555555557
ZNF189,1.0865522222222221
USHBP1,0.1182102777777777
ASB2,-2.796370222222221
LSR,-11.935916111111112
B3GALT4,-5.2752872222222225
MIR181A2,0.0
STARD9,-0.16279055555555544
RBPJ,1.3830866666666655
CMTM7,3.742215
PSMB8,10.389427777777769
LOC643770,-0.037455000000000016
DUPD1,0.009744372222222224
FAM75A4,0.0
IFNAR1,-1.1364444444444448
ALS2CR8,-0.007931222222222312
ESRRA,-10.771572222222225
PLA2G2F,0.03717100222222222
CLDN3,-62.272332222222246
SNORD19B,0.0
C8orf86,0.0
LOC338651,0.195186011111111
MIR3180-4,-8.200480555555554
TMEM234,0.06666444444444419
LGALS8-AS1,-0.06143487222222227
RP11-165H20.1,0.0
TATDN2,0.5178916666666655
NUDT4P1,3.325688888888891
LOC392364,-0.11361757777777777
MMP24,-0.23458033333333317
LINC00112,0.0
PVR,4.892758333333336
ZNF480,0.7509699999999997
C8orf87,0.018985944444444444
CD79A,-22.351157777777775
MIR3199-2,0.0
FLOT1,10.264761111111113
RECK,-1.151316666666666
NDUFC2-KCTD14,4.981438333333335
PDLIM1,-40.22202777777781
KIAA0125,-0.756518666666667
ODF3B,0.7400233333333333
PPP6R1,2.4117555555555548
FAM120B,-1.252461111111109
SPRED2,-3.159292777777779
DIRAS2,-0.10905596666666668
BRF1,0.019167777777776784
CD101,-0.41910527777777773
LOC100131289,0.3149642833333335
MIR604,0.0
PTER,0.8640477777777784
TRAM1,11.197316666666673
PMPCA,4.390172222222223
LOC282997,-1.3979577777777774
DDX60,-6.020808888888888
MRPL38,-0.07763333333333478
CNTN5,-0.018665335000000005
OR10AD1,0.02284364444444445
ARX,-0.020899444444444415
NMRAL1,3.522027222222224
OR8H1,0.0
CD68,-9.529988888888873
LOC645513,-0.09059222222222152
MAGED4B,0.5027536666666668
USP51,-0.10456913888888886
CSNK2A1P,0.13363788888888894
ANKRD40,0.26473555555555706
NGRN,3.410361111111115
RAX2,-0.0018805222222222223
ZACN,-0.005084711111111109
LOC339505,0.0012776383333333334
C2CD4D,0.2835256666666667
MED17,1.400361666666666
NME6,0.32692722222222237
CCNE2,1.9440034444444447
C1QTNF6,2.1871994444444445
ECI2,-15.99807388888889
CELA3A,-0.07251116111111111
GBA3,-6.496988944444443
HIST1H2AG,1.3216945555555557
HOXB1,-0.006029100000000001
FAM161A,0.1270231666666667
LOC100133612,-0.28045764999999995
SNORA64,20.065716666666663
SNRNP27,1.6470166666666657
MAT1A,0.1943083611111112
CAP2,-1.4169491111111112
CCND2,3.49757277777778
RBM10,0.3923222222222229
ALDH9A1,-5.221766666666671
ADPRH,0.1560322777777774
PTS,4.130268888888892
INTS12,0.8424688888888898
OR3A4P,0.0
DOCK1,-1.5218472222222221
MIR758,0.0
PACSIN3,2.384787111111111
LOC731424,0.09826571611111111
PPP1R2P3,-0.002253820055555556
AP1S2,-1.194439444444444
ACLY,13.099483333333332
SMAD1,-1.634471111111111
LINC00113,0.0
TMEM88B,0.04238636111111111
ATP2B3,-0.03536419833333333
CXCL13,-10.215762777777778
LOC100289341,0.16014883333333307
CT47B1,0.0
FAM178B,0.11831375555555554
TIGIT,-0.6501345555555555
FAM101B,0.9381544444444443
LOC340113,0.0011811777777777778
SNURF,-2.3517044999999994
NUDCD2,3.2807166666666667
OR1L8,-0.010196677777777776
C11orf68,-1.2782227777777742
CRB3,-3.684963944444444
KRT33A,0.0
OR6W1P,-0.005999372222222223
SCN8A,0.06720741666666674
LOC283070,-3.3523247777777776
ZC3H18,2.5428088888888887
CNOT7,0.4416722222222198
CDC42BPA,-1.324701666666666
ITGB3,0.779042888888889
LOC219731,0.01357330555555555
RFC5,1.79995
LRRC17,-0.23453094444444456
ZNF300,0.032221222222222234
PTGER3,0.5929187222222221
RASA1,1.6267038888888887
SPATA24,-0.07746111111111142
LOC647012,0.004511949999999999
C20orf26,0.007993689999999998
APLP2,-36.22570555555552
TRIM51HP,0.0
RHOH,-1.2789246666666672
ITSN1,-1.0807472222222225
AA06,0.0
C11orf30,0.007710555555555665
CRADD,-3.3015116666666655
FAM100A,2.109387777777778
GNAL,-0.2160238888888888
05-Sep,-0.2841647777777778
LOC100506497,-0.007110133333333338
NTN5,0.005060994444444439
C11orf57,1.2000405555555549
NPSR1-AS1,0.16475001111111115
LOC100129046,-0.5449165444444448
LOC144571,-0.08160362222222223
PPFIA2,-0.060072600000000004
ZBTB17,-0.9182188888888891
RNF145,2.8865777777777772
KLHDC2,-7.494627777777776
FLJ44635,-0.006055611111111109
CACNB3,1.0541888888888886
RPS6KL1,0.4931889444444444
CHTF8,1.6378333333333366
KCNQ5,-0.113576135
LOC100288911,-0.7637132222222223
RUFY2,-0.09730666666666687
LOC402160,-0.010407166666666669
FUCA2,3.319622222222229
SEPHS2,-17.899316666666678
EOMES,-0.06391375555555556
PPIL1,7.941449444444444
HIST2H2BA,0.015412354999999989
KIR2DS1,0.0031874850000000003
ANKRD42,0.014651999999999887
ACOX3,-0.8141616666666676
SNORD114-8,0.0
RAB6C,-0.00898733333333332
FAM35A,1.0367838888888876
MIR3622A,0.0
LRP3,2.6670461111111123
MIR3914-2,0.0
TMA7,19.104433333333333
STT3B,12.431255555555552
LILRB3,0.34839166666666666
GATA2,-0.6433967777777778
TRNT1,2.6882711111111117
USH1C,-2.313754833333334
DHX16,0.21404444444444515
VAMP5,1.8669444444444458
ZNF559-ZNF177,0.009413852611111162
EML5,-0.14520380000000002
GFER,-1.9306988888888892
LOC100302650,0.1978503333333333
EPB41L4A-AS1,1.8806233333333324
C16orf87,1.3038477777777775
ARHGAP5,-0.2003716666666655
C10orf95,0.3690200777777777
DLD,-4.236711111111113
POP5,0.875616111111114
ZNF775,-1.121731111111111
CRHBP,-0.1690896222222222
CCR2,-1.7222398888888886
TRO,0.12751394444444442
TMEM156,-0.8289144999999999
TAAR9,0.0
LOC100507557,-0.08115705555555558
MAGEA6,0.1648898
TMEM105,0.15017014444444446
ADRB1,-0.5331106611111112
NUAK1,1.3430903333333335
LRP10,-29.001766666666683
RAB11FIP2,0.8243044444444441
DISC1,0.12061061111111115
ZNF710,0.033878888888889236
LOC100506071,0.09847316666666667
LOC285000,-0.001564133333333332
GLO1,21.431727777777773
LHFPL5,-0.004163644444444446
LINC00264,-0.010917822222222224
SNX8,2.197375
FGD5,0.8677744444444446
CCL24,19.112581666666664
SNW1,0.4798888888888868
CS,-1.6773444444444436
HRC,-0.08788407777777776
KIAA1109,-1.356949444444445
MYH9,0.25393888888886806
NIPSNAP3B,0.01504810555555558
NUBP1,0.9605972222222228
PTPRO,4.192480555555555
LOC643723,-0.00814221666666666
QRSL1,0.9285461111111113
NCOA2,-0.6475949999999999
PAPSS2,-34.169018333333334
MIR600HG,-0.1790182777777778
LINC00443,0.0020001
SNCAIP,0.6204642333333334
TTTY17A,0.0
SH3GL1P1,-0.012929349999999978
MIR4262,0.0
NFIL3,0.3807661111111109
KREMEN2,0.45141222777777773
MAP1B,0.04891488888888884
MYO6,2.137296666666666
ORAI3,0.31309444444444523
RIMS2,-0.0044371488888888914
MIR3132,0.0
PACRGL,0.7349405555555544
MALAT1,-14.183583333333353
NME4,13.354766666666666
CBY3,-0.08262542222222222
ABLIM2,2.1835972222222217
PDHA1,-4.246516666666672
NUP133,2.795247777777778
PLA2G4C,0.165438722222222
DHRS4-AS1,0.23347555555555566
COX18,0.6064333333333334
KLF15,-0.1125962611111112
SNORA39,7.298794444444444
MIR4797,0.0
SMTN,-5.552212777777775
PAX5,-0.5709113499999999
ATP6V1E2,0.2353695277777778
OR4F5,0.0
DTNB,0.7436623888888887
MIR378C,0.0
MOGAT2,-19.143510388888885
ZCCHC12,-0.06258703888888886
POU3F2,0.0021713699999999997
DBP,-1.1131372222222224
SLC39A4,7.98370222222222
LOC100506801,-0.04319257222222221
MIR605,0.0
SULT1B1,-28.96319077777778
KRTAP19-7,0.0
FANCC,0.6348361111111114
GABRA4,0.0024641177777777745
MTHFR,-1.0250872222222216
EIF4E1B,-0.0007485833333333333
EPHA10,-4.260845722222223
FLJ41278,0.0001188166666666662
LOC100505622,-0.06129338888888888
RNU6-76,0.0
S100A8,13.209128333333332
UNC93B1,2.447562777777776
PSG4,-0.00016256111111111107
ZNF423,-0.1593319999999998
KRT28,0.0
PCDH10,-0.08495437944444446
CTSG,-4.267411388888888
LIN54,-0.4683055555555553
FLJ31662,0.0
FAM123B,0.49302500000000016
HTR7P1,0.10455166666666671
CHTOP,3.6441777777777773
MIR3186,0.0
FLAD1,4.449333333333334
NET1,-15.782627777777783
MED23,0.10732666666666635
CATSPERD,-0.00007905555555555563
PPP1R14B,16.38583333333333
SCARB1,3.3707722222222216
SNORD36C,0.0
HRH3,0.0024173722222222242
TECPR1,-0.8451233333333334
ANXA4,8.064911111111115
TKTL1,0.03160333333333333
HOXC5,0.01446031666666666
METTL7A,-32.33277444444444
ODZ3,0.048808005555555645
CACNG3,0.0
TRPC5,0.00013972888888888891
UBQLN2,2.0581372222222214
POM121L9P,0.00846090555555555
ARHGEF9,-1.9702350000000006
GGT1,-3.912015666666669
TXNDC11,-7.964843888888893
SNORD114-25,0.0
AKAP2,0.5746677777777762
CDRT7,0.0
ATP5G1,-40.219005555555555
GSTT1,-3.9360981555555536
SLC34A3,0.1218739388888889
C1orf173,-0.02937693722222222
LOC100507206,-0.008997800000000002
NDFIP2-AS1,0.0
SLC25A23,-19.484255555555553
HN1L,10.338643888888889
SEC24D,5.41055388888889
SNAP91,-0.21420205555555555
VPS28,-9.13632222222222
CHSY1,2.0697744444444455
RFPL1-AS1,-0.024451368888888884
STX1B,-0.018450994444444424
MANSC4,0.0036248777777777835
PLCH2,-0.3022186666666665
CYB5RL,0.0887563888888887
GCHFR,1.3335316666666674
GNPDA2,0.5003594444444444
FAM75A6,0.0001245188888888889
IL15,-0.7305033333333333
LRRC37BP1,-0.41581555555555605
RGPD1,-0.06686336666666667
SAR1A,5.757961111111115
LOC727710,0.011829272222222222
GTF3C3,3.0476405555555557
ARL6,0.396385
IL3RA,-0.15548944444444412
MSTN,-0.0898929833333333
SELRC1,1.2531822222222235
SNORD95,0.0
FAM43A,-0.2520100000000003
SLC22A8,0.0
OR5K4,0.0
WWOX,1.1902994444444448
RBCK1,5.770072222222222
SNORD12,0.0
LOC399744,0.3391496666666669
LRRC32,5.138061666666667
LINC00319,0.04330822777777778
FAM155A,0.13821336666666667
LRRC33,-0.3329053333333334
MIR574,0.0
PPDPF,26.125638888888858
RAE1,11.187733333333334
THAP2,0.10397605555555556
ANKRD13A,-6.048735555555552
C8orf42,0.09672094444444435
TRIM13,0.11766222222222122
C10orf32,-1.3988983333333334
FRA10AC1,0.33106888888888886
MIR2054,0.0
DCTN4,2.0989216666666675
PGAM2,-0.17123755555555564
UBE2Q1,1.200855555555556
UCP3,-0.06442639999999997
LOC100287944,-0.004129400000000001
ZNF800,1.1872944444444444
MGAM,-0.16187332222222225
BTBD18,0.003213441111111111
EPS15L1,0.7335255555555555
LOC100288432,0.15291766666666684
MIR555,0.0
MIR548N,0.0
SERHL,0.04791676666666664
JMJD6,1.9955066666666692
SETD2,-0.489337777777779
B3GAT3,0.30280555555555466
DBH,-0.022284919999999986
PPP2R2C,0.05771765555555558
C14orf38,0.0237377111111111
FAM92A1P2,0.0008101777777777778
TPBG,1.9995272222222233
NUDT17,-0.13035149999999995
ZNF524,-1.198246666666666
ARHGEF17,1.184200555555555
DDX58,-1.1034511111111103
DHX40,0.9230677777777796
FBXL4,0.5404122222222227
MFI2,5.625372777777778
MIR26B,0.0
MIR556,0.0
DDX4,0.0022479166666666663
MDS2,0.008384199999999998
NKAP,1.4646644444444448
RPA1,-0.2131405555555581
S100A14,-70.97858099999999
DUSP18,0.9753366666666667
LOC286059,0.0026529222222222227
GSG2,0.536545
SAA3P,0.0
SNORD114-7,0.0
TNFRSF10B,5.978330555555559
LOC100131067,-0.23639433333333315
MIR4799,0.0
TNFSF14,-0.22942561111111115
WDR45L,6.219422222222228
ESRP1,0.3886591111111102
WT1,1.0121076777777778
KIAA1210,0.0003310927777777777
CLDN1,18.551378222222223
MANSC1,5.476761111111113
RINL,0.18381950000000002
RPL41,205.32888888888783
MIR3926-2,0.0
SDK2,0.07214587222222224
CDKN2AIP,-0.31316166666666945
ABCC11,0.002790960555555555
CCDC34,2.982952222222222
CHMP1B,-15.99282222222222
LOXL2,11.647906111111112
MFAP4,-27.07147555555555
PABPN1L,-0.011112394444444444
SLC6A2,-0.04407852777777778
ZBTB42,-0.5819405555555557
ZYG11B,-0.8040344444444449
CTCFL,-0.004352994999999998
HAUS1,1.998232777777778
C3orf22,0.0
TOP1P2,0.00043367777777777766
USP32P2,-0.5085045
C2orf49,2.415707222222224
CDHR3,-0.023595411111111075
MIR558,0.0
MIR1262,0.0
PLK5,0.01193148888888889
TMEM233,0.01957208888888891
CLEC12A,-0.07078756111111117
KCNE2,-0.3095129
KRT34,0.002911761111111111
ABHD6,-1.7290611111111112
MIR548AX,0.0
NAPEPLD,-2.7395477777777764
NHP2,28.193533333333328
PCGF1,0.8804494444444462
MIR146B,0.0
MIR4755,0.0
UHMK1,-0.7615255555555542
ZGLP1,-0.03516223888888892
ABLIM1,0.18642666666666585
SNORD116-22,0.0
DPM3,-7.8976333333333315
MIR548AC,0.0
TMEM92,1.041408961111111
RFT1,1.0893333333333337
LOC100289561,0.7277972222222227
COTL1,5.871638888888889
NUP62CL,0.9541714055555552
TSPY26P,0.012301777777777745
MIR1324,0.0
EVX2,-0.07640398333333336
COG5,3.2213144444444417
PELP1,1.126544444444443
YAF2,0.7914494444444449
NELL1,-0.050689988888888926
ZNF697,1.0209776666666666
C8orf58,-0.14682638888888855
ANKLE2,1.6495683333333364
PDAP1,10.356111111111112
PLCL1,0.00632472222222219
BMP10,0.0016764444444444444
EIF5,-1.8090111111111113
CYB5R4,0.13307499999999983
TBXA2R,0.09144205555555551
SLC22A15,0.23753488888888896
JAM2,-1.3365652222222226
SNORD115-7,0.0
LOC730811,-0.0013541055555555555
CDKN2D,-0.26078833333333407
SNORD31,0.0
CNN3,8.416583333333328
ADAMDEC1,-101.94252472222222
COL4A2-AS1,0.0512618888888889
HOXA7,0.001350833333332968
KLC2,1.9770355555555552
LYRM1,3.5538600000000002
USP17L6P,0.0024069016666666667
CASP5,-11.80940988888889
GTF2B,-1.6141466666666666
ZNF498,0.051000555555555493
ZMYND12,-0.316275611111111
SNAR-G1,0.0
NPM1,176.74733333333336
TRDN,-0.026204920555555553
MZF1,-1.017571666666667
GJC1,0.22694350000000008
HS3ST3B1,-0.2288068333333333
LOC100507632,0.0002888888888888941
LOC284757,-0.023341183333333335
CPEB1,-0.34755595000000006
NUSAP1,5.697593888888891
ANGPTL5,-0.03556256111111111
COBRA1,1.8483055555555516
RPS6KB1,0.4117011111111122
SERPINA11,-0.11167515555555552
ATP6V0D1,-25.189916666666676
MYO16-AS1,0.0739113888888889
NPDC1,8.299977777777777
COMMD7,4.2563611111111115
CHD5,-0.0668381888888889
GCSH,6.942238888888889
ZNF528,-0.3479008333333332
CLVS2,-0.028820227777777777
GPNMB,-18.11154555555556
RBM27,0.9161949999999992
SEMA3E,-0.37757328333333334
FJX1,1.6494587777777778
ATP1B4,-0.000902945
CTDSP2,-15.555511111111116
JPH3,-0.11760232222222224
LNP1,0.035553055555555435
B9D2,-0.7483472222222218
CDC42EP3,-0.8129172222222216
ID4,-0.7869302222222232
PPP2R5E,-1.473429999999997
SOS1,-0.7405322222222228
CFLAR-AS1,0.02025965
EFHA2,-0.08540307222222221
TBR1,-0.0015657222222222223
FAM120C,0.44167199999999995
FAM103A1,-0.47814944444444407
MIA3,-0.7039283333333346
ZNF680,0.6069127777777779
RCE1,-0.7151088888888886
LOC284798,0.035331633333333334
GNG12,-21.84222777777778
TSPYL6,0.0009458150000000002
WDR1,-17.178055555555574
LOC100128881,1.8852195555555553
FKBP14,1.6000138888888888
SMPD4,4.621623888888889
QPRT,15.829916666666673
ZNF322,1.224909444444445
CDK5R1,0.24434077777777774
ARHGAP33,-0.2553914444444447
DIS3L2,0.8930161111111117
ENTPD8,-13.20865185
MPP5,-3.222385
TECTA,-0.0025465900000000014
ZNF584,0.46327799999999963
CARKD,1.7858555555555533
SNORD116-1,0.0
PKN2,-1.4927799999999998
ESR1,-0.12809732777777777
INSIG2,1.7688122222222242
KCNJ15,0.3726383777777778
LOC148189,0.08767361111111116
OR4C6,-0.008731238888888888
PNKD,-13.12896666666667
DSC1,-0.0001286272222222242
OR1D4,-0.007670333333333333
PUM2,0.6532222222222259
ZFYVE19,-1.4345188888888885
TMEM106A-AS1,-0.002774500000000013
C22orf23,-0.27686327777777775
ODF3L2,0.02698002777777779
PPFIBP1,1.221948888888888
LINC00534,0.0
IL21R,0.017627055555555604
NMNAT3,-0.15824222222222195
SLC5A11,-0.5185249944444444
LRRC4B,-0.3801536111111111
LOC645434,-0.00041350555555555446
C20orf203,-0.002858089444444446
LINC00222,-0.013263627777777775
MAP2K2,-11.284205555555559
MIR3689C,0.0
MYBPC2,-0.07767653555555554
FER1L6-AS1,-0.0008681444444444445
TOP1MT,11.407849999999998
GSTA2,0.11841046688888886
LOC340017,0.003706794444444444
ATP6V0D2,-1.5192633
SCPEP1,-1.104547222222223
NLRP11,0.03466564277777777
CCL21,-10.678165999999997
OPLAH,-0.45824
MIR455,0.0
SNRPB2,13.301205555555555
ZNF292,0.2672422222222224
FAM81B,0.010559049999999999
SLC24A1,0.2026283333333334
NEUROG3,-0.15606474999999997
KCTD20,5.507072777777777
ADTRP,-40.23635022222222
RASSF6,-2.9143313499999985
CAMSAP3,1.3988456666666682
MIR362,0.0
PTTG1,15.402995
CBX8,2.0907522222222217
GLYATL1,0.47120196666666664
C7orf60,0.4297877777777779
IL17B,-0.15156867222222214
INVS,0.5557772222222219
SLC25A53,-0.05725893888888889
CCNT2,-0.7838961111111109
CSTA,0.1359356111111114
SPG20,-0.2699000000000007
CDKN2A,1.611514333333333
C8orf56,-0.06775516666666666
TMEM89,-0.11284134999999999
STK39,-1.3953372222222242
VAV2,2.4576100000000007
C1QBP,6.934188888888883
WDFY4,-0.6014308888888888
KRTAP21-3,0.0
MIR199A2,0.0
NOTCH2,-2.0331094444444453
GATA3,-0.21907661111111099
CPA6,-0.9439108277777777
ODF1,0.00015180555555555585
PIGL,0.18515777777777798
PLEKHD1,-0.009927472222222221
SELV,0.0017549222222222223
MYH15,-0.11137202333333335
PAPLN,0.06278272222222192
AFAP1,1.2541561111111097
GPC5-AS1,-0.006108888888888889
MED26,0.30338666666666647
MORF4L2,33.472105555555544
LOC144486,0.019795505555555537
PPOX,0.05070611111111045
KISS1,0.5164642166666666
ICT1,2.311028333333333
IL25,-0.004537533333333333
TREML2,0.04723016111111117
WDR24,0.47366666666666646
ADM,3.4269244444444453
KIAA1024L,0.0
PINK1,-20.75785944444445
TSKU,-0.46415444444444276
DGCR9,0.010915461111111111
SEMA3D,-0.5575719499999999
SOX21,0.0016811833333333342
ZSCAN29,0.008646666666667358
RAB37,-2.4476446666666662
THOC6,4.967166111111112
MIR548H2,0.0
ZC3HAV1,-0.08553555555555459
LOC100130275,0.09888943888888889
TDRG1,0.015309094444444445
NAA50,4.6691888888888915
C15orf48,-348.09772388888905
LOC100130539,-0.027369583333333333
RPS3A,136.3362222222221
ZNF391,0.32643305555555546
EFTUD1,-1.3445005555555563
HACL1,1.2359172222222234
CTNNA2,-0.30514402222222237
RNF123,0.04277444444444445
TBC1D3F,-0.3707400555555558
C18orf61,-0.010301894444444442
GRIN3B,0.013922566111111104
GXYLT1,0.3004305555555562
GFOD1,-0.21199199999999974
NUP155,2.4853461111111117
PEX12,0.26459833333333416
SDAD1,3.1175216666666685
IFI44L,0.6978242666666665
MAEL,0.3862123055555556
SUCLA2,2.77526111111111
TOP2B,2.3789555555555566
FAM124A,-0.08156746666666675
ZEB2,-2.1762555555555547
GPX6,0.0
KPNA4,1.7967127777777758
LOC100132273,-1.5070575555555552
MDN1,0.40083222222222226
SLFN13,-0.1340527777777777
CHRM5,-0.04081528722222222
HM13,34.95542777777778
APC,-0.9242188888888885
LDHC,0.0647323166666667
ZNF643,0.5863159444444445
CYBASC3,-7.3866772222222234
MYOF,3.0360766666666645
OR52N5,-0.007362833333333334
DEPDC5,-0.9623850000000003
CCDC172,0.0012647333333333332
BTN2A2,0.02265388888888875
CATSPER1,0.0606622
FOXK2,0.9886511111111123
OR8B8,0.0
SNRPA1,9.602857222222227
FGG,-0.22401900000000063
SLC25A48,-0.08314319999999997
ABR,-11.036538888888884
TTC34,0.0002371055555555543
MRPL48,3.791631666666671
TF,-0.2507936666666667
FLJ35024,-0.05193683888888889
UPB1,-0.017237055555555533
ATHL1,5.593632777777777
CXorf65,-0.05705580555555556
LOC100129961,-0.03390505555555551
MIR762,0.0
XYLT2,-0.2319872222222239
CTF1,0.08747707777777758
CBLN1,0.5855402222222221
GPR153,3.5450661111111117
LOC728606,-0.08201811666666664
LOC285419,0.49777811111111114
MIR3688-1,0.0
MTERF,0.17756111111111128
NUBP2,3.197594444444448
MEGF8,-1.034603888888888
SARNP,6.704466666666665
TERF2IP,0.0340055555555594
BCAS3,-0.7981233333333337
DCLK3,0.09400191388888889
TMC2,-0.0027682222222222205
RFC3,9.768862222222225
URGCP,-2.7280661111111115
VTRNA2-1,0.0
CA12,-63.181091111111115
DENND2D,-0.9895772222222217
NLRP6,0.09582327777777772
C1orf110,-0.012057583333333333
FCAMR,-0.29617838333333324
LOC100129083,-0.10180548888888874
PRPF8,-0.10252222222221974
RPL13AP17,0.005235727777777779
LINC00511,-0.3850005000000001
IFNGR2,-6.124011111111116
RTKN,7.651641111111113
SCN5A,-0.02731745055555554
LOC728040,0.0014306277777777774
RIIAD1,0.9118247777777778
YY1,0.38719444444444306
UBE2NL,-1.6222222222222223e-6
P2RX6P,0.0
ZNF493,-0.20609888888888905
PRRX1,3.344479333333333
RNF139,-0.248543333333334
ZNF454,-0.07144342222222222
SLC38A10,-3.4408333333333303
LOC728989,-0.06006411111111115
OR5H6,0.0
EAF2,-2.838801666666667
SLC9A3,-42.14661766666667
ADH4,0.0780422
ZDHHC8,1.297133333333333
RSPH9,-0.07332805555555558
KDELC1,1.275807888888889
MIR1257,0.0
FXC1,4.369833333333334
SOCS6,-4.905216666666665
FUT3,-12.604217944444429
VRK2,1.7193966666666674
DACH2,-0.005349927777777774
RING1,-3.0044166666666676
RBKS,-2.2795827777777777
RAP2C,0.6220844444444431
NCAPG2,4.862907222222223
C3orf36,0.13146751666666662
ERCC6,-0.14963333333333306
PGK2,0.0
THSD7A,0.06569826666666673
RXFP1,-0.031227605555555565
NFKBIZ,1.424583888888888
ANKRD44,-0.7962561666666672
CES1,-5.9398670555555535
CASP1,-0.7576166666666637
BARX2,-5.538261350000001
FOS,-137.57287222222217
MIR196B,0.0
MIR497HG,-0.5414205555555558
GALNT9,0.031529900000000013
GPR142,-0.07201997222222221
MRPS2,4.688361111111114
EIF4E2,2.6205611111111153
KBTBD5,-0.0004350944444444444
NOVA2,0.3156208888888889
CLDN17,-0.013014388888888888
HECW1,0.05966403777777779
MYLK,-24.901749444444434
VGLL2,0.012263511111111111
CCDC15,0.05778622222222224
RNF31,-0.7977949999999989
FCGRT,-48.69939444444448
ZC3H8,1.8805533333333333
DACT2,-0.4800656372222224
C9orf72,1.3013977777777788
HAUS3,0.16306500000000002
LOC541473,-0.21964514444444444
MRPS26,6.176438888888885
NNAT,-0.1029018888888884
CABP5,0.00103225
ATP6V1G1,18.992555555555562
MIR764,0.0
RASGRP1,-0.29616155555555546
SBDSP1,2.3685566666666658
STK25,1.6080833333333295
WBP5,1.8686888888888902
LCE2A,0.0
KLF1,0.023661827777777773
MIR105-2,0.0
PAPL,0.009548118888888889
KATNA1,1.6450172222222212
PNPLA2,-9.66653333333334
DCLK1,-0.43638273333333333
BRWD3,0.3738083333333333
FUS,19.745622222222224
MUSK,-0.6137241499999999
NUMBL,0.04844500000000007
SNX1,-2.529371111111111
SNORD25,0.0
PPFIA4,0.09358406666666666
LOC100505679,-0.1673943222222222
TOM1,-2.014128888888891
UBLCP1,1.5518050000000017
ANKH,1.581657777777778
RPS11,178.71499999999992
CLRN1,-0.0002067499999999999
TGFA,-2.9431458333333333
VNN2,0.08327166666666663
ZNF780B,-0.09937372222222218
BMPER,0.3975589722222222
DDX11L5,0.027883004111111106
SCN11A,-0.11147703388888891
BRD1,-0.9106083333333359
POLR2F,2.019600555555554
DUOX2,14.589935111111114
MID1,-0.1417088888888891
LDOC1,-0.07851616666666628
SOX4,24.27669888888889
MIR4640,0.0
ALKBH7,-11.335233333333328
CHST11,0.24756055555555534
MIR4741,0.0
SPICE1,0.9259112222222223
ZNF646,0.27161500000000016
SNIP1,-0.3206072222222218
GPAM,0.36009222222222226
GSTCD,1.1709055555555559
TAB3,0.27235388888888856
LOC339666,-0.01617432777777778
HTR4,-1.106555483333333
KRTAP4-2,0.0
MAGI2-AS3,-0.19962350000000018
OR4F21,0.0028265788888888893
PAWR,0.7359105555555523
GBAS,1.1944666666666635
OR10K1,0.0
AP3S2,-2.659210555555556
LOC100505768,0.0
KCND2,-0.007318283333333328
KCNH1,-0.08304457777777777
ST8SIA4,-0.6456814444444443
TRIM14,-3.153584444444448
ALOX15B,-0.22306689999999998
TRMT2A,0.2016894444444448
CEACAM20,-0.013269433333333337
JRKL,1.1922661111111115
POU4F2,0.0038186944444444444
CWF19L1,1.020564999999999
ZFP106,-0.17998000000000047
BHLHE41,-3.7282094444444436
RNPEP,-9.963522222222231
CCL17,-0.008952583333333292
HCRT,0.03991263888888889
AGR3,-29.015165388888875
SNORD116-11,0.0
CCDC159,-1.083105555555556
CYP2C8,-0.04078905555555554
PIF1,0.3516600555555556
AAAS,2.4087355555555536
OR8D2,0.0
EID2B,-0.15370522222222227
SPRY3,0.042441111111111096
MCMBP,3.164835
A2LD1,0.9472350000000009
TREM1,2.6159582055555552
CLDN7,-135.633305
LOC285758,-0.6915890944444445
FAM194B,0.0
LIN7B,-0.6206776666666665
FBXO15,0.0005140611111111096
RARRES2,-24.670922222222217
MAPK14,2.7080944444444484
PRKD2,-1.5356988888888878
SLC7A11-AS1,0.018787895
BAG4,1.1601361111111115
CALHM3,0.017554094444444442
MIR3936,-392.8488888888888
PRDM15,0.08886400000000005
FAM107B,-6.313151111111106
CDC20B,0.0011227722222222226
FAM134B,-8.227542222222226
TAGAP,-1.1035654444444443
BEAN1,0.11133380944444443
VPS25,2.0860555555555536
VTCN1,0.04193123888888888
DYDC1,0.0
SNORA59B,2.7765466666666665
MECOM,2.7477388888888914
OR2M5,0.0
AHNAK,-15.16602388888889
PLEKHA7,-2.7326611111111117
RMST,-0.004081444444444445
IVNS1ABP,-14.20277222222223
RQCD1,5.425134444444444
ITGB7,-4.874359444444444
KLHL1,-0.003935912777777779
SPRR1A,0.15896482777777776
STAT6,-2.930399999999999
OR1J4,0.04210875
NT5C2,-0.5529999999999973
UBAC2-AS1,0.23078761111111118
MFAP1,-0.40278888888888886
NS3BP,0.3342196666666668
RNU12,0.012102777777777685
CPT2,-10.260961111111113
SEC62,-0.2747166666666665
TACR1,0.05471906777777777
MIR5689,0.0
MYZAP,-3.5994622222222237
RBM15B,-0.03021055555555563
SLC25A22,4.016579444444442
FBN2,0.15293811111111105
C1orf146,0.003083677777777778
TLE4,-1.388636
TNFSF13B,-0.23284183333333397
PROX1-AS1,0.06902463333333332
ZNF268,-0.04536833333333368
FBXW7,-0.9138149999999996
MIR1288,0.0
ZNRF3-AS1,0.009311727166666664
MYCN,0.12754566666666667
MIR339,0.0
AGBL3,0.009575816666666667
GLI4,-0.7320661111111115
FADS1,2.3722410000000003
ACTRT3,0.3458365000000001
PFN4,0.03249097777777779
PROSAPIP1,5.33792388888889
GCM2,0.0
IFNE,0.014453755555555557
MIR4747,0.0
MARCO,1.0950917944444443
NME3,-1.492666666666679
OR2L1P,-0.004740416666666667
PTGES2,5.238816666666661
CEACAM5,89.7914805555555
TCEA3,-25.839739111111115
PDCD2,5.758712777777777
XPNPEP3,0.6076719444444443
BRPF1,0.26492000000000004
DGKD,-1.8291511111111127
IMPDH1,13.973127222222224
ZNF197,0.1514794444444445
MIR668,0.0
LOC386758,-0.14898710000000004
MIR1275,0.0
ETFB,-12.505561111111106
HES7,0.02731396111111111
MIR580,0.0
RPS6KA3,-1.105227777777774
SPACA4,-0.2458703333333332
CCDC137,1.2039561111111112
FAM114A2,-0.26244444444444426
TAS2R9,0.0
GRIP2,-0.039266466666666666
CTNNA3,-0.044083874444444435
MSANTD1,-0.02411007777777778
DNAH17,0.053450872222222216
CKAP2,7.469490555555556
TMEM201,1.1470883333333335
CAPZA1,4.262966666666671
ITGAD,-0.04079852166666667
BPIFB4,0.001961772222222221
HERC3,-2.4982494444444434
TBCE,1.2737583333333333
ACP1,13.130933333333331
FEN1,6.83662
NR1I2,-3.0308385555555564
CCDC9,-0.25908777777777736
C1orf106,-15.700089000000006
BAIAP2,1.4039433333333333
MYBPC3,0.013952245555555555
ANKRD32,0.04915638888888885
BTG3,2.6522711111111104
FAM106CP,-0.016567823888888885
LOC653486,-0.03332035333333334
PGLYRP4,0.006599955555555551
MIR4789,0.0
TSPAN3,-67.18906666666666
C9orf50,0.006260866666666667
AQP7P1,-0.09949665555555554
ROBO4,1.6882727777777777
TCTN3,0.16231777777777623
LINC00266-1,0.042773869444444446
CYP7A1,-0.008481522222222225
DLC1,0.4901594444444446
TOPORS,0.1604650000000003
USP34,-0.6259311111111119
UBE2F-SCLY,0.021425357555555608
SNORA41,5.786888888888889
SPATA2,0.3088672222222204
C7orf59,-38.27227777777776
PLXNA4,0.11879385000000003
UGCG,-0.5106450000000002
MAG,-0.019995850000000003
TMED3,10.43257777777778
ARFGEF1,1.3839500000000005
RHBDF2,3.2539311111111098
OR1B1,-0.005216194444444444
MIR5006,0.0
MIR4473,0.0
CCL3L1,2.4155017413333337
RBP4,1.1705838333333336
GPM6B,-1.3994875555555555
FHL1,-32.01062277777778
IL4,-0.02414244444444444
PCDH12,0.6582786111111113
STXBP3,-2.948972222222217
RNH1,4.257566666666669
ST13,9.170472222222216
CAP1,-18.499088888888878
MYCBP,0.15941444444444386
RNF125,-2.8810438333333326
MEA1,5.608550000000001
MICA,0.18541611111110967
DNAJC8,2.3063166666666604
N4BP1,-0.5916555555555556
CCDC40,0.11644403888888885
C10orf136,0.02169123333333333
MIR4278,0.0
TRPM1,0.003686636111111112
LOC100505624,-0.022236416666666665
MIR548K,0.0
ZNF575,-3.101116888888888
BAGE4,-0.0012560153888888888
LOC554201,0.0
ITGB5,4.755216666666666
KRTAP20-3,0.0
CTSW,-2.776027611111111
MAFF,0.7453716666666654
C12orf73,0.8673927777777777
IGHMBP2,0.11792111111111181
OR4D1,0.0
PHF20,2.8218338888888894
PKN1,4.879007777777776
TERF2,0.8278205555555553
SNORD116-21,0.0
ZZZ3,1.195767222222222
FBXW4,-5.773855555555556
KCNA1,-0.012637936666666669
RPL23AP53,0.1799332777777778
RNF103,-5.230468888888893
SNORD62A,0.0
EXOC5,0.6146911111111111
LOC100506433,-0.018241016666666665
BCL2L2,-2.5132333333333285
MAP1LC3B,0.4266111111111144
BNIPL,0.02586243888888888
EIF1AY,-2.055125555555554
PLA2G3,0.16617541666666666
RNF148,0.028383683333333326
COL22A1,0.1639501888888889
POTEKP,0.003168433333333334
TNFRSF11B,1.4183927222222223
WNT3A,0.005530183333333334
ZNF816,0.6468066666666674
EPYC,0.20259111111111114
ENKUR,0.03831809444444442
LOC255167,-0.039375016111111105
SWI5,2.0531411111111124
TTTY23B,0.0
ACSL6,2.5906727222222217
BHLHB9,0.15650411111111096
PDE1A,-0.39114972222222244
C1orf204,-0.01836599444444445
MAP7D3,-0.1580897222222224
C19orf43,8.196294444444447
AKR1C4,0.3830607444444444
ACVR1B,-5.875702222222223
HNRNPCL1,0.0
HYALP1,0.0031637
PARG,0.49411944444444433
HNRNPH3,4.771427777777767
TFR2,0.8577457444444445
CXorf57,-0.06637711111111105
ADD1,-10.511544444444446
LINC00471,0.03107715555555554
PAGE2B,-0.04554565000000001
C21orf59,8.426311111111108
CDC14B,0.5499322222222229
F2,0.07719113888888887
RPS27,566.3572222222224
SKA1,0.8115569444444448
MB21D1,1.412126222222222
DDX52,2.995080555555555
TP53AIP1,-0.0033628944444444447
FAM25A,0.24469906111111112
AKNAD1,0.02445585
SRSF9,5.119583333333331
ANO8,0.36013833333333345
FAM27L,0.0
ZNF85,0.6353212222222224
DSCR6,0.39817233333333335
CHORDC1,3.9551066666666665
MIR448,0.0
DNAJC28,-0.3089641055555556
FAM192A,3.1938611111111115
DCAF17,0.332581666666667
C16orf58,5.22829444444444
RASGRP3,-0.24359561111111105
SLC15A1,-2.7065043000000006
SLC7A6,4.2678383333333345
PIK3CD,-1.1902581111111108
CLIP4,-0.9597317222222224
DEPDC1B,1.805041055555555
MED13,-0.05610833333333254
PHYH,-9.053801666666665
RALB,-6.088399999999993
KRT23,8.873011088888887
SCAP,-2.324194444444448
LINC00583,0.0
TFF2,8.169057305555556
MMP14,57.2567611111111
NTS,0.09482847777777775
CHPT1,-9.108011111111114
ISCA1,0.6202833333333331
SARS2,0.42969388888888993
CBY1,-0.6329644444444398
TBPL2,-0.059133588888888894
C1orf88,0.2006049055555555
SPDYE1,-0.036352531111111114
NOC4L,4.040068333333334
PYGO2,0.23155111111110926
TMEM240,-0.1225492222222222
FCRL4,-0.24106914666666673
PTPRM,0.6010833333333334
IRAK1BP1,0.9534554444444445
DDR1,4.636099999999999
MAGEE1,-0.015593383333333266
MIR3919,0.0
MFAP2,15.841897777777778
OR5AU1,0.004021155555555555
CLEC3A,-0.004852983333333331
PDZD7,0.22721904444444443
GFPT2,0.7248087222222223
LOC100289473,0.016722055555555553
LOC100506100,-0.3802238888888887
PGLS,2.24613888888889
MIR4266,0.0
LAMB4,0.004017519999999998
DOCK6,3.8315327777777757
KEL,-0.02445708888888888
PAN3,3.713405555555555
TNFAIP8,-2.312391666666665
SNX7,-3.440026111111113
TYMP,9.929377777777773
OR1N2,0.0
HEPN1,0.0
SSPN,-2.3454227777777765
TAS2R43,-0.0016427777777777777
TAAR8,0.0
MIR4652,0.0
ALOX15P1,-0.011343726111111105
RGS6,-0.12599927777777778
TRAT1,-0.5654281666666667
REST,0.6145933333333335
APOO,-0.16653777777777812
CLDN11,-0.7678457222222221
ARHGAP11A,3.0361206111111123
SLC2A2,-0.008604833333333325
ZNF440,-0.1512739999999999
FBXL17,-0.9359305555555553
HIVEP3,-0.02831327777777748
SPRY2,8.107777777777777
SLC24A6,-2.7950100000000013
CLIC6,-1.070640777777778
CRNN,0.0
AIG1,6.223504999999999
FAM184B,0.14819262777777772
P2RY1,-5.925538333333333
SYNRG,-1.0610383333333342
DSN1,4.348030555555555
ABHD11-AS1,-7.20147711111111
LCE4A,0.0
POLR3G,0.5094011666666669
CEACAM1,-84.92549
LCP2,0.904023333333333
LOC100192378,0.0013902944444444468
LOC401093,-0.4625657777777774
GLYAT,-0.024583944444444436
LINC00482,-0.596492511111111
RPRD1A,1.5807961111111108
NRXN2,-0.667051888888889
SNORD114-26,0.0
PECAM1,2.5650111111111116
DGCR6L,-3.345708888888888
CEP112,0.2385557777777778
STRC,-0.020224116666666653
LOC284009,0.007384383333333355
TEX101,-0.07032278333333333
SLC22A5,-11.922088333333335
VPS33B,-0.39094333333333253
PIP5K1C,-0.5166894444444434
WHSC1,0.23796388888888842
IL4R,-6.120438888888895
MIIP,1.8323211111111117
OTUB2,0.7178959999999999
PTPRN,-0.42793226111111093
RALGAPB,2.5876588888888907
LRRC14B,0.012830822222222232
TGM2,15.832573333333329
CTNNBIP1,0.7637849999999995
NVL,0.4936938888888882
CDK15,-0.05807653888888892
TRPC5OS,1.4833333333333334e-8
OR1N1,0.0
TMEM200A,-1.5446033333333329
MIR600,0.0
VPS37B,-12.935427777777775
COL25A1,-0.0038341816666666723
TFAM,3.4408733333333323
ABRA,0.009339268333333331
C17orf61,-7.188394444444455
C1orf141,-0.0010556499999999983
KIAA0100,3.45049944444445
LOC340508,0.000804311111111111
LOC729683,-0.04788277777777783
GCNT1,1.3511472222222238
MIR1234,0.0
MLX,-8.516649999999995
LOC100272216,-0.2996472222222224
SNORA80B,5.677544444444444
TMEM186,1.144769444444444
ANK3,-5.763764444444444
FAM186B,0.0185284
LOC729966,-5.147279449999999
RUNX1,4.952997222222223
TWIST2,-0.5261749944444444
EPB42,-0.001544577777777778
ARF5,8.42005555555555
C12orf50,0.0035900777777777776
CLPX,-0.40806611111111124
ANK2,-0.8238040111111111
CLPS,-0.010867844444444445
KCTD15,1.1544752777777774
PLXDC1,0.793060222222222
PRG2,0.17669164444444446
POLD4,-25.63307222222224
ABCA11P,0.47369444444444486
LCN2,379.80743388888885
MAL,-1.608008788888889
ADAMTS18,0.08873510055555554
MIR4310,0.0
OAT,2.9752499999999955
CCDC13,-0.15142002222222223
MOAP1,-1.5854000000000017
PNMA1,-2.743610555555559
PPAPDC1A,1.0102601555555555
SPATA9,-0.004077411111111109
ANGPT2,1.4582966666666666
GDI1,3.0145222222222188
SSC5D,0.12442494444444518
GBP2,-4.2155044444444485
TGM7,0.0
TRIM16L,0.1502051666666664
APOBEC3D,-0.9339881666666665
FOXD4L5,0.003056536111111105
ETFDH,-9.708908333333335
KCNQ1OT1,0.016195816666666668
KIAA0408,-0.2613189044444444
MIR548AA1,0.0
SEC31A,2.491688888888884
GPIHBP1,0.0743510055555554
TRPM6,-9.949847855555555
IFITM3,431.9525777777777
SNORD115-21,0.0
ZNF841,0.5682761111111112
ATP5A1,-117.25867777777776
SERP1,4.831961111111113
TM7SF3,-0.11854555555555635
ZNF645,0.0
SCAF1,0.6783844444444451
HAND1,-1.8363600999999994
RFX2,-0.1449287222222222
RPP30,1.5248277777777774
TBC1D2,0.08007888888888814
MIR1283-2,0.0
LOC100505545,-0.00353795
GPR155,-0.21257000000000015
CDC23,0.8496205555555543
RNASEK,-10.190561111111123
CYP2R1,-0.32426777777777804
TPPP2,-0.0011285444444444417
LDHD,-16.41257783333333
CPVL,-1.2273988888888905
NRSN1,-0.13670664999999999
MPG,10.159388888888891
PLEKHA5,0.6472305555555549
FAM83H,10.202086666666668
MAT2B,-6.953688888888884
MIR4284,0.0
MSI2,5.256896666666668
PXMP2,-23.494251666666656
DRAM2,-2.110350555555552
FEM1B,-2.067817777777776
JAM3,-1.3357438888888877
RNF219,2.904541666666667
CD33,-0.5107433333333331
LOC100216546,-0.02794533333333349
MYL2,-0.02787825
PASK,0.6473661111111109
RAB8A,-5.096905555555551
TRIM58,-0.5315213666666666
KRTAP10-3,0.0
07-Sep,6.1576388888888935
C16orf70,0.5681233333333333
MFAP5,-4.530051333333333
TAS2R38,0.24656226111111113
TAS2R7,0.0
BMP7,4.478295
UST,-0.5829724444444444
MIR598,0.0
TCHP,0.32397222222222233
ACHE,-3.0652328888888887
AK5,-0.10877151666666668
CECR6,0.02516156111111112
EIF4G1,15.323377777777772
IPO8,-0.00955611111111132
OR4X1,0.0
MIR4283-2,0.0
OR10Q1,0.0007266333333333357
OR2V1,0.0
SLC35G6,-0.0018862888888888894
STAG3L4,0.10688111111111143
SKP2,4.120172777777778
LILRB5,-2.2137725
LOC402779,0.0
SYS1,1.4346283333333343
TMEM181,0.21798500000000232
ISG15,11.722002777777785
CELA2A,-0.003453488888888889
FAM72B,0.5076541111111108
LINC00240,-0.002622916666666676
NOC3L,2.0278399999999994
PRKDC,7.713228888888891
TRANK1,-4.514557388888889
CLASP2,0.5795727777777779
PRR5,0.38758222222222116
TBC1D14,-0.7599316666666702
TPH1,-1.5452116222222225
GNB4,0.8141094444444446
LOC284260,-0.006857105555555541
TRMT6,4.607194444444443
GIMAP8,-0.9604499999999994
KLK2,-0.002696565555555556
USP4,0.5802411111111105
LOC100862671,4.314431666666666
PCMTD2,6.621485555555559
CD40LG,-0.46419665555555567
CA5B,0.1048337777777778
ADAMTS2,5.279706611111111
GALNT1,-4.759372777777774
CLNS1A,16.188361111111107
HYOU1,10.824705555555553
TMEM30A,-0.12126666666667063
MAP6,-0.3419805444444445
OR13C9,0.0
CAND2,-0.2414545666666666
SERPINE2,11.558873888888888
ITIH3,-0.04085661111111105
RBM14-RBM4,0.7467055555555557
OSBPL1A,-4.5219022222222245
SNORA34,-13.374165000000001
RAG2,0.0009724499999999999
ARL15,0.7531816666666682
ZNF843,0.005282938888888908
TISP43,0.0007538222222222222
PRSS21,-0.1567672555555556
PHEX-AS1,-0.004515216666666667
TLR9,-0.32232252222222235
CCDC86,5.81827888888889
VMA21,2.255079444444444
ALS2CL,-1.2476361111111105
FOLR1,0.5075884388888887
OR9G4,0.0
SP8,0.126778575
C14orf178,0.014271677777777776
TRUB1,1.6229183333333328
METTL15,0.2024433333333331
OR13J1,0.010635477777777777
ZAR1L,-0.001953733333333334
HSPB7,-0.11043582777777772
LOC728175,-0.04880597777777779
SNORA11,0.0
LIG3,1.9949322222222214
LOC100506172,0.0
C1orf123,-3.4124622222222243
AZU1,-0.031051588888888888
BEST4,-51.97505193333333
CTDSP1,-9.328077777777779
MIR488,0.0
MYH11,-80.0560172222222
NCR3,-0.29600609444444453
PIH1D2,0.1510211666666667
RASGRP4,-0.19119594444444432
NXF2B,0.3300593010555556
STOM,2.656294444444441
TDRKH,0.8665372222222218
WWTR1-AS1,0.011221805555555554
ZNF618,0.13965144444444433
GAGE2A,0.0
C5orf47,0.002557261111111111
ZNF773,-0.14031105555555556
KIR2DS4,-0.05070685666666667
SLC25A27,0.3387860555555555
C11orf16,0.0024085611111111117
JPX,0.4392798888888887
LRRFIP2,-5.771991666666665
EXOC3,-0.7478444444444428
H2AFB2,0.035413279999999984
PEX3,1.2878272222222225
LOC283104,0.1457843888888889
CLDN16,0.12957640555555555
IHH,-4.611487500000006
RLN3,0.0
LOC100505933,0.021653944444444462
MIR129-1,0.0
RDBP,3.441338888888886
MIR4316,0.0
OR9K2,0.0
AP2A2,-1.682494444444444
LMNB2,14.618707777777779
CCR10,-1.5463634444444445
PLA2G12B,1.3227275888888885
PVT1,1.2690262222222217
PAQR4,7.645685
CHD9,-0.5014899999999995
DDX53,0.11366
PSMB11,-0.00015185555555555555
FDXR,0.3421255555555547
LGALS4,-1178.618041666667
GTPBP8,-0.6209994444444442
MAP3K6,0.7535866666666662
TMEM60,0.909955555555559
MIR608,0.0
MCF2L2,-0.04799072388888889
ZNF565,0.09089927777777773
B4GALT3,1.7661944444444444
SLC33A1,0.8122900000000008
CCT8,39.37835555555555
RPLP0P2,0.10212113333333332
MIR4317,0.0
INSRR,-0.0014600277777777806
OR6V1,0.0
TTR,-0.2733898333333331
SFSWAP,0.36619611111111183
ITPKA,-10.202965500000001
SCD5,-0.5422747777777781
NUP37,5.955557222222222
MIER3,-12.757570000000001
EMX2,0.002539755555555554
MIR4261,0.0
C15orf57,-2.0109205555555576
NRARP,-21.189577777777785
B4GALNT2,-19.004539088888883
NEUROG2,0.08381767777777778
CENPJ,0.9042695000000001
COX7A2,-50.9507777777778
PLK2,0.38997388888888906
ZNF167,0.011869388888888888
ACTG1P4,0.002105883333333336
CHAF1B,2.002941055555555
KCTD10,-1.0627055555555494
PRDM5,0.26923972222222237
ENO4,-0.000671455555555589
ZNF582,-0.0645869722222222
DNAJB3,-0.012985077777777783
B3GALT2,-0.2057564500000001
MIR328,0.0
NR2C1,0.5185516666666672
COPE,3.1792555555555424
MYF6,0.005199527777777778
UGT8,-1.7744489999999988
CDKL5,0.13179027777777774
C1R,28.805116666666663
PRRT1,-0.7038725277777775
MZT2B,0.3421055555555448
NKX2-3,-5.263629777777778
FLJ30838,-0.001088470555555555
LOC100271702,-0.43734637222222217
STOX1,0.7826245555555555
ACOT13,-1.1030638888888884
OR4A5,0.0
FOXO3,0.3797594444444403
KCNG3,-0.17173995000000003
MIR4474,0.0
C5orf60,0.005988911111111111
CCDC166,0.008166211111111111
IQCG,0.1383305555555554
C21orf88,-11.328264033333335
MIR1238,0.0
NLRP9,-0.01352991388888889
BCL7B,-1.7240166666666639
FAM72A,1.2095313222222221
CKS2,79.39008333333335
LRRIQ1,-0.002934667777777778
CCDC33,0.01644123277777778
CKB,-578.729561111111
PHYHIPL,0.5081432555555556
FLJ46257,0.0
PLA2G16,13.769993333333332
PRND,0.27838701111111114
SRSF11,2.378983333333334
GUSBP1,0.15178166666666604
OR2W5,-0.0036563666666666666
STAC3,0.09099927777777772
KIF3A,0.4583965555555556
ENTHD1,0.0015064611111111105
TM4SF4,3.35670685
TPTE2P3,0.008890772222222221
ZNF786,0.5139238888888891
LOC646329,0.13503800555555553
CENPV,-0.632779444444445
DVL1,3.1247555555555557
DZANK1,0.08800405555555546
LOC100128023,-0.002090077777777777
LOC283587,0.12594612222222223
RYR2,0.1605495277777778
AIFM1,1.867594444444439
EFNB2,-2.709088888888889
GRIK2,-0.0032540333333333227
MIR24-2,0.0
DCAF12L1,-0.007235927777777777
GTF2H3,2.6221405555555553
PIH1D1,1.763266666666663
IKBKB,0.5331577777777774
PPIAL4G,0.011116829444444448
PARP8,0.39249388888888914
PXN,-5.134672222222228
TMEM190,0.02046864444444444
UBQLN1,10.635727777777774
USP48,-0.2518155555555577
WDR37,-0.8619322222222223
CEACAM3,-0.9302839611111113
DISP1,0.002095666666666829
CNTNAP1,1.7132566666666669
FUBP1,3.9070500000000052
SBDS,-0.6996500000000054
SH3BP1,-7.652115555555557
MRPL40,0.19093499999999963
ZNF611,-0.02451733333333328
TMEM159,1.9620333333333342
KRTAP15-1,0.0
C15orf60,-0.0095027
AOC3,-4.490171666666662
NOL3,2.023552777777777
N4BP2L2,2.843499999999999
PIWIL3,-0.0029090144444444445
ZNF253,0.3889689999999999
RNF224,0.09951985
FAM179B,-0.23900722222222237
FLJ35424,-0.4777206444444445
ANKAR,-0.06872366666666663
KRT24,-1.9986174944444448
IRF2BP2,9.398822222222215
OR14A16,-0.008245611111111112
C21orf33,-18.548927777777763
C17orf85,-1.1412588888888875
LOC100128554,0.00017271111111111129
LOC644649,0.000023371833333333332
TCP10,-0.004951427777777776
C11orf75,-4.496621666666666
TFAP4,5.341210000000001
PKP4,6.06126222222222
GCNT2,-2.579509555555555
CARD9,-0.016653388888888898
SPATA6,-0.1673929999999999
IGSF10,-0.48324035055555553
PSORS1C2,0.16764004999999998
IBTK,1.4674716666666683
ZNF497,-0.0030437777777779784
LINC00487,-0.013837750000000006
WDR52,-0.17251011111111103
CHGA,-59.505583666666645
ADCY3,4.247113333333333
FBXL13,0.07123612777777778
CISD2,0.9512611111111111
GNG4,3.381431833333333
FRMD4A,0.19842555555555563
CFHR4,0.003360311666666664
KIAA0355,0.1417688888888886
MIR3648,0.053241666666667076
MIR4426,0.0
MIR1289-2,0.0
NEUROD1,-0.7546029277777776
PCSK2,-0.6722847777777776
STIP1,23.115338888888896
ALYREF,11.120683333333329
GAGE7,0.0
LSAMP-AS3,0.0
SERPINA9,-0.21778021666666667
SSR4P1,-0.0035669944444444157
TNNT1,0.31990722222222223
SNORA14B,32.04796666666667
BSDC1,-4.922116666666675
MRGPRX3,0.007195444444444421
CKLF,12.051199999999998
DGKQ,-4.555411666666668
ATL1,-1.1229738888888892
LRRIQ4,0.1908071611111111
RHOT1,1.4352238888888875
C2orf88,-18.046360833333335
SAMHD1,0.2331694444444441
OR5H2,0.0
CCDC144B,-0.09886710555555556
FAM205B,0.0005414258333333333
CCZ1,5.788260000000003
MIR767,0.0
SH3BP5L,-1.8652294444444415
ARL13A,0.0005150055555555554
TMEM196,-0.009944105555555558
ANKFN1,0.004737598888888896
C14orf177,0.0
C19orf73,0.05145422222222229
CXCL2,11.602704833333334
DACT1,0.6684744444444441
HNRNPD,19.113422222222212
CFH,-5.81490611111111
PRELP,-3.0023359999999997
ALAS1,-6.073044444444445
RCOR3,-0.5570033333333333
SDS,0.22508883333333385
TCF23,-0.060292866666666674
GOLGA8IP,-0.10593630388888894
LOC100506874,0.004522005555555569
RNF130,-1.1088666666666676
LYZL6,-0.004437377777777777
ZNF238,3.1074133333333336
TSPAN12,5.5069611111111065
LOC100507351,-0.45884406222222224
LRRC37B,-0.08320916666666656
ITPA,11.547400000000003
C17orf108,-0.5532947222222222
C12orf60,0.1947983888888889
GLRA4,-0.1268783166666667
ZNF781,-0.09277152777777775
ZDHHC2,-1.0619865555555554
FKRP,-0.12654888888888838
FLJ35776,0.7021155555555554
CLEC2A,0.0011901944444444438
GTF2H2,0.23470000000000013
MACROD2,-0.061411055555555594
POTEH,0.0004030383333333333
SECTM1,-26.577497777777776
TRAF5,3.923148333333333
MIR4781,0.0
UNC93A,0.913722077777778
FSBP,0.16539797277777782
C22orf43,-0.0898881
FABP7,0.0032055333333333366
HIST1H2AM,0.9145052222222224
C16orf52,0.3276611111111114
CRMP1,0.2839218888888888
POM121L1P,0.002111037555555558
DUOXA2,17.734247411111113
SLC47A2,-0.024381699999999992
TP53TG3C,0.005128961111111111
ST8SIA6,-0.25990385000000005
OR56A5,0.0036870333333333333
ASH1L,-0.4089538888888882
KCNA6,-0.16945169444444452
LOC100130855,0.13985122222222224
TAAR2,0.0
GPR98,-0.06140363166666668
ZNF408,0.20880555555555613
CATSPER4,-0.015387211111111111
LOC646999,0.42714903888888894
MED28,2.8932388888888916
CAPNS2,0.07825382222222223
SUMO1P1,0.033459805555555555
SEC22B,4.82575555555556
CTCF,0.17618333333333247
HEXA-AS1,-0.15075033888888886
CXorf22,0.0025373555555555554
IZUMO4,-0.10359800000000008
MIR671,0.0
TONSL,1.9973283333333338
TMEM241,0.5594525555555556
PRKACA,-2.067505555555556
JPH2,-0.418916888888889
SLCO1B3,1.6115460444444447
FAM75A7,0.0
ATG9B,0.4974997722222222
INPP5J,-2.2470868888888886
PRSS37,-0.0006839222222222224
HSPB2-C11orf52,-0.005132294444444442
MEPE,0.0052078444444444445
DEAF1,0.18661277777777752
SCN7A,-1.6583152666666665
FAM84A,3.6197627777777726
ZFP28,-0.07617339444444449
C14orf64,-0.14639846111111116
DND1,-0.4749327777777781
FAM82A1,-4.980591666666668
LOC401109,0.01709475
DHCR7,15.321127222222218
COX6B1,-61.398888888888905
OTOP3,-1.0797113722222222
ELP4,1.429090555555553
LOC647859,-0.17888135555555573
TOP3A,-0.036944999999999784
BTLA,-0.37604306111111113
C20orf43,15.621883333333336
NDUFB8,-32.34073888888885
LOC100506422,-0.0010649722222222221
PTCHD3,-0.009567827777777777
CTC1,-1.1226816666666664
PLA2G4E,0.08486946833333332
PTGER1,0.31468272222222227
NPAT,0.344257777777778
TGIF1,9.83477222222222
RNU86,0.0
UBQLNL,0.00021580555555555936
TSPY8,0.0007950588888888889
PPP1R8,1.0789055555555542
SCN3A,-0.13453977777777776
LOC100133161,0.22407700000000008
UGT2A1,0.0022542355
PSMF1,4.769988888888893
DEFB107A,0.0
CCDC87,-0.025754406666666667
PEX1,0.5741827777777786
PPP3CB,-1.6108433333333334
NLK,-0.21517388888888966
MAB21L1,-0.23601508333333326
RP1L1,0.01344684722222222
RRN3P3,-0.32878950000000007
ATP5H,-37.43555555555557
HAND2,-2.2205126833333324
TCEANC,-0.16787794444444437
RHOV,-0.8867689333333333
RS1,-0.004245891666666669
OR8S1,0.0038090111111111114
SNORD101,0.0
TSPAN14,-1.1504727777777806
PWRN2,0.00013389777777777774
LETM2,0.1119777833333333
WFDC12,-0.0003047388888888919
MYO1C,-16.772033333333333
LENG9,-1.5587888888888886
SULF2,12.897944444444445
CCL26,0.3067633777777778
LOC649330,0.0
EHD2,1.307856666666666
ALS2,0.8507688888888896
MIR34A,-13.398444444444443
KXD1,6.266411111111118
MIR4677,0.0
MIR617,0.0
TMF1,0.3109933333333359
TNMD,0.003210438888888889
PDGFRA,-2.953157222222222
SMARCC1,10.767094444444444
CBWD3,2.435128333333332
FOXL1,-0.5551226111111105
MIR29B2,0.0
PTGDS,-6.771084444444455
CITED1,0.38502938333333336
FAM156A,1.196048888888888
KBTBD12,0.0240997272222222
NCL,72.15996111111112
MLN,0.00867881111111111
HSF4,0.7742905555555555
CANX,28.95103888888889
NOV,-0.4701446666666669
FMO6P,0.006497416666666667
HNRNPU-AS1,-0.018485000000000085
C6orf10,0.0
MIR4467,0.0
PGBD5,0.7534574444444446
DOCK9,1.466548333333333
CBFB,8.929896666666668
PLCH1,0.2882192444444447
FAM27C,-0.0790468333333334
CELSR1,1.7055386111111108
OR4D9,0.0
PRRC2C,2.5864772222222197
RAB11FIP3,2.688185555555555
SNORD27,0.0
MCM6,6.746527777777777
TTC28,-0.29152449999999996
ZFP92,-0.020332050000000018
DEPDC4,-0.013937788888889024
ITPK1,-8.011244444444447
PRSS46,-0.01254401111111111
LINC00202,-0.007906038333333332
CRYM-AS1,0.01067574444444444
PPFIBP2,-1.857272222222221
TANC2,-0.16264922222222222
AQP4,-0.006352438888888888
ZNF615,-0.1886865555555559
SNORD24,0.0
ERO1LB,-0.458198388888889
NMUR1,-0.39534812222222215
ITGB4,2.569472222222217
DNAH5,0.04660021444444444
SLC35B2,14.465555555555557
SNORD115-8,0.0
OR2T3,0.0
SLAIN1,-0.30418077777777774
MIR363,0.0
ITSN2,-0.826370555555556
HPRT1,10.174225000000003
CSN1S2AP,0.0
MIR4326,0.0
FLG2,-0.00006279444444444443
SLC27A5,0.7567375000000001
SLC5A6,14.182751666666665
TOB2,-1.3196572222222223
NMB,1.575120611111111
HERC2P4,0.29735883333333324
SLC30A6,1.4860855555555563
TMEM215,0.01315307
PPEF1,0.046556055000000006
LOC100506013,0.15544201666666665
RBM6,-0.8844377777777801
RNF20,2.07234222222222
SNORD72,0.0
C8orf74,0.010944583333333334
GGPS1,1.722222222222224
FFAR3,-0.05104984444444444
CACNA1I,-0.03198828333333335
OSBPL10,1.3919355555555555
COPB2,9.356533333333331
GAGE12J,0.0
PHF20L1,2.719076666666666
PUSL1,1.702261666666666
CCAR1,4.311666666666666
CCDC77,0.8255583333333332
GPR21,-0.02533465555555557
FLYWCH1,-0.21271222222222175
FAM75D4,-0.0002782272222222222
DLL4,1.8270677777777777
MAPT-AS1,-0.006593816666666667
SHISA7,-0.011535997777777779
STX12,-5.9905949999999955
TRMT44,0.16256944444444432
MIR3074,0.0
TRMT61B,1.2491699999999994
ARPC5L,11.392738888888886
CHIA,-0.0007736111111111114
NAT8B,-0.7774961222222223
SPARCL1,-6.881622777777771
FOXN2,1.060282222222222
ERC2-IT1,0.0
GOSR1,0.253766111111112
HSFY1P1,0.0
LOC339622,0.0
MIR4737,0.0
MIR575,0.0
VIM,7.5400777777777535
PIEZO1,7.100629444444445
SPI1,-0.46841833333333227
FAM175B,0.1622883333333327
BLVRB,-12.301405555555554
ATAD2,4.633224444444444
C5orf46,0.5569153222222222
MIR30E,0.0
IGF2R,2.864527777777777
FBXO32,-4.316437222222222
ARMCX2,0.3415383333333333
TSEN15,4.203653888888889
COX5A,-95.27636666666669
RNASEH2A,9.476451111111112
SLC26A9,0.03231851333333333
ZNF121,0.8518762222222218
PTPN18,-5.797324444444445
PRAMEF6,0.0
SRD5A1,4.382860555555556
N4BP2L1,-0.5582819999999993
P2RX2,-0.23942757222222225
ELOVL2,0.06332093888888886
ICAM3,-5.009243888888889
FKBP10,20.269156666666664
CXorf56,1.288462222222222
PTPN5,0.06485385000000002
GNAQ,-6.767138888888887
CSDE1,-5.080827777777756
ZXDA,0.25624127777777783
LINC00315,0.009201266666666666
TGFB1I1,-1.5453183333333378
TMEM239,0.005473433333333334
CD74,-109.75961111111104
OR52E2,0.0
FBN1,3.2136161111111123
07-Mar,-0.031222222222220708
SFTA1P,-0.31793616666666663
GYG1,3.113232222222221
SLC8A1,-0.08997183333333325
CSTB,37.83081111111113
MIR548I2,-1.9534550000000002
ACVR2B,0.31553005555555547
FAM180B,-0.2599082944444444
ISOC2,-1.4088055555555528
LYPLA2,0.20349999999999824
PLAGL1,0.274862777777777
SALL2,-0.30554766666666666
STARD7,2.1484444444444435
SUSD5,-0.09996873888888885
TMEM177,0.3528983333333322
GOT1,-9.854546111111109
UBE2Q2P1,-0.09157122222222225
CEACAM22P,-0.01839099444444444
ATG7,-0.02610888888888896
JAK3,-0.004583222222222183
HEYL,1.9432498888888887
ARHGAP15,-1.810471055555555
PODN,0.8372022222222224
PRKAR2A,-0.6104416666666683
INO80D,0.017160666666666824
SLC5A10,-0.1173152833333333
HOPX,2.978307777777778
C4orf34,-25.672750555555556
HOOK3,0.7736055555555554
MUSTN1,-1.7853666166666664
NLGN4X,-0.35616888888888876
ARMCX6,4.442377777777782
LY6G6E,0.9257918277777778
TAAR1,0.0
TBCK,0.4213916666666666
WIPF3,-0.1151587722222222
PITX2,-0.10146788333333312
TECR,21.289883333333336
ZNF568,-0.22351338888888883
LOC100506388,-0.1058661888888889
RPL13A,39.32855555555557
PRAMEF20,7.722222222222223e-7
ZNF705G,-0.0019847611111111114
GLUD2,0.024696938888888853
ENG,8.426177777777777
FLJ31485,0.07797109444444447
CYP4V2,-3.167278333333333
IL22RA2,0.047135700000000016
POLR3GL,-3.2802838888888886
SNHG3,2.875392777777779
PRKACG,0.0021128166666666667
NDUFA7,13.020077777777786
NCOA7,13.883534444444447
FAM66A,0.029254930000000012
MTMR14,-2.4040500000000016
CLRN2,0.0
KIAA0391,0.7443488888888918
TMEM62,1.5953755555555578
DMC1,-0.02444716111111117
IFITM1,286.71911111111115
LOC100630923,0.5451511111111107
GPR144,0.009852214444444443
LOC113230,-0.7308283333333323
TEKT2,-0.03359458333333332
MTPAP,1.2623188888888892
LOC254128,-0.1878116666666665
OR1A1,0.0
KNG1,-1.079440266666667
SPTBN2,1.7080021666666667
VARS,13.170881666666668
MIR618,0.0
NPW,0.41581573888888884
ZBTB12,2.4930072777777776
OLIG1,0.05087084444444444
TUBAL3,-7.617253916666667
C6orf132,1.1796250000000006
OR5J2,0.0
DFNA5,0.32524305555555544
INCENP,2.635851111111112
ENPP7,-0.008487977777777779
NODAL,0.1409224722222222
MIR1912,0.0
ARID2,0.2775311111111112
COMP,4.038075777777778
RHBDD1,0.5168961111111106
RSL1D1,10.44887777777778
UGT2B11,-0.00434479805555555
CA4,-141.36024555555554
C6orf170,-0.009120166666666485
LPCAT4,-13.206849999999992
CD300LD,0.029567777777777776
GCET2,-0.4104893333333334
MEF2B,-1.0793743333333334
GPR62,-0.00558560555555555
MRPL35,-5.7132611111111125
KDM4C,-0.7464450000000005
DNM1P41,0.17766655555555566
NEURL2,0.41294211111111134
GUCY1B2,0.04601013944444443
PAPPA2,-0.03525982944444442
SLC25A47,-0.0052269999999999955
SOX18,1.4265177777777769
C15orf44,2.412847222222222
E2F2,-0.8884197222222217
WT1-AS,0.08419596666666668
ZDHHC18,-1.7865099999999998
C3orf55,0.005863405555555534
MTMR9,-0.394717833333333
KCTD4,-0.13770258888888892
SF3A2,9.27235555555556
AKR7L,-0.3518336444444444
LOC284788,0.0
AFF4,-0.5549766666666685
ANGPTL3,-0.0005472666666666709
PIN1P1,-0.0022918833333333334
FLJ45974,-0.006875794444444444
OSM,2.089671144444444
CPEB3,-0.9754878333333334
ACTR6,0.6677083333333336
LOC285401,0.06347400555555556
ZNF99,-0.0011882727777777777
ZP4,0.0
LRRTM2,-0.03267488333333335
DNHD1,0.1604740555555555
LOC284648,0.024207738888888886
FAM24B,0.057803999999999967
MIR1284,0.0
PQLC1,-9.70582222222222
OR4M1,0.0
PPP1R9A,-0.30894336666666655
ADH6,-2.538126355555556
MBD5,0.13705800000000035
HIST3H2A,8.754845555555555
IQCD,-0.09115761111111098
LOC644189,0.007090411111111115
LOC202181,-0.20767999999999986
ZNF486,1.1079255777777774
RPS9,115.21027777777795
BCOR,0.6913766666666659
BCL11A,1.3681377777777781
LOC100506124,-0.06337196666666667
NRD1,2.813561111111106
RPH3AL,-0.5843094444444441
LINC00032,-0.008014267777777776
SMC3,2.901800555555557
LOC285972,-0.6399309555555557
DUOX1,0.24843397222222224
NEURL,-5.299818499999999
LOC84989,-0.25754972222222206
MIR539,0.0
OVOL2,-1.5794324
PPP1R13L,3.093111666666667
LOC100506730,-0.14792527777777797
C19orf38,-0.08338577777777789
MASP2,-0.1524909555555556
MIR210HG,-0.4689253333333334
PRR7,2.980847444444444
RC3H1,-0.42298777777777774
FAM90A10P,-0.018393166666666665
ZMAT5,-0.25064666666666735
CEP192,-0.47451000000000043
C1orf229,-0.025997477777777805
CABLES1,-0.03110777777777729
CHRNA7,-0.08566201666666662
BDKRB2,-3.2541899999999986
CNGA3,-0.29451951666666665
GEM,6.688612222222222
GATA1,0.0036222111111111066
MAPK9,-0.6610605555555562
KCP,0.14423264444444445
CEP57,1.71747611111111
DUX4L2,9.008888888888889e-6
MCCC1,-2.06209111111111
CG030,0.05798433333333336
PIP4K2C,-2.329729999999998
SCGB3A1,0.01116844444444444
SHBG,0.006457783333333356
ADRB3,-0.06532758333333334
LMOD2,-0.0006073205555555562
MIR211,0.0
TMC4,-26.32837500000001
TNNC2,1.252212833333333
TRAK1,-3.97654
GYPB,0.0
LOC100506990,-1.2653745555555553
SCFD1,0.5147272222222217
LOC100129055,0.002579405555555556
TMEM132E,-0.018543055555555535
TRAPPC12,-0.4349166666666697
UBR1,0.03518888888888849
NKX1-2,0.0
SURF6,5.606411111111111
ZBTB4,-1.4732594444444427
ZNF436,-0.343123888888889
EYA2,-1.5686810000000002
ACACB,-2.9807811111111118
AES,-37.92322222222225
ANKRD23,0.05403716666666658
PROX2,-0.004252916666666669
FBLN2,-3.81323722222222
MRPS12,7.123266666666666
KCNK6,-1.3680627777777783
DDX3X,-0.8241277777777753
MRPS16,2.61567222222223
FAM66B,0.0037300888888889827
PLSCR2,0.0029664944444444397
CKAP2L,1.607825222222222
PPBPP2,0.005350816666666667
RAB41,-0.06076363888888886
SLC28A2,-11.202182494444445
MIR3145,0.0
PENK,-0.8899912888888889
TRA2B,4.062838888888887
OR52J3,0.0
DUSP1,-58.383694444444444
POU2F2,-0.6916729444444444
KLKB1,-0.1904356222222222
FAM169B,0.09950777166666668
OR7G1,0.0
LOC285577,0.0
RRP1,5.854646666666666
ZBTB3,-0.23097072222222215
GRM7,-0.01914789444444445
RNU5D-1,0.0
CSMD3,-0.01286225722222222
TNFRSF10C,0.8437364444444444
VAMP2,-14.537816111111109
ALDOB,1.0843589444444444
ATG16L1,0.8560411111111126
PHLPP1,-1.168722777777777
NFATC2IP,-0.19567500000000138
SNAR-B2,0.0
TEX14,-0.0023768400000000016
TTK,2.7933400555555563
CD209,-2.6172523333333335
HSPB6,-19.59920211111111
LEAP2,-1.7944901111111116
CCDC115,-2.5885666666666687
ENTPD3,-0.7064992611111112
SIAE,-50.32585555555555
WDR17,-0.14177817499999998
SFTA3,0.12973562777777778
ABCB6,1.476855
NRON,-0.004488977777777777
RNF185,-4.020897777777778
MIR4252,0.0
SH3GL3,-0.019987233333333333
C21orf58,0.08433466666666667
MGC3771,0.013780999999999877
TRPV4,0.5063417166666667
WFDC8,0.0019624388888888887
EPN2-IT1,0.0067274611111111104
PHKG1,0.9934972222222225
MIR4795,0.0
LOC100506421,-0.008053633333333334
S1PR2,-0.08191327777777757
TRIM28,20.646311111111117
GJA9-MYCBP,0.01780892661111108
ILF2,27.47825555555555
MLL3,-0.20253166666666722
PLA2G15,0.6725216666666665
COLEC11,0.009603888888888856
PRO0611,0.019622722222222236
SDCCAG8,0.35538944444444454
ZNF445,0.21580777777777782
CDK5RAP1,4.582947222222222
GGCT,36.409905555555554
INTS4,1.056611666666666
PI16,-2.497429694444444
LRRC57,-0.04605111111111082
USP15,-0.04736722222222234
HCG4B,0.03130030555555556
OAS3,3.52390888888889
PSMD3,8.26337222222223
KRT82,0.0
IL8,77.27076777777776
MICAL1,-1.824028888888888
MIR7-1,39.882
NELL2,-0.6461287333333334
SRXN1,5.213134444444444
LOC100506054,0.806947222222222
PTGIR,0.3597759444444444
ZNF761,1.3781494444444435
ANKRD33B,-0.42774500000000004
BIN3,-1.6301127777777786
PABPC1P2,0.0006661222222222222
LOC116437,0.014253444444444445
OMA1,-0.6887444444444446
CDH12,-0.043065877777777775
TAC4,0.0066528333333333335
C2orf57,-0.007395227777777779
ZNF555,-0.01629061111111113
NR2C2,-0.04180222222222252
ZNF689,-0.20896333333333317
CGGBP1,-0.7688944444444417
FAM70A,-0.6674940555555554
C7orf45,0.001104494444444444
MAST3,-1.5629705555555553
SLC2A4,-0.5716837222222226
LOC154822,0.001766716111111108
LPO,0.01594502777777778
CD34,4.924853333333333
TNRC6A,-0.33369666666666653
RAD51D,1.040700555555556
ZNF358,-1.1587444444444444
MRPS17,15.602415555555556
UBE2H,6.735211111111113
F2RL3,0.2525400555555555
LOC100499405,0.016019333333333385
FRYL,-3.413022222222221
DEFB1,-24.00768322222222
LOC100132111,0.011199266666666652
MIR4325,0.0
GPR18,-0.7803924888888891
CDH2,0.1373995
KLRF1,-0.1461796333333333
CTBP1,-2.4936777777777763
OR2L13,-0.01972947777777778
GSK3A,0.5859388888888866
PRR23A,0.0
SLC6A16,-0.07034730555555557
SLC6A20,3.2513501
KRTDAP,0.0020904999999999986
CCNJ,1.4043622222222223
TNFAIP2,-1.5828938888888882
SFI1,-0.47638555555555495
C22orf34,0.06698232777777777
C6orf211,1.1695444444444458
PMFBP1,0.4007085555555556
CCDC57,0.11717333333333313
C18orf32,-12.19818888888889
NDST4,-0.021035777777777785
TMEM174,0.0004882722222222229
RBM15,0.545224444444445
LCE3B,0.0
MIR4679-2,0.0
SPRY1,1.2025605555555536
CABIN1,0.3405522222222226
VENTX,0.5521617777777778
TP53TG5,0.004760838888888888
C16orf92,0.0
ACTBL2,0.008575288888888888
MSH6,3.3329838888888874
XGPY2,-0.010615222222222222
TNKS1BP1,3.0758777777777766
BEND3,0.320804277777778
GJB3,4.524510827777777
DEFA4,0.007847944444444444
MIR155HG,-0.1047407777777778
NCALD,-0.0023695555555551806
HCRTR1,-0.005156550000000003
PAX2,-0.0024398311111111116
TCF15,0.11159306666666667
ARRB1,-3.528864999999999
MIR766,0.0
C2CD2,1.2174533333333333
DLEC1,-0.06553158888888891
LCN9,0.0
LOC100507588,-0.07906935555555555
MIR4296,0.0
BPIFC,0.0
C7orf23,4.703056666666669
SPAG16,-1.2441467222222222
TNK1,-2.40326111111111
ZNF132,-0.3054102055555555
GMFG,-7.191778333333332
LOC100131234,0.027910755555555552
TMEM63C,-0.30872134444444455
SIK3-IT1,-0.00591991111111111
LRFN5,0.008519177777777776
RNF24,1.526227833333333
ZNF280A,0.020140855555555563
LOC100270746,0.23977422222222233
EXOC6,0.9660705555555555
CCDC111,-0.25541611111111084
MIR503,0.0
MRPS18C,0.27811944444444414
MSL3,1.4019811111111125
FYCO1,-0.3513072222222231
AWAT2,0.0
AFTPH,-2.543930555555555
KIR3DX1,-0.01797678888888889
RPL37,80.01694444444442
NPAS2,0.9944205555555561
SNRNP48,1.0913677777777782
STAG3L2,0.32228388888888837
LOC254100,-0.005753000000000119
MIR632,0.0
PDZD3,-8.96323011111111
TAX1BP3,-36.5308
TMX3,0.48841555555555516
OR6T1,-0.0835025388888889
ZNF235,-0.20570477777777785
LOC158435,-0.0010431388888888888
INPP5B,-0.5090838888888882
LOC643648,-0.017212666666666668
PPP1R35,5.174839999999998
USP25,-0.11660666666666675
LCORL,0.3108561111111112
CTAGE6P,-0.059767622222222205
RHBDD3,0.8870433333333336
NOXA1,-1.5017824999999991
MSRA,-2.2799016666666674
PFDN1,7.384738888888894
PPP1R12A,-0.6477711111111102
TMPRSS15,8.638888888888759e-6
ATP13A3,4.614836666666665
CHEK2P2,0.0
HRCT1,-20.908897777777778
KRT20,-390.338619888889
MMP27,-0.04729439444444444
NKG7,-3.515874444444445
GRP,0.4826050555555555
AGXT2,-0.017605166666666665
MIR1200,0.0
ADGB,-0.009693686111111127
LOC286177,0.0
NKX2-8,0.003839566666666667
OR1S2,0.0
C9orf16,14.021161111111113
ATF7IP,1.6511177777777775
RTEL1-TNFRSF6B,1.7683546666666672
TMEM57,-0.08022666666666645
UCHL1,-5.315922777777777
PUS1,4.7922794444444445
SLC13A3,1.390325172222222
EPCAM,-125.11534555555556
OIP5,1.6310584444444438
CECR5-AS1,-0.05874197777777779
PMS2CL,0.3111261111111112
SNHG15,11.89691388888889
C19orf44,0.10748150000000023
PSMD1,7.112266666666667
C21orf67,-0.0631700555555555
RGL3,-0.7484967777777773
SNX11,-1.1839588888888883
OR13F1,0.0
MIR5691,0.0
CXorf28,-0.0013551388888888875
CYP2B6,5.600197649999998
SUGP2,0.9113072222222218
TTC22,-13.507717055555554
TTC21B,0.2219688888888891
MRPL2,1.5107794444444451
HSD17B12,13.240944444444445
FAM47E,0.05422361111111118
SOX8,-0.42766345
CCDC30,-0.026977099444444444
ALPK2,0.07177356111111108
GMNC,0.015339677777777781
CCNB1,13.204851111111111
NAPG,-1.3952611111111093
VNN3,0.24766889444444443
MIR2861,0.0
PNMA6D,-0.024472522166666667
TNFRSF25,-2.5901322222222243
ACPT,0.00897215
FAM27B,0.005802944444444513
LIMK2,-6.879255555555556
FRAS1,-0.18613977222222233
AKR1E2,0.4859164444444445
FOPNL,4.113412777777777
REXO4,3.6265188888888904
PRMT2,-4.736888888888885
SHISA3,-0.6290431666666667
CACHD1,0.2401486666666668
ACBD4,-3.0399077777777777
MIR3940,0.0
GDPD2,-4.23032638888889
IL19,-0.004487922222222218
SNORD114-17,0.0
PSKH2,-0.0020429
SRGAP2,0.8438711111111115
TSC1,0.04540166666666634
DNALI1,-0.25878855555555536
FAM66E,0.016812938333333336
IL23A,1.2674258666666667
LRIT3,0.010786938888888889
MIR4751,0.0
GMNN,1.046692222222223
NAPRT1,-11.582322777777783
LOC100288122,-0.012013333333333338
OR10J3,0.0
PRB3,0.012304938888888891
SNORD115-40,0.0
TRPA1,-0.6260557777777778
WFDC2,-81.61908150000001
MIF4GD,-0.17348499999999945
SNX30,-0.5471122222222213
CISH,0.5015116666666657
NDUFAB1,0.2945611111111077
RBMXL2,0.0018458944444444446
MKL1,0.22177500000000183
ZNF573,0.004049666666666618
CSE1L,20.28878722222222
CYP2A6,-0.014871864444444438
UBE2D1,2.5584411111111116
FLJ34208,0.08443188333333329
GALR1,-0.08186066666666668
VGLL3,0.19369916666666653
ANKRD35,-0.19723333333333348
HOXC8,0.008550433333333333
PTPRE,0.024162222222222418
ZBTB6,1.0449544444444445
BANF2,0.010222388888888888
FLJ45340,-0.2933205555555549
PAX8,0.1661362777777775
SNORD114-6,0.0
C1orf172,-1.9969166111111107
MMRN2,1.5305022222222218
SEBOX,-0.015460050000000003
WTAP,2.953794444444444
SCG3,-0.46729529000000003
GRID1,-0.20000317777777782
UBE2U,-0.0026662944444444444
LOC255025,0.0
PCBP1-AS1,-0.12430961111111105
LYST,-0.433228611111111
FHL2,13.567772222222217
PCNA,38.19910555555555
PCGF5,-3.4936583333333324
CELP,4.6740388333333325
EFCAB5,-0.10206799444444445
ERP44,1.6964216666666676
HFM1,-0.014723168888888895
LIN7C,-0.2222105555555558
MT4,0.09506361111111111
FAM208B,1.167707222222222
TNFRSF21,-5.611383333333329
HMG20B,-1.7660888888888877
LAMTOR2,0.8822555555555596
LONRF3,-0.28715661111111124
OBSCN,-0.08317555555555545
CEP44,-0.025258333333333383
KCNK9,0.05003624444444444
DSCAML1,-0.25200597333333336
DCDC5,0.008333073333333333
OSBPL5,1.388325
PADI3,0.023362375555555558
EMP3,-3.907316666666663
SNAR-I,0.0
SPDYE7P,-0.05848055555555498
TRNP1,0.9951202777777775
LOC286442,0.006201327777777772
GABRR3,0.0
ACR,0.12937439444444443
PPP1R27,0.010913933333333337
CD160,-0.7711186444444446
FAM71B,0.000657
F10,0.049328722222222066
RORA,-0.3079332222222223
OR6F1,-0.026338677777777778
CBLB,0.3292116666666667
RAB6A,5.227588888888896
LOC727982,0.0
SPOCK1,3.2766214444444444
SRRM3,-0.029996227777777718
MRM1,0.8992761111111118
CENPP,0.5871436666666667
ZBTB47,-0.025249611111111125
XRCC5,18.11401666666665
DAG1,1.6890555555555515
CCDC11,0.033745716666666675
GATC,2.182327777777777
LOC100144597,0.0
SHROOM4,1.7513806111111112
CCDC74B,0.09155811111111112
CHRND,-0.00031001666666666695
RAET1K,0.09259556444444444
SHMT2,25.31137222222222
PLEKHA1,2.360456666666666
C20orf79,0.0
HPCAL4,-0.06194307555555556
ITGA11,2.780285277777778
KPTN,0.01676666666666682
TMEM114,0.0027343555555555607
HIVEP2,0.43927777777777743
ATP1A4,0.002961991277777784
SAG,0.011035305555555555
TCEB2,22.334083333333325
DMRTB1,0.0
TAC1,1.6363014444444444
KIF5B,17.918788888888884
APPBP2,-0.6016744444444448
PIP4K2A,-0.8692877777777781
RBM3,14.432244444444443
UGT1A4,-0.021266466111111104
KIAA2026,-0.003575555555554999
TMEM248,3.1591555555555573
KLHL7,2.2007266666666663
APOC4-APOC2,0.00336563333333334
ZNF100,0.3464156666666669
GALNT6,4.8873461111111105
LRR1,0.6153572222222232
ZNF527,-0.05976827777777771
BET3L,-0.010158966666666661
MPV17,6.840700000000002
ITCH,1.355072222222221
PAGE1,0.004503655555555555
C1RL,-0.08130499999999863
IFIT2,-0.26212838888888834
CCDC43,2.157343333333335
GHRH,-0.003958888888888883
KMO,-0.04237040000000003
EZR,-20.27728888888892
AVPR1A,0.019435127777777755
ARHGAP35,-4.343800555555555
C1QL4,0.010668150000000001
CYP4B1,-0.10839548888888889
MKNK2,-21.877338888888886
NUCB2,-0.6767744444444492
PPP1R3C,-0.6601082222222225
RIOK3,-18.722786111111112
EIF3M,33.452750000000016
METTL22,0.7487399999999997
SFXN4,1.880182222222226
TPI1P3,0.0059989944444444505
KLF14,0.006415055555555559
MAST1,-0.04147872777777775
MIR485,0.0
TCF7,4.881134444444446
KRTAP10-7,0.008126477777777776
SNRPA,6.6636222222222194
KIF18B,1.6825148888888886
POLN,0.018867688888888887
SLAMF6,-0.7555270555555555
OR5M10,0.0
WDR45,-0.178044444444442
ZCCHC10,-1.9318833333333316
ZNF304,-0.42160299999999995
ZNF577,-0.11214222222222237
TMTC3,0.3521783333333337
SEPSECS,-0.601105
DNAJB13,-0.00409063888888889
MIR19A,0.0
CAMKK2,-1.5528416666666676
KCNA5,-0.19456011666666667
CCDC81,0.01970619444444445
LIN28B,-0.0009409483333333332
LOC401134,-0.0031208461111111117
NHLRC3,2.2763533333333337
SAMD9L,-0.49668277777777803
SENP1,1.1680166666666665
ARHGAP17,-3.955924999999997
ENDOD1,-16.832990555555554
SERPINH1,46.57443888888889
WBSCR22,20.200966666666666
ZNF772,-0.14460315555555547
C5orf45,-0.5790811111111114
ZNF620,0.033756944444444326
C12orf26,-0.5700988888888892
LOC338799,-0.5525898888888889
MIR936,0.0
ZNF57,-0.7903635555555568
ALOX12B,-0.06303841666666667
CAPN5,-32.61281166666667
PKD1L2,-0.09761694833333334
RLBP1,-0.055909772222222216
LOC100306975,-0.003298444444444446
LOC645249,1.4192519777777777
C19orf77,6.824622305555554
ARPP21,-0.0635652611111111
TCEAL4,3.927745555555557
EFNB1,1.1168333333333251
SNORA35,0.0
NEXN,-0.022962444444444507
YIF1A,12.869827777777779
STXBP5,-0.5575022222222223
DEXI,1.106489999999999
IL1B,15.31398188888889
GABPB2,0.17461777777777776
C11orf9,1.3694745555555565
SLC22A20,0.010749827777777804
BZRAP1,1.255327
OR2B2,0.005661344444444444
LYZL4,0.002538872222222221
TSC22D4,-1.2703666666666713
TEAD2,5.991248888888888
ATP5G2,-5.154555555555589
STRBP,1.7943955555555533
SUV420H1,-1.5035194444444446
SDSL,-1.6039827777777766
LRAT,-0.022165983333333326
ZNF134,-0.44786055555555615
TXLNG,2.0895238888888894
MIR4651,0.0
MIR4788,0.0
RERE,-7.055223888888889
TMEM213,-0.002895031111111109
UEVLD,-0.22052055555555583
FPGS,7.099942777777777
CSTF2T,1.2564988888888884
AUTS2,1.1822500000000007
RNF34,0.1642949999999992
RNMTL1,-0.29615055555555525
EDA2R,-0.017684166666666667
HBP1,-1.537005555555556
SQLE,16.61138222222222
ZNF271,-0.5419877777777771
GLTPD2,-0.030452794444444486
LOC100506334,0.01825027777777788
SNORA70B,0.0
ZNF311,0.1319637222222222
FGA,-0.1206437777777778
MIR526A1,0.0
PPM1F,1.2978633333333338
STIM2,0.12140999999999913
FHL5,-0.1553095555555557
VWC2L-IT1,0.0
PYGL,0.8298550000000002
PRRC2B,5.0292183333333345
PWP2,1.2660711111111098
PC,-2.0160211111111104
KRT36,0.003719811111111103
LOC388942,0.010057816666666667
ZFAND5,3.6522444444444453
DOCK7,0.1255677777777775
GRPR,0.2144830944444444
MIR4263,0.0
MCF2,-0.004851658888888891
FERD3L,-0.020121788888888888
ANO9,8.540030000000002
DLG5,1.9125627777777776
LTB4R2,0.2607353888888888
BEX5,-0.7940541111111108
LOC256880,-0.00022644999999998916
ANKRD2,0.008762527777777777
MIR2392,0.0
D21S2088E,0.0
ACSM2A,-0.001524114444444443
EPGN,0.049808755555555556
C1orf27,0.7625833333333345
SP1,-0.588155555555554
C7orf63,0.181375
TSSK1B,-0.00014481666666666662
MAP9,0.06949584444444445
TYK2,0.33587777777777816
GPR77,-0.0715093277777778
RABIF,-0.8662383333333343
DHX9,10.172338888888888
KCNQ4,0.1068580944444446
SARS,1.321094444444448
ABCA2,-1.218868333333333
RBM7,2.2590777777777795
LOC90784,0.14118072222222222
DPM1,21.17741666666667
MTRNR2L5,0.0
CCNA2,5.914275555555556
PSEN1,-6.529352222222219
GAR1,5.954271666666665
KCNJ11,0.3801720555555557
ATP5S,-0.3357049999999999
MIR4700,0.0
CLEC10A,-3.479253222222222
CNPY4,-0.03234000000000048
ATP8B1,-33.63978166666668
PKIG,-4.2105
LOC642852,-0.06351988888888904
PDZD9,-0.03734287222222221
PRSS38,0.0013621666666666667
CCR7,-0.6380475611111112
MIR3646,0.0
C3orf43,-0.005172788888888889
FSD1L,0.5628029999999999
PKM,96.95299999999997
TAS2R39,0.0
SLC22A18AS,-8.944788333333332
POU3F1,-0.00019227777777777386
GABRA3,-0.021655833333333336
KIDINS220,-1.287195555555554
CT45A3,0.0005460444444444446
SFTPA1,-0.01667360111111111
PNPLA7,-1.9045257777777778
SORBS2,-3.6475248888888903
ZNF502,0.3942256111111113
MFSD6L,-1.1839462055555554
SHISA4,0.37203616666666695
LOC100302640,-0.09187398333333333
CEBPA,-0.6950383333333363
STRADA,-0.857386666666665
TSPO,-9.308149999999955
SLC23A3,-0.9673032777777779
EDNRA,4.234387444444445
FGD4,-1.5300449999999994
HBXIP,9.645283333333325
KLLN,-0.22625766666666658
KRT37,0.008410894444444445
RNASEK-C17ORF49,-0.17523572777777774
ZNF7,1.803936666666667
RBM43,-0.05084327777777742
TAS2R46,0.00035043888888888763
ZNF295,0.23780666666666717
FAM157A,0.11149925
CDY1B,0.0
KCNJ2,-1.0894343888888889
MAS1L,-0.2476721277777778
MIR4311,0.0
P2RY10,-1.4283703888888892
MYCBPAP,0.008858044444444435
LINC00526,-1.7201071111111115
DNAJA3,8.15602777777778
06-Sep,-2.587585555555555
INE1,-0.11181011111111117
LOC100270679,0.0
SPANXE,0.0
SPTAN1,2.4553722222222234
TK1,6.749227777777776
LTK,-3.741977611111111
GPC6-AS2,0.0
METTL13,2.3095166666666653
ARHGDIG,1.8334424611111109
PRKAG2,-2.4954716666666688
SLC16A3,-0.44554444444444385
TSPAN33,-0.5446083333333345
VIPR1,-22.56129738888888
GPBP1,-0.43867999999999974
GNA13,-7.8791994444444455
ELF4,-5.191961111111111
ATG2B,-0.10966555555555546
C19orf59,0.5485145888888888
MIR15A,0.0
VPS35,11.316111111111113
LOC201617,0.01732196666666669
RASSF1,2.98496388888889
FP588,-0.08460838888888889
SPTBN4,-0.1682393777777778
ATP5C1,-16.985227777777766
MAP6D1,0.1440933333333334
DEGS1,3.6783838888888916
GLUD1P7,0.007141875555555555
HMGCLL1,-0.24927418888888886
LOC100287010,0.0
PACSIN2,-20.58233333333333
HORMAD2,-0.004636388888888889
FGFR1,-1.1225500000000013
TMEM81,0.08966838888888884
PMS2,1.0950672222222217
LAT2,-1.6934033333333334
GLT8D2,0.6433566666666675
CNOT3,-0.12067722222222166
USP29,0.0
MIR302B,0.0
FAM151A,-0.8963969666666667
PNMAL1,-0.06145788333333335
PHF23,-1.5213022222222214
C4orf37,-0.045058938888888886
TMEM42,0.48631494444444545
TSPAN31,-1.503616666666666
LOC730183,-0.06411166666666679
MIR4264,0.0
SNORD82,0.0
ZNF700,0.4610344444444432
SNORA11C,0.0
PSG8,0.0
TMEM38B,2.6462327777777794
PAICS,22.15170111111111
EPHB2,10.970882777777778
CEBPG,-2.5451266666666648
MUC15,-0.002975822222222222
SFXN1,-7.062788333333334
SLN,0.49855137777777775
TMEM160,1.902149999999999
BTF3P11,0.0
LINC00336,0.010047594444444453
MIR208B,0.0
GPC5,0.2220410555555556
VAT1,2.6558222222222234
WDR31,0.2928656111111111
RNF167,-6.310144444444447
BTRC,0.0231372222222217
UAP1L1,0.589268333333334
ZNF81,-0.04857427777777801
CCDC91,-0.07315111111111072
FLYWCH2,-1.4697066666666654
EMD,9.051616666666671
CNNM4,-20.913866111111112
LINC00559,0.0
MN1,0.22795488888888893
ASIC1,1.1051130000000002
CBX1,3.4897777777777783
DOPEY2,-1.2439800000000005
HCAR1,0.1437905333333333
KANSL1-AS1,-0.731172722222222
ZNF217,-0.5401466666666668
DUS4L,1.1704822222222218
MPV17L2,2.2141577777777766
SLC22A25,-0.0016378333333333334
SNX18,-0.358818888888889
FAM57B,-0.014068083333333356
IL2RB,-1.5420333333333334
GALR3,0.005463211111111111
PPP2R3C,-0.6681022222222222
YWHAH,-4.518038888888896
FAM127C,0.28901983333333314
AGAP8,-0.018584666666666694
DIRC2,-2.424074444444444
SLC46A1,-0.1527791666666667
NCS1,0.5634160000000001
LOC283585,0.0
FBLL1,-0.3058867555555556
ZNF286B,0.006604333333333268
CLN3,-1.667583333333333
TMEM217,0.09652222777777777
OR10A6,0.0
EXT1,-2.9940833333333323
PARP16,-0.26816277777777797
TUBB8,-0.007815822055555553
CEP135,0.24456466666666654
XPNPEP2,-2.093043633333333
GADD45B,1.116852777777778
LOC285326,0.0
C19orf45,0.7166091388888889
MIR429,0.0
CCDC148,0.06931920555555557
RSBN1L,0.11287833333333186
KLHL36,0.12601833333333268
GLTPD1,-10.298843333333334
NOP14-AS1,-0.04346272222222236
BIK,1.8694100000000002
IL7,-1.5836855555555553
PRKAB1,-0.1573277777777733
SCO1,-3.5799638888888907
DGKK,0.002391662222222222
SEMA3A,0.30992838888888885
WSCD1,-4.714802166666667
FLJ46284,-0.0014666694444444442
DECR2,-0.6598127777777769
MIR586,0.0
RARG,2.5005405555555553
TMEM173,3.297782222222221
SNORA22,6.915383333333334
C14orf79,0.810600611111111
GNPDA1,6.39452277777778
CCDC117,0.09671499999999966
IFNW1,0.006195294444444445
ST3GAL3,-0.5913353333333335
BTBD19,0.5601068333333334
GEMIN7,0.44074722222222196
LOC148145,0.0
LOC154449,0.0011815944444444446
TNFAIP3,-0.3733416666666649
C2orf76,0.1099755555555555
SVOPL,-0.7354082333333334
UMODL1,0.05647582722222222
SMARCAD1,1.5699233333333344
DAO,-1.5007562055555554
NSD1,0.29251499999999986
FAM185A,0.42186722222222217
PRRG4,-1.7396474444444436
MYO18A,-1.5163044444444456
LOC100506195,-0.005113858333333333
UBAP2L,11.549705555555551
FIP1L1,0.5061377777777771
LOC400548,-0.019861000000000007
PYGM,-0.6771622500000003
MIR379,0.0
CYTL1,-0.11030349999999989
IGF2BP1,0.08284523888888888
SLC22A4,-1.340514222222222
SYCN,0.0
LOC284395,0.002706183333333333
BTN2A3P,0.19943472222222236
SPAM1,-0.003443566666666667
RBP3,0.011270600555555555
KANSL1,-0.4895472222222237
GMPPB,-1.2958822222222217
SYPL2,-0.032740027777777736
COL6A5,-0.03981220055555555
CCDC171,-0.017442055555555502
GPR113,0.015109511111111085
MIR219-2,0.0
MEG8,0.062240222222222225
ACBD6,5.337435000000001
BAG1,-1.189466666666668
GPR150,-0.0056087500000000234
NKX3-1,0.03427912777777781
SERPINB7,0.11521619444444446
LOC254896,0.32786856666666664
KCNH8,0.45286459999999995
MIR4774,0.0
SNORD30,0.0
SMTNL2,0.9037529555555557
SUGT1,11.723961111111112
C6orf225,-0.058340999999999865
ATG10,-0.13610722222222194
KDM3A,1.781839999999999
SNORA25,-6.765533333333336
FLJ38109,0.05096399444444444
CEP290,0.015886444444444425
TSEN2,1.4702294444444437
FXYD3,-401.59560000000005
TXNRD1,2.64726111111111
ZNF749,0.2919654444444444
SPIRE1,1.2752681666666665
CHURC1-FNTB,1.0087382222222223
SDR9C7,-0.0025906888888888886
LOC100507053,-0.1841765555555555
PLGRKT,-9.195978888888881
LOC100134259,0.0003579777777777682
C6orf72,-8.406194444444438
HBS1L,1.7752044444444435
KIAA0141,-2.5591872222222243
HCN1,0.05097237333333335
MAPKBP1,0.13981833333333293
MIR3907,0.0
SH3BP2,-0.2063438888888891
GAGE6,0.0
MNX1,2.183861283333333
ANXA8L2,0.1439477061111111
CEP128,0.05359916666666664
POLR2E,4.113422222222219
CUL5,0.7701433333333343
KHDC3L,0.0
MAP4K3,1.1940138888888887
ROPN1L,0.057646433333333344
SLC13A5,0.05716597833333334
SNX27,0.2437288888888891
GPBAR1,0.08154488888888878
PRC1,5.998091666666667
TCEB3CL,-0.0009560377777777779
LPP-AS2,-0.24776861111111104
MRGPRD,-0.01611527777777778
WNT8A,-0.0011550333333333333
PTPRF,-36.47240555555557
HYAL1,0.5880410555555557
A1BG,-0.37682800000000005
ATP6V0B,0.1612611111111164
MYL7,-0.0028547944444444447
TNPO1,3.5357466666666664
DNMBP-AS1,-0.29750438888888886
COQ9,-12.458033333333326
KIF12,3.329779666666667
02-Mar,-3.7251199999999987
MYOD1,0.0
USP46,0.19410277777777796
ANKRD54,-0.7778516666666677
MIR451A,0.0
NCOA5,3.2453166666666657
ZNF35,0.43065255555555537
ZNF663,0.09337979444444446
MIR1538,0.0
GHRLOS,-0.02129582222222226
KCNE1L,0.007895777777777776
MIR340,0.0
LOC440117,0.0
ADARB2,-0.01569941388888889
CENPO,1.0566966666666664
LINC00208,0.0
ATP6V1G3,-0.0007762722222222226
PRNT,0.0
CRIP3,-0.004906594444444468
DCAF13P3,-0.0019096055555555564
BACE1-AS,0.14983533333333332
E4F1,0.8174755555555562
CTNND1,-16.54849999999999
FOCAD,1.3331655555555573
MMP7,36.011802483333334
NME1,55.391650000000006
CST9,0.0016534833333333332
SLC24A3,0.06991288888888914
TRAF3IP2-AS1,0.10480549999999988
GPR4,1.3766514444444446
LINC00339,0.10290833333333227
ERMN,0.03327845
MIPEPP3,0.768543388888889
MIR573,0.0
NDUFA10,-8.775194444444441
SCARNA20,0.0
ZNF500,-0.052250555555555245
C5orf52,-0.11416721111111117
NFIA,-0.11654777777777792
MT1X,-234.68009444444448
RFWD3,3.6805016666666672
SYT3,0.04124962777777777
CHST9-AS1,-0.0016682453333333336
PRKCD,-8.022173888888883
RASIP1,0.7653182222222223
SGCG,-0.3133375611111111
KRTAP4-3,0.0
CCT6P1,0.786275222222222
ZBTB7B,-22.73417222222222
KRTAP10-5,0.004817333333333333
ABCD3,-11.06884444444444
ELOVL5,13.90349111111111
SNORD58A,0.0
IQCA1,0.06295338222222222
ARMCX4,-0.2586287222222221
PGM2L1,1.0378250000000002
FAM177B,0.21054754444444468
USP54,1.1809822222222213
ATXN3L,0.0013236166666666666
C5orf15,-1.186683333333331
FUBP3,3.6764111111111113
GPT,-19.798960777777783
LOC550113,0.0
C16orf54,-1.4734119999999997
MIR659,0.0
SNORD115-45,0.0
MIR5187,0.0
BOLA1,-0.4764694444444446
MLH1,1.452242222222221
SLC16A10,0.11656622222222213
NAIP,-0.780283888888889
HSP90AA4P,0.0
MIR184,0.0
XRN2,14.915266666666668
TACO1,-3.5087277777777786
NR1D1,1.0870244444444443
HOXB5,0.17162477777777774
TM9SF1,-0.34575000000000244
SNORD100,0.0
SNORD4B,0.0
SPECC1,-3.4284516666666667
THEMIS,-0.5782677166666667
MIR3199-1,0.0
FAM211B,-0.07856716666666674
TOMM7,17.44339444444445
SIGLEC7,-0.11450494444444448
KIR2DL5A,0.0
MIR3622B,0.0
FAM172BP,-0.010534566666666665
LRRC2,0.5775663055555555
CLTA,23.87830555555557
TUBG2,-0.4163255555555554
ZDHHC23,-1.5175380555555558
CCBL1,0.20188661111111084
LOC100507118,0.5002710000000001
MIR567,0.0
LOC644100,-0.0036404333333333334
PPIL6,0.08310200000000001
ACOT7,0.15767222222222443
FAM171A2,0.14080838888888883
DEFB103B,0.14989266666666667
SULT6B1,0.0
VAC14,1.7489438888888884
CBX2,1.4587503333333334
BCAT2,-8.722191111111108
UBL5,34.87077777777779
CP,-1.791842666666667
ANXA1,15.55298333333333
EIF5A,44.66661111111114
MIR4634,0.0
APH1A,-5.956622222222222
MRPL19,1.6763227777777772
NCAM1,-1.8387053333333334
ZNF192,0.3221683333333334
LOC254312,0.0
BICC1,0.5427929444444444
NBEAL1,-1.498044111111111
ADSL,3.188238888888886
TAB1,-0.8198383333333332
KCNH7,0.0006393583333333336
ABAT,2.633213333333332
MIR510,0.0
C14orf28,-0.5685526666666667
C1orf185,0.0
MIR16-1,0.0
SHB,1.576103888888889
TMSB4X,-239.79500000000007
DCHS1,1.1352322222222218
TMEM176B,-27.121027777777783
GAGE12I,0.0
NDRG4,-0.8477626666666662
RAB40C,-0.6649305555555554
FAM120AOS,-3.7227177777777776
COG3,2.386846666666667
KRTAP9-1,0.008476055555555556
C4orf48,11.883607222222224
CLK4,-0.5541133333333343
C6orf203,-2.2315961111111093
ALG10,0.4528429999999999
INTS4L2,0.03012739444444447
KIF2C,3.810267055555556
BCKDHA,-1.4012555555555544
LAS1L,5.272455555555556
LINC00332,-0.006318816666666667
B3GALNT1,0.3389228333333334
HEXB,1.4716444444444363
LOC143666,0.00889911111111108
PDSS2,-0.22556333333333267
ADAM28,-3.9208671111111104
PGD,12.13397777777778
LYNX1,-0.8440276666666666
EIF6,54.570461111111115
ZNF812,-0.023554189222222216
KRTAP6-3,0.0
MIR548F3,0.0
PDSS1,1.4874790000000004
DPRX,0.0
MMP11,33.08360611111111
SCT,-0.3786208333333334
GCC2,-1.5951705555555549
SPIN4,2.4640788888888885
FEV,-0.7270027611111112
LOC93432,0.4125820611111113
KLHL4,0.13498480000000002
AGGF1,0.18441944444444403
ANKRD13C,-0.9954111111111104
CSF2RA,-0.30417088888888855
UBE2Z,-0.3911722222222167
PTPRA,-0.10214444444444482
ADRA2B,-0.12317924444444445
NCOR1,-3.4366199999999996
SRP68,2.874077777777778
MIR140,0.0
PCDHGA11,0.03893879999999994
TERF1,1.207654999999999
TMEM100,-2.3584075388888897
NRN1L,-0.20256581666666668
KLHDC7B,-0.028931627777777857
PRKD1,0.5613236666666668
TMSB15B,0.6477158333333333
ZNF674,0.07276694444444443
MIR4488,0.0
CIDECP,-0.5966638888888887
MTRNR2L2,-81.20141666666666
RCC1,7.6826888888888885
FSCN2,0.018488138888888922
ANAPC16,-2.1844722222222224
UBA7,-5.546393333333334
TSPAN19,-0.03246821111111112
CBFA2T2,0.6794633333333335
UGGT1,2.269943333333332
USP17L1P,0.002672422222222222
NPHS1,-0.006572204999999998
TOX4,-1.666777777777778
LOC100129550,-0.28263516666666666
L1CAM,-1.8727821777777782
MIR2682,0.0
MIR670,0.0
C17orf78,0.25264169444444445
PRHOXNB,-3.7384047777777774
WASH5P,0.8193505555555554
ZNF74,1.2884466666666663
FLJ41200,0.47096645000000004
MIR181D,0.0
STK31,0.7300685555555556
TBC1D13,-0.023937222222221166
GBX1,-0.000017322222222222565
AGAP1,-1.223414444444444
C22orf29,1.071711666666666
PPP1CC,-8.465727777777772
TTTY8,0.0
C1orf21,-5.0685077777777785
LINC00207,0.0
CYHR1,1.0723611111111087
C17orf49,3.6847888888888853
OR5T2,0.0
OLIG2,0.03683538333333333
PLXNA3,1.4056222222222212
LOC729013,-1.7065461111111127
NFIB,0.20834333333333355
BNIP2,-0.0065811111111102605
TSSK4,-0.08135270555555557
AQP5,0.16953686666666667
MIR553,0.0
LOC644248,-0.005286933333333333
ADAMTSL1,-0.8299912222222224
CTIF,0.5037394444444452
GIP,0.0044828222222222215
MIR505,0.0
RNGTT,0.698976111111111
FADD,1.4212666666666678
TEP1,-2.486127777777778
SNORD116-12,0.0
OPHN1,0.4535988888888882
HIGD2B,-0.004560716666666667
CLEC3B,-39.289137222222216
ZNF200,1.0503127777777777
MAP3K9,0.06994733333333325
OR10J1,0.0
XKR8,-1.0723611111111118
ME2,-5.972693888888887
FAM98C,-4.945100000000002
LAMA2,-0.5323509444444443
GJD3,-1.1762388888888888
HOMEZ,-0.2460105555555554
RPP21,5.496394444444444
LINC00486,0.0
LMNA,13.2787222222222
SNORA14A,-16.018705555555556
HOXA3,0.7097251666666669
PPAP2A,-26.064116666666663
HNF4G,-3.3546539444444434
EXD1,0.001312872222222222
PLA1A,0.8498428888888889
RPL31P11,-0.00015458888888888935
ZNF277,1.5227155555555543
ANKRD26P3,0.0011024711111111108
CATSPERB,0.08749497777777779
TEDDM1,0.002911372222222222
ATPAF2,-1.7941222222222217
WASF2,-1.318016666666665
FAM170B,-0.0008832333333333347
POFUT2,0.7446938888888885
MGC27345,0.21193249999999986
ASCL1,-0.09369023333333333
LOC646762,1.1151974444444441
PLA2G5,-0.19204844444444458
ZFAT,-0.03301944444444427
KCNK18,0.0
HNRPLL,1.271360555555555
KIF13A,-0.38577666666666666
SIVA1,5.419316666666667
SPECC1L,-6.157334444444444
SYNPR-AS1,0.07503499999999996
A4GNT,-0.0003191777777777783
SARDH,-0.14561285000000002
CEACAM16,-0.02976950000000001
SNORA52,-20.71915
CNOT2,0.03567222222222455
HPS5,0.4627133333333333
CHRNB1,-0.0875030555555556
CEACAM18,0.2697266666666667
CLEC1A,0.03812877777777779
FAM71F2,0.02060189999999995
CDR2L,1.8121189999999998
MRGPRG,0.022369
CHD1,0.18936666666666557
CFHR2,-0.03785737055555552
NUPL2,4.08167111111111
SLC5A5,-0.0004256144444444443
TAT,-0.21611556111111113
ANKRD34C,-5.3349999999995415e-6
NAT1,-6.373290555555557
E2F8,1.3556601666666668
TP53INP2,-30.454045555555552
DHRS7C,-0.5980653333333333
ABP1,-70.3668777777778
LOC727849,-0.10315238888888889
CYFIP1,-1.7366333333333337
FRK,-0.5818606111111109
MRPL24,4.429477777777784
TESK2,-3.0475988888888885
THEM6,12.128540555555555
KIAA0226,-0.6832377777777783
MAGEA5,0.008024627777777776
MIR214,16.823427777777777
NARG2,0.3115733333333335
TAS2R14,0.07615957222222217
TMEM67,0.7879726666666665
TRIM78P,0.0923822777777778
ZNF704,-0.9542416666666664
ZW10,1.8725866666666668
LOC619207,-0.018638444444444457
LOC100272228,-0.5051925555555554
KREMEN1,-1.7142400000000002
FAM48B1,0.0034066111111111137
LNX2,4.347947222222222
LOC100506451,0.00695331111111111
FBLIM1,-12.081049999999998
CTU2,2.407871666666667
HIST1H4E,2.813492611111111
IDH1,-4.686827777777779
LOC388849,0.1281048166666667
DDX21,19.819370555555555
LOC100131060,-0.16056790555555556
MAP2K3,0.544027777777778
METTL24,-0.25879837222222213
LARS,4.672222222222224
MFSD5,-3.589727777777778
MGEA5,-0.16132222222222126
MIR1-1,0.0
F11R,-0.5155611111111114
KRT16P3,0.0027409398333333333
OR6N1,0.0036568888888888883
OVCH1,0.010945386666666668
PHAX,-0.7223811111111118
SLC14A2,-0.23872410222222226
FOXR1,0.0
SPINK13,0.8052879444444445
SPRED3,0.04959919444444444
PROM2,-4.480423500000001
ASB8,-3.249074444444444
ERI2,0.3162733333333332
FLJ30679,0.014713816666666667
C2orf16,0.04619702222222222
LMX1A,-0.11623457666666673
LOC153910,-0.0029204722222222223
LOC646938,-0.055405166666666644
NFE2L3,15.961070555555557
TP53TG3B,-0.007167915944444444
DEFB110,0.0
PRDM7,-0.00017506222222222296
BSPH1,0.0
SDHA,-45.079233333333335
SERPINB4,0.017068005555555557
SLC41A3,4.2438844444444435
SUB1,7.97132222222222
NFKB1,-0.6524005555555537
GPR55,-0.5048910222222224
BTAF1,0.27093555555555593
MIR4308,0.0
PCYT1B,0.004445005555555576
OLAH,0.008974755555555554
PKP1,0.8636078777777776
SLC36A1,-12.675833333333332
PABPC1L2A,-0.00910542722222222
ST3GAL6,-0.12358683333333331
TRIM33,0.6646205555555564
ESPN,-2.334449522222223
LY96,-1.7022705555555557
MIR4779,0.0
ASMTL,0.41540222222222134
LOC100128098,0.31503009444444446
FLJ30403,-0.1328974555555556
HERC2P7,-0.8891290000000001
MAL2,4.194648888888906
MKRN3,-0.031169495000000005
RAPGEF6,-0.303551666666666
WDR73,0.5668372222222233
ZIC1,-0.01615973833333333
ATP5J2-PTCD1,0.0501071718888889
C14orf102,-0.11434222222222212
CD164,-66.35799444444447
NPIPL3,-0.9239555555555548
ECHDC3,-0.7976098222222223
C9orf135,-0.03495797777777779
LOC80054,-0.13376300000000096
DUSP3,0.7597388888888865
CREB3L3,-1.7752987444444441
OPA1,0.7202377777777791
CCDC96,-0.24296550555555552
ERH,37.647494444444476
DCBLD1,1.2440238888888886
GEMIN2,0.8597844444444447
HTR3B,-0.020695711111111112
DLX3,0.05562828333333332
GARNL3,-0.07220111111111116
HIST3H2BB,0.09803149999999997
KPNA3,5.968398333333333
LGR6,0.7890676388888886
RPSAP52,0.11639121666666669
FBXO38,0.33994333333333415
IGBP1,2.582611111111106
ZDHHC13,1.1765444444444437
GK,-0.759205555555555
TRIML1,0.0
DHRS3,-4.999661111111109
C21orf91-OT1,0.0
UBAC1,-3.5719166666666666
SLC44A5,-0.005476499999999995
CTSE,-3.106103427777775
ENO1,104.25472222222217
HIST1H2BN,0.721022388888889
DENND4B,0.6005277777777778
MIR3153,0.0
NRIP2,-0.39117199999999963
POLE3,11.473399999999994
RAD51AP2,0.028763547777777773
CCS,-4.318147777777778
UBXN4,4.792650000000005
OR8B4,0.0
RNY5,0.0
ZNF469,0.5558494611111111
OR5K3,0.0
SAR1B,-2.4302372222222246
SEC61A2,0.17281383333333333
LELP1,0.0
TRIQK,0.6456994444444444
ZDHHC16,2.3232338888888897
BFSP1,0.5420468333333334
GRHPR,0.2742944444444504
MTFP1,0.0269133333333329
MRPS11,-2.3552672222222224
DES,-44.61159950000001
PVRL3,-3.7307262777777774
S100B,-2.8593990555555555
ACTG2,-199.28220333333326
RUSC1-AS1,-0.10630153333333331
C6orf1,4.719772777777777
SYNJ2,0.7112205555555562
ADAP2,-0.5701305555555551
FKSG29,0.014240388888888886
ST6GAL1,5.592658888888884
SNAPC1,0.658668888888889
MIR137HG,-0.001967972222222222
DERL3,-12.208758333333334
MFSD11,-3.514064444444445
MIR4735,0.0
GSX1,0.0
HIBADH,7.069572222222224
ZNF461,-0.026329888888888986
CAPZB,-18.680377777777764
IPP,-0.5864638888888885
PTBP1,27.541566666666697
TSPYL2,-0.7849911111111112
TOMM6,25.049483333333328
FAM46D,0.0029468333333333334
PTPRC,-4.8241850000000035
PRDM16,-0.1443741777777778
SNORA19,30.680405555555556
USP20,-0.058524999999998606
RPS19,185.24166666666656
OR51A7,0.0
C12orf49,-1.4745349999999995
MB,-3.0629019333333325
STAG2,3.011083333333332
STX7,-1.4642722222222204
LOC100130700,0.0
HTRA1,13.046898333333335
PPIL3,1.3220916666666653
MIR943,0.0
KLHDC1,-0.2895335555555556
RPLP1,217.96777777777788
DPH3,0.2281211111111121
PRAP1,2.0834606666666673
OR1E1,0.009882311111111111
FKBP9L,0.3687866111111113
ZBTB44,0.2875038888888888
ZNF530,0.028068427777777738
CLCA3P,0.0022413944444444472
EED,0.8576483333333336
TARS,13.013561111111109
RNF144B,0.015461111111111148
C2orf63,0.13011599999999995
ANGPTL6,-0.025026111111111415
SNORA47,1.1751311111111113
SV2B,-0.03633850555555554
C20orf111,6.723540555555555
PET117,2.7726922222222203
C9orf170,0.0029114105555555557
SUMO2,25.1756666666667
SHROOM3,-6.03717611111111
ZNF394,-0.17775222222222098
HOXA1,-0.10873455555555556
CUL4A,9.408666666666667
GRHL1,0.8431530555555555
C19orf6,-6.424711111111108
PTOV1,-0.11998333333333733
DKK4,0.25516233888888884
OTX2-AS1,0.0
TMBIM4,-13.990927777777777
SNORA26,-13.430677777777777
LIPM,-0.0018061944444444445
LHX2,0.004721111111111113
HLA-L,0.0420271388888889
MEGF6,0.908216277777778
TACR3,-0.008883844444444441
KCNK1,0.7428344444444406
CDH10,-0.05563949722222221
COPS5,5.642394444444449
ITM2C,-592.9693944444446
MYO7A,0.4561495555555557
RNF216-IT1,-0.0046945555555555595
SPIN2A,0.09903077777777775
ASL,-2.02507833333334
LOC154761,-0.19922524444444445
SSH1,-0.311418333333334
LOC100506866,-0.03629691111111111
SLC10A1,-0.04395340555555557
SNORA58,-0.0850596111111111
RIMBP2,-0.1385418166666666
TTTY11,0.0
MIR4439,0.0
MIR23B,0.0
CXorf40B,0.4132822222222199
TXNRD3NB,0.011795505555555556
ZNF589,0.04406944444444427
CCDC152,-0.15127138888888902
DR1,1.280233333333335
CACNA2D3,-0.1126494388888889
PDS5B,1.5477022222222212
MORN5,-0.5169288722222222
NUDT21,6.822911111111107
SLC2A3,4.838094444444444
FAM221A,4.022264999999999
SLITRK6,-1.2817755777777773
SPINK7,0.030525444444444445
SLFN11,0.13642444444444513
CXorf30,0.0006726777777777784
SRPK1,14.938106111111107
AQP10,-0.022877961111111112
ZNHIT6,1.3949833333333337
FBXL12,-0.024798888888886594
LOC100507246,9.799449999999997
TMEM41B,0.814308333333333
RPS26P11,-0.008528366666666662
OR4F15,0.0
HLA-DRA,-66.69647222222227
WDR26,-0.6030822222222234
BCS1L,1.4309238888888896
ANKRD10,6.859455555555559
LAMC2,7.74516561111111
MIR19B1,0.0
C9orf123,1.9029833333333315
SETD4,0.5088827777777771
C20orf132,-0.009312444444444401
C1orf61,-0.015929727777777777
INTS10,1.5990216666666672
SNORD115-47,0.0
BREA2,0.04064261666666666
EXT2,3.7776388888888874
TAF4,2.863787222222224
TAS2R42,0.004840383333333333
C1orf135,0.8954893333333334
CAT,-8.198438888888887
CTAGE15P,-0.0664454499999998
DCSTAMP,0.1010967388888889
FAM74A4,-0.0016621322222222222
C7orf34,-0.0005072388888888897
ADORA1,0.1684920555555554
EFNA5,-0.513009222222222
ACAP2,-1.6373916666666677
FLNA,-16.746838888888902
NEK4,0.5948755555555545
MIR489,0.0
NARR,0.21240120655555583
MIR145,0.0
RNF113A,2.0154316666666663
MS4A15,0.09304163888888888
CNGB3,-0.0064661905555555566
ALG1,2.160805555555555
CXorf59,0.0012280166666666667
OTUD6A,0.000892213888888888
PFKFB3,5.823358333333333
SLC11A1,1.210669011111111
BRSK1,-0.05694061111111104
SYCE1,0.007736327777777767
A1BG-AS1,-0.06452489444444444
LOC158696,-0.0027465944444444446
NAA10,12.145816666666672
ATP2A1,0.010142416666666682
GZF1,1.2276338888888887
FOXJ3,-1.856470555555557
LOC100131434,-0.4911162777777779
MMAB,0.8781794444444442
ADAM12,2.6950088777777776
GCAT,2.419603333333332
PHF7,-1.4352253333333336
PRKCQ,-0.05262844444444448
HOXA6,-1.778039694444443
LOC649352,0.0
MIR373,0.0
ADAMTS15,0.9304016500000003
MRGPRX4,-0.003940505555555556
MSL3P1,1.2319343333333335
SEPT7L,0.01070821111111113
HCRTR2,-0.0073921833333333315
CCL23,-2.396979129555555
SLC48A1,0.7262172222222221
SLIT2-IT1,-0.007372444444444444
ASZ1,0.0009263666666666667
UBA2,9.626444444444441
ERCC6L2,0.08103822222222234
TMEM55A,0.9737888888888895
CCDC136,0.051072005555555466
CAV1,-10.45995666666667
IGF2-AS,0.019933616666666664
MIR597,0.0
NONO,38.988255555555554
PRKAR1A,5.446394444444444
TTLL11,0.2742150000000003
MIR5191,0.0
HAVCR2,0.2749473888888887
FAM99B,0.0010730444444444448
MB21D2,1.1426956111111113
OR4P4,0.0
SNAR-A6,0.0
CA7,-64.31764975
UBTFL1,-0.0018733222222222228
UPF3B,1.3328955555555568
ELFN1,0.6384300666666668
USP8,-0.9408927777777762
MIR4282,0.0
NOL12,-0.36324666666666694
FAM100B,-1.4909722222222221
PHLDA3,3.3240299999999987
CTBP1-AS1,0.4906422222222222
PSG5,-0.0016800333333333332
SHCBP1L,0.0028723555555555556
GALK1,4.62356
TMX4,1.0053666666666725
MIR7-2,0.0
ALK,-0.04870521055555554
MINOS1,-2.207527777777777
MIR1304,0.0
LRP11,8.288142222222222
LRRC4,-0.04205099999999995
VCX2,0.0006599000000000006
C11orf84,4.553217222222223
KRT5,0.014117294444444449
NR3C1,-3.495875555555556
LOC100133957,0.10159866666666664
MIR4254,0.0
GPSM3,-1.4317183333333316
SETD7,4.544877777777778
RGS16,3.180392555555555
CLCC1,0.5363361111111109
PDCD7,0.6916872222222219
MIR4461,0.0
SNORA55,0.0
TDRD5,0.3445303333333332
WARS2,1.292129444444444
FLJ39051,0.19865454999999987
CLEC9A,-0.36017607222222225
DEFB122,0.0
C20orf24,53.09629444444444
PQLC3,-0.036359444444443056
CYP2B7P1,-0.8285277499999999
FGD1,0.9236023888888887
FAM177A1,-4.7175822222222195
KLK6,3.339510111111111
NGF,0.1539988499999999
MYCBP2-AS1,0.012902444444444446
FAM162B,0.27900618888888906
NPEPPS,-3.889766666666663
NPNT,1.4072111111111099
ERP29,-7.0113388888889006
HCST,-4.58478666666667
TAZ,0.5923527777777764
TRIL,-0.3683172222222224
ZNF76,-0.22582666666666462
ZSCAN1,-0.0034626222222222235
OR56A4,0.0
GOLGA8F,-0.0015849521666666667
ZC3H13,2.1196405555555557
RP9,1.4598827777777772
ACTN4,6.75971111111113
GRK7,0.002454388888888888
SCARB2,-12.78062777777778
STAP1,-1.0321127444444445
FANCA,1.738116833333333
SNORA74A,0.026689444444444432
ST6GALNAC4,-0.8261738888888885
MIR545,0.0
CD40,0.013931111111110006
MIR5692C1,0.0
NYAP1,-0.049843244444444434
RPS7,274.7311666666666
ALG3,12.736083333333344
REV1,0.04910333333333394
RDH11,7.602855555555555
TRMT12,1.1559533333333336
B3GNT2,-2.397029444444442
PDE4DIP,-1.6523972222222216
RNASE10,-0.00007605000000000112
DZIP1L,0.0936576944444445
L2HGDH,0.33570444444444414
LINC00277,0.0030250666666666675
LOC283143,-0.04218765555555551
MGC2752,0.1878538888888892
MPP2,-0.25999846111111097
GDF15,90.10089166666668
C12orf35,0.5331277777777776
ZNF182,0.3934494444444445
CCL2,5.208367222222218
HAPLN1,-1.953961027777778
LOC283440,-0.014890411111111113
RGS11,-0.43421750000000015
PYY,-46.50233869444443
LINC00439,0.008613133333333333
MARCKS,-26.37882222222221
SYNE4,0.8685451777777777
SMTNL1,0.0003228555555555533
GULP1,-1.2560978888888883
ZAR1,0.015660211111111114
PRRG2,-3.2763965000000006
FMO2,-0.06493437777777777
OR4K5,0.0
CCDC39,-0.011954938888888891
TTC9C,3.273637222222222
NXPE2,-3.281345833333333
PYCR1,20.31267555555555
CIAO1,1.4210055555555527
RPL22,8.573166666666623
DNM3OS,0.013405499999999959
LOC728743,0.139726111111111
MNF1,13.040433333333333
SEC14L4,0.4553985666666667
TRIM46,0.09808511666666664
ANKRD1,0.01842640555555556
OR4C15,0.0
ATP9B,-0.7868849999999994
ZNF880,-0.17987094444444462
LOC339874,-0.022930572222222216
PRAMEF9,0.0
PRDX5,28.686944444444407
LOC100507424,-0.10477279444444446
RTN4IP1,-0.20256500000000033
NMUR2,0.15068944444444443
TBC1D3P1-DHX40P1,0.032016666666666665
MIR369,0.0
EME1,0.620777
MARK1,0.14196744444444442
PCYOX1,-2.480391666666666
FLJ42969,0.0026373833333333332
INSC,-0.44533961666666644
LOC100507254,-0.2539133
SEC14L3,0.0036972611111111115
SS18,-0.9365405555555562
YIPF2,5.641027777777779
C16orf72,0.21912388888888934
DCAF4L2,-0.0007836666666666667
FLJ34690,0.0050329222222222246
SPINK2,-2.7641073333333335
LGALS3,-477.28044444444447
MIR635,0.0
SNORD115-38,0.0
WNT3,0.4755007777777779
CLIC1,97.40494444444445
PBK,3.1895702777777784
DTX1,-0.4631998333333336
RCCD1,0.4896122222222221
NBEA,-0.6767778888888888
MADD,-1.6000655555555579
ZNF883,0.06061184999999997
CXADRP3,-0.007746394444444444
GGT6,-30.56543327777779
NINJ2,0.16245472222222213
ANXA5,39.2415111111111
MSL1,1.35847222222222
GABRG2,-0.11122977222222222
TGM6,0.0077190388888888906
PAEP,0.1562114722222222
F2R,8.105542777777774
LHX3,0.028861127777777777
KIAA0430,-0.8184377777777794
ITIH2,0.006517060000000019
FIGN,-0.07379966111111108
CWC22,0.8550066666666662
LOC100130331,0.0005549377777777778
MIP,0.0015834111111110993
ABCA13,0.0641639961111111
BCAM,-0.5597277777777769
EFR3A,1.3712738888888882
LINC00260,-0.02514956666666665
NALCN-AS1,0.006474176111111112
SNORD116-5,0.0
SLU7,-0.7993672222222212
WDR47,0.11180333333333303
CYBA,30.11655555555558
CD97,8.691533333333332
KIF26A,-0.2892732222222225
ZFP64,2.5426277777777786
LOC126536,0.0
OR52H1,0.0
SLC44A1,-18.332716666666656
MYB,4.432520111111117
NPEPL1,3.8292155555555514
SLC39A11,3.2339416666666683
ZNF503-AS1,0.7700134999999997
ZNF548,-0.041173499999999974
SNORD18A,0.0
GLIS1,-0.09650748888888887
OR8D4,-0.0010465166666666663
HS3ST1,0.9403144444444447
MIR1208,0.0
MIR4682,0.0
NFXL1,1.5141611111111106
POMZP3,0.2212633333333347
SBF2,0.4525583333333323
DOM3Z,1.2202705555555555
PRORSD1P,-0.23053261111111112
SIX1,0.11328803333333332
ZNF326,0.7528055555555575
GPR45,-0.008499961111111114
NDUFA4,19.931777777777768
MYLIP,0.07802833333333403
IL1RAP,1.1884175555555556
CCRL1,-0.3788424444444446
LYPD6B,0.5186953333333337
MIB1,0.4471244444444453
UBR5,2.149437777777778
SNORA51,-1.9400555555555554
CCNO,1.8983579999999995
GORASP2,8.48498333333334
ANKRD11,0.08098666666666787
DKFZp451B082,-0.0027054972222222222
TOX2,-0.8207625000000003
OGFRL1,0.033737277777777575
GLIPR1L2,-0.00552717222222221
LOC100128292,0.04511079999999999
TSPAN5,1.9802044444444444
CRSP8P,0.005554597611111111
KIAA1841,0.18738333333333346
GML,-0.00887768888888889
LOC100133286,-0.00348671111111111
SUOX,-0.6695027777777778
FRG2,0.0014257527777777777
GCK,-0.045856916666666664
MIR3918,0.0
MYOT,-0.2474904444444445
DNAJC30,0.18377
TCEANC2,-0.06903277777777728
CLDN18,2.2498447944444444
TELO2,2.9111922222222226
CD200,0.2404500000000005
CDH11,7.869764444444445
HLA-DOB,-1.632135777777778
NUP54,2.7583933333333324
ENTPD5,-28.54223888888889
MYLK4,0.05003923888888889
SEC1,-0.08353796566666666
BCL2L14,-2.8791364444444465
DOCK11,1.5516683888888885
LOC642846,0.3311289444444443
MIR4760,0.0
TSPAN4,-1.5757400000000032
VPS13D,-1.2985827777777779
HEXDC,-2.022254444444444
ABCC2,0.6532303555555554
LEFTY1,57.88828616666666
MSRB1,4.525527777777775
SNX24,-2.757418222222222
HIF1AN,-0.4262305555555548
LOC550643,6.928082777777778
OR1G1,0.00466395
MTMR6,2.216230555555555
CDK14,-0.1365672222222225
RUFY3,-0.5437483333333333
WAS,-1.662907777777777
APH1B,0.07349038888888915
CTSA,-51.63811666666663
FLJ39639,-0.13836133333333334
PPP1R16A,-0.3880388888888895
ASNA1,3.932205555555555
LYPD3,0.37177127777777774
RBP7,0.27789094444444484
DPCD,7.327023333333331
BMS1P1,-0.030541611111110978
FBXW2,0.8147366666666667
JSRP1,-0.7502509555555557
APOBEC2,-0.037374599999999994
NDUFS8,-1.4713277777777733
CRISPLD1,0.44076358888888895
DENND1B,-1.7089561111111116
NCAPD3,2.746228333333333
NOD2,0.5952492777777777
SGK2,-15.03069533333333
LOC100506655,-0.003355466666666666
TOMM20,19.109027777777783
WDR44,0.192159444444445
DLG4,-0.1557947222222218
PRDM14,0.0010233444444444446
ZNF549,-0.2531448333333334
RBFOX3,-1.408061038888889
VMAC,-0.19284277777777747
MIR4732,0.0
SLIRP,14.22075555555557
CDK17,0.02184555555555523
IL23R,-0.1842168500000001
DLL1,-0.9783211111111108
CHMP4B,-1.431955555555561
C7orf62,0.0
FLJ42102,0.0
GRAP,0.38950372222222196
UNC13C,-0.00346311
FLJ42351,-0.18742817222222224
NUDT4,5.810344444444446
GPR88,-0.02589087777777778
SNORD114-3,0.0
FOXL2,0.004193944444444445
PEF1,-0.03236111111110773
ZBED5,0.9535333333333309
GLE1,2.089273888888888
CITED2,-25.947969444444443
PCNAP1,0.0
ANO10,-7.006667222222223
ACBD5,0.831903333333333
OR5I1,0.0
DNAJC6,0.08468843888888888
GREM1,15.189259444444442
TTTY3,0.0
KIAA1217,0.9213933333333344
PMS2L2,0.23090777777777793
ANKRD7,-0.0011089222222222216
MMP26,0.0
SLC4A4,-25.238703611111113
C19orf75,0.0
SNORD63,0.0
B3GAT2,-0.16051627777777777
NLRP14,0.003335059444444448
CAPS2,0.08987147222222223
ATP6V0E1,1.3424444444444816
SPATS2L,-3.057688888888894
SRSF3,23.800861111111118
TIMD4,-0.3022242444444445
PIK3C3,-1.0101683333333327
SVIP,2.1738511111111105
PLA2G4D,0.01765112777777779
TTC38,-12.600435000000001
DNAJB2,-3.7449722222222164
GALNT4,5.654085000000002
CPO,-0.022638883333333325
CASP8,1.0277516666666653
GOLGA4,-0.18579888888888796
EIF3F,10.212094444444446
OR51V1,0.0
RAB34,1.4658144444444456
MTRF1,0.82314
KIAA1984,-1.0366602222222223
MIR4522,0.0
SNHG12,2.5501933333333326
SNORD18C,0.0
SRGAP3,0.005181833333333441
TARS2,2.5028444444444435
UNC5B,-2.488524999999999
ZNF736,0.27513455555555544
SLC25A4,-2.9367438888888886
ARFGAP2,-1.610105555555549
C15orf38,-5.7241683333333295
LPCAT3,-6.4769611111111125
CWH43,-12.218351444444446
MAPK4,-0.13937463222222224
PCDHA2,0.00009629083333333524
TRABD,0.14733888888888913
LOC100287238,0.0002853165
HES5,-0.38333078888888894
IGJ,-3234.16696111111
MIPOL1,-0.4197416111111113
LOC730091,0.19263109444444437
MIR3614,0.0
HRH2,0.12877710555555552
CACNA1D,1.1203609999999997
DHRS13,0.08183611111111144
RETSAT,-49.591867222222234
LOC100287846,-0.055637416666666675
RPN1,16.209588888888902
SDCBP,7.959905555555551
SPATA21,0.018881227777777777
ARNT2,-0.6419016000000002
CPXM1,6.885894888888889
NDUFA4L2,14.804107777777778
ADAM8,2.259103888888889
HTR2A,-0.003380777777777788
ATL3,0.5618061111111121
ADH5,-8.437049999999985
MED20,1.28962888888889
CCL1,0.05395461111111112
DDX31,1.8174455555555555
TAS2R60,-0.012810616666666663
FAM22D,-0.2113863888888889
ESR2,-0.3974756
RARRES1,-2.4322955555555534
LILRA5,0.5608162222222223
GABPB1,0.9474977777777771
ROM1,0.21583705555555555
GRXCR1,0.0
LOC643623,0.0019960700000000004
KIAA1211,-4.307240666666667
IGFBP1,0.13136275000000006
FBXO24,-0.021893361111111106
MAD2L1BP,-0.7298494444444437
NAA38,1.1725255555555565
FLOT2,2.3302055555555583
MED9,-2.4384516666666682
MIR4699,0.0
PRICKLE3,1.4223894444444447
PRKCDBP,7.899462222222223
RTN2,0.21525499999999953
SP7,0.0003003111111111109
TIMP4,-0.02399283333333302
ZNF485,0.9545178333333328
SUSD4,-0.08471073333333329
PEX26,-26.23838722222222
SRPK3,0.4125657111111112
HIST1H2AB,0.003162888888888892
UBL7,-2.2708661111111113
CDON,0.1314586666666666
H2AFX,11.467433333333332
CTSO,-2.495883888888887
IL17D,0.21296294444444452
NLRP1,-0.4436612222222225
BLMH,1.1343566666666662
PHKA1,0.7588979444444439
COG7,-0.3037000000000001
APOL2,-0.13437055555555588
CCDC17,-0.20254809999999998
LMTK3,0.46950773888888886
ASPA,-0.9383785888888891
SLC12A8,2.170413944444445
ERVV-1,0.020182524444444433
PRAMEF18,0.0
FAM13B,-0.9865616666666672
CDK12,2.3589994444444455
FBN3,0.0020151122222222223
RPS19BP1,0.1971222222222231
KAT6B,-0.8744144444444442
LOC100130890,-0.022988611111111168
LPIN3,-1.6853288888888898
CAMK2B,-0.1441545111111111
MYO15B,-10.159764444444443
STMN3,10.815757777777781
TRPV3,-1.4061500444444441
RPS16P5,0.004753137222222214
GABRG3,-0.007165922222222222
HAVCR1P1,-0.00721305555555557
IRF2BPL,0.20717166666666564
LINC00589,-0.034349872222222216
LRRC3-AS1,-0.026730249999999997
RBPMS,4.970465000000001
POLG2,0.5725472222222217
MIR154,0.0
PRAF2,1.5686061111111105
TNNI2,-0.10404008333333337
LOC100128361,0.1502744055555556
AWAT1,-0.004423933333333334
LRRC41,1.6027777777777796
DNAH7,-0.039116961111111126
FDPS,14.439683333333342
HMGN4,1.9676333333333353
HSPA4L,0.5054090111111111
PCDHGA1,0.20665929444444445
CD83,0.4612663333333331
GJB5,1.6415021777777778
FAM189A1,-1.2710347388888887
LBR,13.15431666666667
MIR4648,0.0
RG9MTD2,0.0744294999999997
RGS14,0.12102722222222173
ALDH5A1,0.2657366666666663
GRB10,2.7853561111111103
NXN,0.6467761111111114
IL2RA,0.4937825555555555
LOC100292680,0.07897329999999997
PSMD2,8.264394444444441
LOC149950,0.0
RMND5B,-1.7388238888888896
SLC10A6,0.06598692777777777
THOC1,0.10939666666666614
CHM,0.9277000000000006
ACAP3,0.16368611111110987
HAO2,-0.008758872222222217
HMGCL,-14.646795000000004
KCTD1,-0.7601974999999999
RBMY1A3P,0.0
NDUFB5,-1.8151222222222287
WRNIP1,4.262594444444449
FOLH1B,0.01685104055555556
AHSG,-0.03340347222222223
ZNF302,-0.3152288888888881
LOC729739,0.0037132222222222237
RASAL2,1.442342222222222
C12orf61,0.00533069444444445
ZNF836,0.003992777777778178
WDR11,-1.1431211111111104
CAD,4.160166666666667
HRK,-0.17094785
TMEM107,-0.2525416666666658
EMILIN1,9.249886111111113
ZNRF2,-3.239647222222226
RBM46,-0.002206811111111112
MIR371B,0.0
ROCK1,-0.7600538888888888
FAM49B,4.1975322222222236
MIR5685,0.0
AANAT,0.0028416944444444384
ARHGAP30,-2.6271144444444454
MIR1468,0.0
SPP1,79.85150999999999
AOC4,-0.016072678833333326
SLC9A6,-0.30416500000000024
TNFRSF18,-1.121026666666667
NLN,0.7936661111111114
MIR1244-3,0.0
NDUFS7,-25.065405555555557
ESPNP,0.014240633333333329
OR1L6,0.0
TBC1D8B,0.8570405555555558
UBE2R2,4.831027777777775
C3orf58,0.9559549999999994
MIR4493,0.0
IMP3,0.6874499999999983
RHOXF1,-0.04238910555555556
FBXL8,0.5038866666666673
LOC440300,-0.04380022222222224
CRIPAK,-0.6591483333333334
TMEM50B,-1.8701299999999996
DENND1A,0.6255844444444474
LOC100505967,0.0024067166666666665
CA13,0.6264677777777772
C11orf86,-9.301103816666666
DNAJC9,6.300300555555554
DYNLT1,16.65021111111112
LOC440028,0.03281800555555556
BLZF1,0.5007538888888883
LOC441461,0.24326122222222224
FAM200A,0.656270333333334
SULT2A1,-0.02852891666666668
URB2,1.4874780000000003
EPC2,0.15573444444444462
LRRC43,0.15083758333333336
ZNF846,-0.109788
C21orf62,-0.014195085000000007
GBP6,0.007944261111111111
FOXC1,0.674154388888889
NENF,3.3913116666666685
NAT10,9.093833333333334
NRIP1,-2.6593266666666686
PAF1,-0.1510922222222213
PGGT1B,-3.0658633333333345
POGZ,-0.7652872222222227
RPL19P12,-0.016684788888888892
CROCC,0.21418333333333317
C1QTNF3-AMACR,0.12852926000000003
ZNF660,-0.02845853333333334
CSTT,0.0015173555555555555
CTR9,-0.2776027777777781
OR10V1,-0.04750744444444445
C10orf47,0.6391482777777782
LOC729678,-0.6272166666666674
LACE1,-0.3662428888888889
RHOD,2.3755455555555556
TRIM71,0.06762052222222222
ARHGEF16,-6.644104722222224
ABCA10,-0.5254509388888888
GTF2A1,-0.25708555555555446
MIR511-1,0.0
PHF13,0.9838816666666652
SNORD115-33,0.0
ANKK1,0.02650294444444446
GALK2,0.9799199999999999
ARHGAP32,-0.4768233333333338
FAM193A,-0.8106549999999992
POM121L8P,0.002384224555555557
RPL36,432.862833333333
PMVK,-0.7525555555555528
SLC9C2,0.0028126494444444448
OR9Q2,0.0
OR8G2,-0.004510494444444444
OR10H3,0.0
MAFG,2.4049694444444443
RGS1,-2.667601666666666
CER1,-0.011010161111111113
ZNF684,-0.4713033888888889
TRAF3IP3,-1.7931243333333333
FBXO33,-0.28071277777777803
KRT18,89.57500555555549
LOC389791,0.32738227777777773
MAGEB18,0.0
NXPE1,-24.56114527777778
RPL23AP32,-0.011415888888888889
GPR126,0.3393824999999997
ZKSCAN5,0.2877183333333333
MYBL2,13.030630277777774
MIR550A1,0.0
KRT222,-0.19032381111111113
GBA,-6.085588888888893
BVES,-0.3112145388888887
KCNN3,-0.22712305555555568
C16orf96,-0.010726324999999998
KLHL30,-0.000564444444444423
HIF1A,5.200922777777777
MIR3156-1,0.0
CXorf40A,-1.161150000000001
MRPS9,0.24184222222222118
SMC1A,3.369554444444443
SNX15,-3.2437038888888896
KDM4E,0.004854055555555557
EHD4,-2.2294944444444447
MIR125B1,0.0
BEND6,0.061537494444444396
DVL3,1.9192611111111084
ZNF552,-1.1493255555555555
NRG4,-0.3397610111111112
POLR1A,3.412368333333334
BTN2A1,1.0495866666666664
BTNL3,-26.278817833333328
DYRK1A,-2.2076633333333344
CAHM,-0.0017994166666666644
DZIP3,-0.13259888888888938
FREM2,0.28153211666666667
FSD1,-0.15736644444444442
MIR1469,0.0
MRPS5,-0.3722888888888889
NRP2,1.493495055555556
CNOT8,-0.7024611111111092
MIR4260,0.0
SLC38A1,2.4062222222222296
ENTPD7,0.9284863888888888
GABBR1,-0.5918522222222222
AIM2,-0.1849140555555555
TMCO2,0.0070428888888888885
TRERF1,-0.39997872222222197
TLX3,0.03439338333333333
TMEM79,0.45450333333333326
PTPRN2,1.4773955555555558
RXRA,-8.852433333333337
LOC728978,0.24100427222222215
LINC00317,0.0
C1orf54,1.711352777777778
PCDHGA3,-0.015727755555555556
PPWD1,0.7060683333333326
PCBP2,9.311761111111124
BCL2L2-PABPN1,-0.3475388888888915
ZNF669,0.4557238888888888
COL6A3,33.083445555555556
ADCK2,0.3465861111111117
ACSF2,-16.234860555555557
DMRTC2,0.0
GAGE10,0.0
CPEB4,-0.7660127777777772
KCNJ8,1.7413921666666663
KRI1,1.6111666666666666
ERI1,0.9512727777777781
CECR3,-0.015558327777777778
MCF2L,0.7101277777777781
SPAG7,-7.488100000000003
TADA2B,-3.268844999999998
IRG1,0.01815208888888889
UGT2B7,0.3278350611111107
TIMM17B,9.876872222222222
FAM190A,0.14925503333333334
HNF4A,-5.295593388888896
LOC100288346,-0.06936914444444445
LOC100506930,0.6247160555555558
RIPK2,4.071012777777778
LOC284998,-0.002486394444444445
KCND1,-0.006003999999999898
RPL36A-HNRNPH2,0.5795885627777776
AR,-0.07334235555555557
WBSCR17,-0.28357559444444447
UBXN2A,0.14892722222222154
NKX6-2,3.6833333333331428e-6
CD72,-0.08495172222222225
PCCA,-0.7945538888888883
GTF2IRD2B,-0.7722433333333338
ZNF434,0.4400983333333328
ENO3,-0.01732894444444455
IGFL4,0.11274450000000001
MS4A7,-2.7851261111111096
BPHL,1.7042350000000015
C10orf12,-0.0538575555555556
PTGR1,-4.95345
MIR520A,0.0
ATG4B,-2.177572222222217
MIR3682,0.0
MIR4679-1,0.0
OAZ1,28.34677777777779
SCML1,6.213362777777778
STON2,-0.10721866666666657
AK4,1.7433783333333341
EDN3,-14.947553100000004
MRPL9,5.896244444444445
GOLGA7,4.123316666666668
LOC339290,-2.3311794444444454
OR6C68,0.0
H19,59.389070777777775
DNAH8,-0.004046111666666666
MPDZ,0.11180383333333332
OR56A3,0.0
PGM1,-19.063672222222223
SIRT2,-0.7141038888888893
TAF1,0.6170616666666673
IST1,-6.564066666666662
CASD1,-5.8934261111111095
CYP20A1,-0.1372694444444449
HMGA2,1.3307118444444441
RPL28,109.5432222222222
HMBOX1,-0.0019902222222223376
SKI,1.7130411111111101
LGALS7B,0.2406084388888889
TXNDC5,-34.6823277777778
ACYP1,1.6044000000000018
IL20,0.0022426499999999997
RPS27L,-3.6215666666666664
MIR3140,0.0
CELF3,1.2247108722222224
DNAJA1P5,0.005938594444444445
ZNF430,0.46574011111111124
CT45A4,0.0005553277777777778
LOC100506178,0.06150549444444442
LOC338817,0.011161377777777773
LTB,-4.312446111111111
RCN2,6.751938888888887
CTDSPL2,-0.1673733333333347
IL27,0.026978566666666676
LYPD5,0.706531611111111
AASS,0.0888442222222221
MXRA7,2.1189900000000037
SLC4A7,0.9183161111111113
ZBTB25,0.10590600000000028
BOLL,0.004067461111111111
SRSF4,0.01650555555555755
RPS10-NUDT3,0.4314122222222223
UBA6,1.9433377777777787
GSTP1,106.67596111111118
ZNF347,-0.1159133888888888
MCM8,1.7153096666666665
PRDX2,38.74831666666668
FAM83B,-0.25384696666666606
ALS2CR11,-0.0017957744444444396
GGA3,-0.7904622222222191
MIR4798,0.0
CNTD2,0.90216805
FABP2,-19.996346333333335
CCL4,5.440816666666666
LUZP4,0.0013775444444444444
MIR4500,0.0
OPRL1,-0.14445816111111104
PPP2R5C,2.905772222222218
RFNG,-0.7924927777777793
GLRB,0.16782073888888888
OR14I1,0.019811377777777778
SNORD38B,0.0
FABP1,-3757.7755777777784
B3GNT8,-9.613502777777775
JDP2,-2.0127588888888885
NUGGC,-0.7060246000000001
FAM214A,-2.525575555555556
NTN3,-0.010171849999999996
AP5B1,-1.2434922222222227
CHRFAM7A,-0.048204451111111046
NRXN3,0.18561471111111105
TMEM165,16.880583333333334
MAPRE2,-1.3340372222222214
PAPSS1,4.272077777777778
PRKX,-0.3056244444444447
ANO6,4.541050555555554
ZNF890P,0.014568084999999995
TBL2,4.818566111111114
LOC100129534,-0.25307576111111113
NDST2,-0.9596127777777772
LOC283693,-0.005510444444444457
EMX2OS,0.010564688888888884
LAMP2,6.434177777777776
MIR218-1,0.0
POU5F2,-0.00035356111111111213
PPA2,-1.199244444444446
BMP8A,0.17096033333333338
HMGA1P7,-0.0032256111111111114
ITGAM,0.37682511111111117
PSMA7,91.02468888888887
LOC399708,0.0
GAGE1,0.0
MCTP1,0.21581094444444426
DHDH,0.19370839444444443
GLP2R,-1.5301003888888889
NCBP2,15.14235
XKR7,-0.009398133333333331
HTR3A,-0.3615948611111111
CAPS,0.9607823333333334
ECHDC2,-7.743321666666663
GLS2,0.6310911111111113
RGMA,-2.8686125555555577
TRA2A,3.5289222222222243
TNFRSF12A,34.33337333333334
SOX30,0.1394041944444444
MIR548F2,0.0
ATP13A1,2.3941994444444443
CPNE4,-0.12763275555555556
C3orf15,-0.06262831666666668
RBM23,-1.7093833333333315
SIRT1,-0.3487438888888903
CLPSL2,0.0117945
C1orf114,-0.029409838888888887
OR6C1,0.0
TMEM33,2.6048972222222204
UBD,62.21956833333333
OR6Y1,0.0
SEMA3G,-1.0681174999999996
COX7C,-192.48027777777793
OR5R1,0.0
APOC1P1,-0.03187113888888887
KIAA1147,1.7953711111111108
MIR4639,0.0
MIR1286,0.0
ARL16,1.186268888888888
ATP7B,1.8711750000000005
PIWIL4,0.5422098333333336
PLLP,-0.9178981666666655
CROCCP2,-2.022280000000001
LGALS1,85.83294444444437
TMEM183A,-2.130795555555558
TSPAN17,-0.643634999999998
SOHLH2,-0.04561884599999999
PPAP2B,-8.409247222222222
ZCCHC8,-0.6995166666666668
TM2D3,-3.551711111111107
ANKRD24,-0.12971464444444442
SCML2,0.29778065555555555
GLOD4,-11.39767777777778
SNHG8,23.773244444444444
C9orf152,-0.12640900000000244
EIF4A2,8.601633333333325
OGT,2.443194444444444
ZNF724P,0.2737177222222223
C7orf69,0.03416484444444444
EIF2AK4,0.5103033333333329
PDZD4,-1.153579755555556
LOC100507032,0.05688406111111108
CYP26A1,0.05646431111111111
MIR4471,0.0
CTAGE10P,0.0012300777777777792
QSOX2,2.6847927777777776
PSMC4,5.9069444444444414
SEMA4A,-0.5790783333333329
ZNF428,0.8675611111111099
LY6G6D,20.418126555555556
SLC22A10,0.0010499555555555564
LIM2,0.0
PHC3,0.29718555555555604
SPEF2,-0.012329499999999993
EIF4EBP3,1.7580305555555533
ATF7,2.23609388888889
C2orf65,-0.023418155555555563
ACOX2,0.4584527777777785
CCT6P3,0.6679716666666664
MIR3659,0.0
MTA2,5.741844444444446
EEA1,0.5792311111111115
PLCB2,-1.2092561111111113
ARIH1,0.5650877777777801
CTAG1B,-0.00025795166666666667
EML1,-1.5179277777777775
OIT3,0.23960787777777792
MMP23A,-0.004249498888888889
PAGE4,0.02057413888888889
CCDC142,-0.20589722222222218
ITGA1,5.8965349999999965
HIC2,-0.29087388888888865
NBPF14,-5.554766111111112
SON,-0.36271111111111054
DCAF12L2,-0.019122016666666672
PCDH18,0.10417055555555521
GDPD3,-10.62531166666667
LOC100859930,-2.356597222222222
PEX5,3.400261111111112
RASSF5,-2.4145655555555567
ZBTB32,-0.0687971777777778
CCNL1,0.13733888888888757
RBX1,6.2791944444444425
GPATCH2,1.074398333333333
C10orf68,-0.002132250000000009
GPX2,147.57450722222225
STXBP5L,-0.0430199511111111
CYSTM1,-34.81020000000001
MIR519B,0.0
ARHGAP20,-0.3874947555555555
15-Sep,4.6295111111111
LOC100130557,-0.02615238888888871
MBD3L4,0.0
APAF1,-0.8642883333333327
DBN1,4.689852222222223
GBP1,3.3144672222222233
LOC729799,0.008203188888888907
SNORD76,0.0
LOC100170939,-0.4563028888888887
TBX3,0.2226811111111111
TRIM43,0.0
PSPN,-0.04364705555555555
UBE2QL1,-0.2685117722222222
C16orf13,12.527677777777779
LINC00299,0.011731405555555553
ATP6V1B2,-1.527288888888883
AACSP1,0.0023690388888888887
MIR4476,0.0
EPSTI1,5.312460555555555
ICAM5,0.17080785555555558
STARD10,-16.257751111111105
COL12A1,13.237161111111114
CTTN,0.6467000000000098
LRPPRC,7.518994444444452
RHCE,0.06128754444444445
KRT76,0.0
OR51A2,0.0
TNFRSF13B,-3.184811361111111
DIP2A-IT1,-0.048522944444444445
ELL3,-1.9210588333333334
RPS21,877.2949444444444
GEMIN8,0.9382549999999998
CFTR,-4.451733666666666
TAF1C,1.076120000000003
BOD1,5.402755555555554
LOC100132396,-0.002720238333333333
CD3EAP,2.579648888888889
CPNE7,4.61390221111111
HCG26,-0.48332772222222253
SLC16A11,0.025862933333333227
TMCC3,-8.902965000000002
ZNF124,-0.4273800000000003
IGSF23,0.29644519999999996
ARID3A,3.875517388888888
LINC00327,0.0030824611111111115
MIR1278,0.0
C3orf26,6.1329616666666675
KCTD5,-1.2714111111111102
MLIP-IT1,0.020373766666666668
SERPINF2,0.7131202222222223
SLCO4A1,13.386669222222222
C8G,-1.2347056111111112
IFNK,0.0
GTPBP2,-0.9957666666666647
AURKAPS1,-0.0021230722222222304
CCDC8,0.10365183333333317
KCNJ4,-0.006006272222222227
C14orf37,0.26820722222222204
MIR5047,0.0
OSGIN2,1.6689261111111104
ELMOD2,-0.44492499999999957
RALA,7.998533333333334
U2AF1,21.79483888888889
VPS26A,2.1050611111111124
CTSL3,0.0
C17orf76-AS1,54.63294444444443
LOC100505715,-0.24106759444444442
AP1S1,25.34841111111112
GALC,1.2648622222222219
MAPT,-0.40050108888888897
LSG1,2.53674
EFNA3,9.910668555555555
A1CF,-1.2822277000000009
LGMN,-27.27989444444445
LOC100499194,0.006213949999999999
CALD1,18.728388888888894
LOC100128590,-0.011324861111111115
LINC00173,0.015412816666666662
LOC340073,-0.00004704444444444435
CD38,-0.927780166666667
MGC12916,0.000602588888888908
MIR590,0.0
GZMK,-0.6632170000000004
C1orf189,0.023478333333333337
SH3BP4,4.332015555555554
IRF3,0.3435577777777752
CYP4X1,1.330868277777778
SLC25A34,-2.3028449444444443
SNORD45C,0.0
DTD1,9.365996666666666
LOC286135,0.0
CMTM1,0.5369948333333328
CD163L1,-9.691098499999999
HULC,0.08238877777777778
P2RY8,-1.4575191666666663
ST18,-0.009477931111111074
STOML1,0.12823388888888942
ZFP90,0.41612722222222187
ZNF252P-AS1,0.011962255555555579
LOC100009676,-0.11898927777777779
HOXA11-AS,-0.5450528333333313
AGBL1,-0.002462912222222222
LOC440895,0.0877629011111111
KRT32,0.024755299999999997
MIR4265,0.0
OVOL1,-0.20321486666666644
SLC8A3,-0.10838884111111113
ADAL,-0.32340922222222224
IL6ST,-2.5961588888888905
SERPINB6,7.209827777777775
LOC728739,-0.08051208333333332
NEU1,8.616627777777776
TIPARP,-0.8702622222222223
FUCA1,-56.012249999999995
TRIM5,1.5561016666666658
TRMT112,56.200183333333314
HUNK,1.674511055555555
MIR5087,0.0
ASCC2,-4.042136666666668
KRTAP4-11,-0.004263183333333333
VPS18,-0.7139183333333339
WDR7,-1.3040444444444446
EPHB3,14.712454444444443
WFDC6,0.004908788888888888
C3orf27,0.0009542166666666667
C1orf129,0.00468835
IDH3A,-14.22872222222222
ARHGEF2,0.5738611111111105
CBS,-0.9694071111111113
UNC13D,-0.7365322222222215
TEKT4P2,-0.20715155555555587
HIST1H1T,0.017506427777777778
MIR26A1,0.0
CDK9,-0.1617999999999995
STAMBPL1,2.7297827777777774
DEFB119,-0.011294666666666668
GOLGA8DP,-0.014805616444444444
PREX2,-0.057175888888888915
MIR3129,0.0
KLHL20,0.024073333333332947
PSPH,4.451693333333333
NT5M,-0.13633458333333326
DTHD1,-0.03432703888888889
WDR36,1.8151449999999993
RABGGTB,6.460344444444445
TIMM44,2.1307444444444403
COX8C,-0.0019238888888888847
FAM90A2P,-0.017309283333333328
TCP10L2,0.010242084444444459
WWC1,1.3703069444444442
ZNF561,0.4834750000000003
METTL11B,0.016759983333333332
SASH1,-0.2976672777777778
GTSE1,2.243081499999999
SERPINB11,-0.01161693888888889
ZNF782,0.21339605555555552
DLK1,0.0014051111111111109
IFI16,1.8648583333333342
PICK1,-1.4167283333333316
LRRC15,0.5831514277777776
NEK3,4.414441666666667
IFNA7,0.0
CCL3,3.6819147222222233
OR51G1,0.0
MIR4707,0.0
DGKZ,6.577311111111108
WASH3P,-2.021473888888888
ZNF439,-0.1621797777777778
H3F3A,27.20519722222222
IL9R,-0.15256716111111107
CDC14C,-0.0009774577777777772
USP17L2,0.0009156222222222223
MDH1B,-0.025952427777777787
SCAND3,0.07193577111111116
AKT1S1,2.196455555555552
BUB1B,3.119659666666666
CFC1B,-0.05287078688888889
VASH2,0.4038215666666666
VN1R2,0.0015901444444444413
SNRPE,21.16988888888889
EDDM3B,0.0
OMD,-0.39851392222222215
GPR87,0.08609682222222223
KDM5D,-2.15817045
ARHGEF10L,-5.054327777777775
TNFAIP8L1,0.8863544444444447
ZNF449,0.27871894444444434
PGAM1,9.24874444444444
FKBP15,0.5074911111111104
SNORA18,123.65958333333333
SNORD96B,0.0
TSPAN16,-0.0006985666666666666
PRSS45,0.016280333333333338
RDM1,0.19212698333333333
ACSL5,-6.814735000000013
FAM24A,0.0
EXOSC3,4.506105000000002
NFAT5,1.228790555555555
RNF114,16.098283333333335
HOXA4,-0.029206055555555555
FAM132A,-2.149689111111112
LOC100216001,-0.548698361111111
NDC80,1.9033031111111107
PRKCSH,11.79498333333332
FAM3A,-1.3570994444444437
MXI1,-13.437768333333333
DEDD2,-1.9145966666666645
TANK,-1.0951605555555552
LAMA1,-0.5907685666666667
MAGI1,-1.6953461111111112
HOXD13,-1.5678566777777778
MEMO1,5.2796777777777795
NPHP4,0.5557173333333338
BTF3,61.63833333333332
FXYD6,-6.904940000000003
C9orf43,0.1027614
RPS15A,485.03944444444437
MAP3K12,0.3346577777777773
ZEB1,1.1452727777777776
ZNF32,1.0574361111111124
LOC731223,-0.006461394444444449
NOL8,3.294495555555554
FRG1,0.5261499999999977
HIRA,1.1509794444444434
EIF2AK2,1.6329344444444445
WFDC13,0.01068143333333333
DPP9,1.6002227777777769
CNIH2,-0.09090317222222219
MICALCL,-1.1672741111111113
PSD,-0.6845259055555553
SGK1,-21.427091666666662
EIF3C,12.696938888888887
DUSP4,2.2905786666666668
ERVFRD-1,-0.043110116666666684
F12,1.237896611111111
IQGAP3,4.308309833333333
KIRREL2,-0.00003229444444444868
LINC00087,-0.13777435555555556
MIR3945,0.0
SMARCD2,5.839555555555556
LOC100506585,-0.044323666666666706
STH,-0.012745333333333334
LOC729041,-0.07213285000000001
TM2D2,2.1555283333333346
ZNF605,0.18739111111111106
ZNF735,0.0
SGK196,0.305112611111111
SLC37A4,-1.1608538888888944
GPR97,0.6601515055555554
THTPA,-1.4729444444444448
CYP1B1,0.27059977777777755
PTCD3,1.6242561111111122
KLF11,0.1317250000000012
ZNF687,0.03689111111111121
ACTN3,-0.00053311611111111
SDHAP2,-3.5329055555555557
MIR4635,0.0
ARHGAP9,-2.535139999999999
VEZF1,-0.468160000000001
LOC100129269,0.005774827777777769
CALY,-0.6083209277777778
GVINP1,-0.6187633333333332
MMS19,1.7407022222222217
XRCC2,0.916327
ZIM2,-0.03256007222222222
ZNF587,0.7862350000000005
ZNF879,-0.09021883333333336
OR4C13,0.0
PITPNM2,-0.5288961111111106
USP7,4.479733333333339
GOLGA6L6,0.023338232277777773
PRG4,0.09994547222222222
SEC13,9.787077777777782
DFNB31,0.45143722222222205
LOC100132774,-0.022440572222222233
LOC147670,0.004960511111111093
LOC440356,0.14129436666666667
MORC1,-0.009660223333333334
TRPM3,0.06930615222222222
IQCF1,0.004484261111111111
PDE4B,0.6790682777777781
RPS6KB2,-0.10615555555555645
WFDC11,-0.010288533333333334
RNU6-6,0.0
PLA2G7,-0.2269867222222226
MIR4273,0.0
NGDN,2.664094444444437
SNHG4,1.6319423333333334
TGM4,-0.006494388333333334
FGF4,0.018284766666666667
AFAP1-AS1,2.446929905555556
MIR3689D2,0.0
PRB1,0.050978577777777784
FRMD7,0.00019744222222222227
C1orf65,0.00001807777777777797
ITPRIP,1.670435555555556
CORO2B,-0.47008591111111114
C8orf31,0.034401438888888886
FLJ43681,-0.006973061111111067
GPR27,-0.09346007777777776
KIAA1908,-0.259686833333333
GOLGA6L5,-0.17294122222222225
FSCB,0.0
APP,2.9644444444444957
MIR508,0.0
SEC31B,-0.5530693888888891
UBXN1,0.4508611111111094
ZDHHC14,-0.8597372222222219
MIR3160-1,0.0
IFNA6,0.0
RAD9A,-0.03532111111111025
ACACA,3.1319677777777772
ELF2,0.03158722222222288
DIAPH3-AS2,0.0
GBP4,0.267793888888888
TAF1D,6.579201111111113
HIST1H2BK,58.27095555555555
TEX34,-0.029550705555555556
ULK4P2,-0.05080999888888889
FBXO48,-0.18548277777777777
NSFP1,-0.6579983333333335
HIP1R,-0.8419166666666662
RNF151,0.01765663333333333
OR8B2,0.0
CCDC164,-0.006010317777777779
EVL,-4.236828333333333
NDFIP2,5.036892777777776
PDE3A,-4.808775555555554
ANKRD36,-0.04267322222222225
FGF22,-0.037025249999999996
PROCR,8.275000000000002
SPINK9,0.0
SNORD125,0.0
PLD2,-0.06298333333333339
HNRNPH2,8.864994444444449
LMO2,-0.42892833333333513
POU2AF1,-9.553519722222223
SET,54.448633333333305
DNA2,0.9837700555555555
ERCC4,0.3052997777777775
FAM21C,-5.486548888888885
MIR548X,0.0
MXRA8,8.828725000000002
CD1B,0.08054662222222223
NUP210P1,0.0
LOC388387,-0.0048778333333333364
ALG5,13.61704444444445
LOC401463,0.009739161111111116
HTT-AS1,-0.006550322222222222
SAA1,12.534776055555554
RUNDC1,-1.7622011111111098
C5orf34,0.5853286666666664
LOC729987,-0.0008069777777777778
SLC7A5P1,0.9921594999999999
STT3A,20.754755555555548
TBC1D12,-1.3467777777777767
LINC00340,0.4060081555555556
PDX1,6.396153411111111
DSCR3,-4.276777777777779
FLJ27354,-0.06714345555555555
HPX,-0.19073166666666663
SLITRK2,-0.060899599999999984
CYP4F8,0.0067770722222222236
FNBP4,1.162271111111112
LOC100133050,0.061814698722222214
MIR4742,0.0
ACTA1,0.051261488888888894
MIR5583-1,0.0
ACBD3,1.9263777777777769
C2orf89,-1.5278432777777766
KRTAP5-10,-0.02299617777777778
OBSL1,0.9444953333333332
PRAMEF8,0.0
RER1,-9.801205555555558
RNF216,1.7596466666666677
ADORA2A,-0.7939945000000002
SCARNA9,-8.10607277777778
IL3,-0.0037320277777777777
NGLY1,-1.001964444444443
NCCRP1,-0.19239272777777777
GPC2,0.31584799444444445
HAPLN4,-0.043286288888888885
LOC100505989,-1.708079466666665
GTF2I,7.562333333333335
ESPNL,-0.015799544444444424
TPD52L1,7.965355555555554
FSHR,-0.0026927055555555557
C19orf35,-0.05345956666666671
HIST1H2BF,0.673410111111111
POMC,-0.08940311666666667
LOC647979,43.31770555555556
CLECL1,-0.9747485000000002
STAT5A,0.23303833333333301
CEP19,0.21335738888888894
FCRL2,-0.8351111555555555
MEX3A,2.3882706666666667
C17orf58,-0.29046277777777885
IRX3,0.09040560555555557
C14orf118,0.23049833333333325
C1orf101,-0.005777422222222217
LOC100128714,0.0
ABCC6P1,-0.23977997944444462
DIP2C,0.0022842777777780654
MIR517A,0.0
RAI1,1.091364444444444
RTTN,-0.07806305555555537
ZNF18,-0.2784181111111108
ZNF572,0.6012151111111111
PNMAL2,-0.02053163888888887
PTGES3L-AARSD1,-0.2593795
EPRS,7.799533333333336
TBK1,0.8868450000000001
CCL8,-2.716123888888889
BIRC5,5.746396111111112
NOTCH1,5.47795611111111
YPEL3,-8.849912777777778
INHBA,5.097577722222223
OLFM4,431.2303494444444
SP6,2.515099111111111
TMEM99,-0.18717166666666651
ISCU,-12.717194444444445
OBFC1,-0.47346611111111114
KIR2DS3,0.0028799333333333343
LINC00424,-0.007131666666666667
N4BP2,-0.13016294444444432
NOLC1,13.483749999999997
QRFP,-0.17296438888888888
RAP1GAP,-1.1033486111111106
BAZ1B,3.431792777777778
SGCA,-0.8873937222222215
NCAPH2,0.5040666666666684
ZNF551,0.3408876666666667
MRPL30,2.3399472222222224
HSP90AB2P,-0.8467611111111109
IDNK,-0.5552561111111114
EHD3,0.5442643333333337
HIST1H1B,0.18681354444444442
SYTL5,-0.7301706499999998
C6orf58,0.0014613944444444443
GTF3C6,-1.7554277777777756
SLC6A5,0.0007270444444444445
NCOA1,-2.54195
STK32A,-0.03466269999999999
TNNI1,0.04527409444444436
NDUFA12,-8.292005555555562
FAM129C,-0.6545520111111112
C7orf66,0.0
LOC100129662,-0.021114933333333336
NINL,0.9686895555555557
LOC729178,-0.15655561111111105
LOC152024,-0.0016408888888888888
TMEM176A,16.607494444444455
ABCB7,0.5160649999999993
DCST2,-0.15373284999999998
ITFG3,3.0349444444444487
CMTM4,-3.0615600000000036
LINC00221,-0.001425538888888889
MIR4688,0.0
MT1L,-1.7001397777777782
SLC45A2,-0.0953642611111111
CD36,-4.390716555555555
MEI1,-0.5004562611111112
OPRD1,0.0178346
PYROXD2,-1.528690555555555
S1PR3,1.615706111111111
ZNF273,0.3950663888888888
SLC12A5,-0.008637961111111113
LOC644554,0.07517449444444446
ZNF665,0.05727199999999999
NSUN5P1,0.42578777777777876
ZFAND1,9.874294444444445
AGTRAP,5.658676666666668
FAM83E,-9.623114716666667
LOC100505633,-9.711410444444445
WFIKKN1,-0.06177824444444463
MT1JP,-0.21389972222222225
OR4E2,-0.0007403166666666667
TRIM6-TRIM34,-0.006708426111111112
PLTP,16.584376111111116
ADAMTS12,1.7326121444444444
LDHB,104.62423888888887
OR9Q1,0.0012138388888888888
GGNBP1,0.0039811222222222225
DNAJC1,-1.9994144444444437
MIR4440,0.0
PAIP1,8.687011111111108
PCDHGA4,0.012733161111111113
CCDC83,0.0018960722222222215
FH,-6.9727388888888875
LEO1,-0.7800138888888899
SNORA77,0.0
YIPF5,-0.5742105555555561
MAP3K10,0.5873927777777777
GIMAP6,-1.3614255555555559
MIR1537,0.0
SEC14L5,-0.25759758944444444
BCAS4,0.3416679444444446
WIPF1,-2.222982222222223
YPEL2,-0.7991349999999997
FLJ26245,0.0
FBLN7,-0.2973945
SCYL3,-0.4925988888888897
SMAD3,-1.804602777777779
LOC100506394,0.025970638888888953
UQCRC2,-48.035077777777815
XAF1,0.2923105555555541
COL18A1,22.222274444444444
PON1,0.10067871111111104
DRD4,0.08452138333333328
SEC11C,-18.28242777777777
TNNI3,0.23763048333333336
CSF1,-3.079274999999999
LDLR,9.394494444444444
PRAMEF12,0.0
RAB11FIP4,-0.10738866666666613
IQCF5,0.0
EML4,1.9722816666666638
SMOC1,0.21486183333333353
C5orf20,-0.2573104055555555
ZNF229,-0.17996295000000004
HAGHL,2.863787055555556
KCNJ12,-0.21734911666666668
CYBB,0.18780555555555267
NME2,137.83805555555563
RN5-8S1,35.425555555555555
EPS8,-7.987099999999998
SLC25A37,0.24049555555555635
MIR3150A,0.0
TRPC3,0.0163493888888889
ASB9P1,-0.0035716475555555606
EIF5B,6.459483888888888
LOC100507472,-0.021282294444444405
NDNL2,0.11155111111111182
ASCL4,-0.01620495
PKHD1,0.01175216777777777
ITGB2,-0.28184888888889326
GAL3ST1,-1.832081944444445
AKR1C1,-1.8259682777777777
SMYD2,4.948844999999999
SERPING1,3.8580577777777805
VSTM5,0.050586127777777934
RNF25,0.3736161111111107
TP73,0.20880282222222218
SH2D4B,0.004176565555555556
SART3,1.9988883333333334
CXCL1,44.64383222222223
LURAP1,-0.018525138888888903
MBL1P,-0.10395301111111112
SMA5,-0.6223796111111113
TATDN1,8.384850555555559
XKR4,-0.13471427777777784
CCNF,2.1658426111111115
HSPB3,-0.6160171444444444
MAGT1,2.8415166666666636
MOCS2,0.6163699999999999
NPBWR1,0.01819495555555556
APBB3,-1.3978250000000005
SCAND1,9.61679999999999
NR6A1,0.4531506666666667
NTN1,-2.3324613888888885
FAM138E,0.002635825555555556
CCDC92,-0.013408333333332578
LOC100505839,0.9176957222222224
FLJ36777,-0.05275149999999998
MIR4291,0.0
MYOZ1,-0.021411677777777777
OTUD7A,-0.47682638888888884
RPP14,-0.5670883333333325
10-Sep,0.015266666666668982
SLC5A12,-0.052249807222222236
PDC,0.006148722222222224
RPAP3,2.6173472222222225
CCDC153,-0.07204111111111111
EBLN2,-0.08954114999999996
FAM108A1,-3.301700000000004
LRIG2,-0.1605411111111108
GSTO1,14.181027777777771
PODXL,6.556529444444445
PROZ,-0.009236277777777774
LCE3D,0.003960977777777778
PTPRT,-0.023247610555555562
TLR7,-0.5239360000000001
CRTAC1,-0.13178238333333336
TMEM150C,0.5491593888888886
EMR1,0.14982984999999993
AKT3,0.34569750000000043
IL22,0.10495338333333334
ACTR10,-0.8112111111111133
ANXA7,-0.9135777777777676
LOC613037,0.004845000000000432
MIR550B2,0.0
CRK,-6.50728333333333
PARK2,-0.22439630555555545
TECTB,0.0029967722222222224
MEX3D,6.465070555555556
SH3GLB1,-4.423433333333332
CHCHD3,6.036816666666667
CSNK1D,-6.648727777777779
GNE,-8.947365000000001
PLIN4,-1.2599297666666676
KCNK3,-0.2385874277777777
WNT2,2.3551524555555554
LRIG3,-0.5711505555555547
MED12L,-0.005472960555555555
HRH4,0.044213311111111105
FGD6,-0.20703555555555608
CD5L,-0.009741716666666674
SLC36A4,0.3293466111111103
TSPY2,0.0007327772222222223
ZNF799,0.37129222222222236
DYNLRB1,44.341644444444455
ANKRD30A,0.00031510888888888885
MRPL53,1.9613333333333287
SCGB2A2,0.0
SEMA5B,0.19250522222222222
SYNCRIP,15.863827777777775
COPS2,2.305877777777779
GALNT7,-9.23290444444445
PLEKHM3,-0.10506516666666665
GOLGA6A,0.0001177459999999993
C7orf26,2.2770844444444442
HIATL2,0.7817415000000001
KLK13,-0.25039052777777776
LCE5A,0.0
LINC00167,0.003608388888888883
AK2,0.04405555555556617
CHMP3,-7.496416666666661
TAF9,7.1819777777777745
ZNF432,0.20926222222222224
EPN1,-12.87306111111112
KIT,-2.4352736666666663
RASSF4,-1.7686716666666662
TSPY1,0.000019757055555555555
FURIN,-5.344388888888883
LAIR2,0.3189084277777777
CCDC146,-0.1721867222222222
SPA17,0.28383055555555536
LSM14A,3.991888888888891
MIR320D2,0.0
LOC286370,-0.0009008555555555557
MIR329-1,0.0
MIR218-2,0.0
ORM1,-0.26937616666666697
FGF11,0.06859405555555559
GPRIN2,-4.1454038722222215
MATR3,4.450061111111118
MIR1539,0.0
POLR1B,3.1773744444444443
RWDD2A,0.6165538888888888
SETD3,-1.9912444444444404
SNRPC,17.92395555555555
TMEM9,12.46927777777778
USP5,5.329777777777778
DAZL,0.03024484444444444
HINT3,0.5157155555555537
ZNF337,1.2914244444444445
LOC440335,-23.026556
NMRK2,-0.06142087222222222
YRDC,2.7066722222222204
MIR514A2,0.0
ZNF320,0.14473111111111114
DOPEY1,-0.084513888888889
CEP55,5.077566500000001
MZT2A,15.618377777777788
PAMR1,-1.4521056666666667
PCOLCE,9.851397222222221
SLC25A46,-0.9207277777777776
RGS20,0.010035555555555553
MKI67,4.071205666666666
ACY1,0.5174333333333365
RSRC2,0.8989111111111114
OR5D18,0.0
ACSM4,-0.0009230166666666666
MAGOHB,2.712763888888889
LINC00176,0.08902692777777776
COG4,-0.3159105555555559
LOC648809,0.0010557611111111087
WRAP73,1.1500933333333352
RNF220,-0.6021361111111112
CCDC138,0.5341525000000001
RUFY4,0.00340494999999999
CREG2,0.06313747777777777
SNORA20,-15.305072222222222
PHC2,6.162861111111113
STON1-GTF2A1L,-0.12134391111111115
DTL,2.2403543888888886
ERVK13-1,-0.30817961111111103
TUBA1B,110.91116666666665
CENPM,2.5659622222222227
EIF2B5,2.18767666666667
SPTSSA,-6.540094444444449
ULK1,-0.14452722222222114
SGTA,3.299588888888888
C9orf84,0.0014322311111111107
GFRA2,-1.2068548555555554
CHRAC1,3.518213888888889
MYO3A,-0.06920446499999999
GCC1,0.9330572222222218
SCARA3,-0.42621994444444455
KIAA0922,-0.22632905555555527
PRNP,-0.19615000000000293
GLOD5,-1.920496222222222
SLC39A8,-4.410481666666669
TWSG1,1.4745799999999996
ITGB3BP,2.740751111111111
NDUFA13,-32.45883333333333
FLJ39534,0.0008806833333333264
PAQR3,0.7361349999999995
S100A6,43.074777777777626
C1orf31,5.102705555555559
C1orf52,0.11029555555555559
KLHL18,0.7063761111111111
FAM138F,-0.004217488888888889
RBAK,0.9032377777777776
UBE2A,-0.14020555555555347
AKR7A3,-15.52095372222222
LOC283547,0.013303745555555552
ZNF534,-0.015040061111111112
SPHK2,-0.30672666666666437
KRTAP12-2,0.006463055555555555
HTR7,-0.32159063888888884
PHLDA2,21.641486666666662
C11orf24,1.1334511111111105
CYP21A2,0.06373403738888889
KDELR2,33.60725000000001
PRSS27,0.014396572222222237
SPIN3,1.7472427777777781
TFAP2C,0.28988478333333334
FAM175A,0.18035444444444426
DPEP2,-0.586577
KDELR1,12.089011111111134
CILP,-1.7100484666666662
LACTB,-1.6747533333333333
NAPSB,-2.674943777777777
LY9,-1.857131622222222
PCTP,-2.2659838888888935
TCF4,0.284283888888889
UBE3A,0.5468166666666665
MIR548F1,0.0
C8orf12,0.0009931277777777778
NLRX1,-1.4045477777777782
RRAGB,0.2827683333333333
ZNF280D,-0.2676011111111105
C12orf52,0.08901611111111052
CADM3,-3.4288976777777784
IL1RL1,-0.007034450000000025
MAPRE1,28.71072222222223
TM4SF20,2.775656277777779
PRSS8,-46.30176472222223
RETNLB,-2.7503714333333336
DHX33,1.0616100000000008
GAS7,-0.9693109999999989
MIR3678,0.0
RYBP,-1.3836749999999984
ULK4,0.24709511111111104
DLEU7-AS1,0.06510551111111111
MIR4420,0.0
LOC152217,-0.15697055555555295
VCX,0.011654434444444445
PATE3,0.0
MMP28,-17.839061333333333
ZFYVE1,-1.2441499999999999
CXCL3,22.93825066666667
DGCR10,0.02113238333333333
P2RY11,-0.39656494444444434
TM4SF18,0.7146472222222224
UMOD,-0.003575922222222222
ERBB3,-4.487431666666666
ZBED3,0.7818416666666663
UPK3B,0.02423972222222215
SLC25A16,-0.6395016666666669
LOC389247,-0.058702216666666696
TSGA10,-0.012539277777777857
BSN-AS2,0.0004198850000000009
EDEM1,-1.3057688888888883
DNAAF1,-0.006505425000000002
REG1B,27.39320501111111
DNAL1,0.2654833888888888
ZRSR2,0.44993111111111084
KIF4A,2.648608888888889
AHI1,0.8023783333333334
LOC148709,0.16138544444444447
LIPC,-0.8395814833333334
PLIN5,0.052140444444444434
CLEC18B,-0.008385174444444449
APOLD1,5.657565611111111
KCNK4,-0.000697627777777779
LOC100288966,-0.00008785444444444445
MIR138-2,0.0
PHLPP2,-7.986118333333333
TLL1,-0.04244487222222215
XKR5,0.012338863888888888
LOC100130992,-0.02438373333333327
TLK2,-0.9786588888888899
FAM129A,-3.8174928333333344
F9,-0.009991622222222215
C11orf95,3.50740888888889
OR51B4,0.0
PDK4,-10.523505
BHMT2,-0.10931205555555545
R3HCC1,-2.0249577777777787
RHO,0.0006252055555555558
SERPINA7,0.38187805
MIR1246,0.0
PPP2R5A,-4.294822222222219
HNRNPU,15.556105555555554
FTSJ2,4.15402111111111
MIR181B2,0.0
SFT2D2,0.46747777777777877
CEP78,1.4616430555555553
C18orf1,-0.24326911111111116
MIR3115,0.0
CRYBA4,-0.03508240555555556
MIR147B,0.0
C2orf61,-0.010089194444444446
GTF2H5,0.7890511111111116
C14orf162,-0.0063450500000000005
LOC730668,-0.004217095555555555
PTGFRN,1.018200000000002
SKAP2,-2.2408116666666658
SLC5A3,-0.49125944444444425
TPTE2,-0.019954899999999994
TXNDC15,-0.896414444444444
MRPS6,-1.2142833333333343
POLR1D,60.69703888888889
C1orf127,-0.07574227777777778
DGAT1,-6.314025000000004
DNTT,-0.0027605277777777775
CCDC97,-0.5806122222222214
LOC100507463,-0.22576277777777598
MIR3167,0.0
NR1H3,-4.612553333333333
MPPE1,-4.318944444444444
FAM74A3,0.0011648072222222227
MIR4711,0.0
PANX2,0.05073600555555555
MIR100,0.0
MIR4790,0.0
GABARAP,-55.75393333333335
PAK7,0.044352002777777774
PSG9,0.0010321
SFN,-30.659506111111114
ALPL,0.1773714999999999
TMEM71,-0.24762938888888875
GOLGA8G,0.001360272722222222
LRRC45,0.2653944444444436
CDRT15L2,-0.0017786833333333332
TRIM42,0.0010037166666666667
OR2D3,0.0033896555555555557
EAF1,2.0861494444444437
CHMP5,-6.604700000000008
SNORD12B,0.0
MAFK,1.934549999999998
ULBP2,1.4807756777777779
MAGEH1,-0.336561111111112
BEST3,0.00842574277777778
RGPD4,-0.05750388888888891
KANK3,0.14642311111111117
LOC338758,-0.2670688333333332
PDIA5,3.228577777777776
FBXW11,0.535479444444448
CTXN1,0.3533361777777779
RHOC,-61.238616666666644
SPANXN5,0.0
SUPT16H,6.596927777777779
MIR3196,0.0
LOC391322,-0.2948389444444445
OR10G8,-0.0037643722222222226
RRAGC,-2.762258888888887
ZMYND15,0.26102916666666676
B3GNT4,0.10235716666666661
CRH,0.0036172333333333337
OR2AE1,0.009765677777777775
LOC100499489,-0.08715711111111102
ODF2,4.097137777777777
PIGO,1.8366683333333338
RACGAP1P,-3.894444444444444e-6
SLURP1,0.009647166666666667
OR4C45,0.0
TRIM35,-0.1286844444444446
CBX5,2.318276666666666
FLJ23152,-0.03925912222222222
AMPD3,0.6449588888888891
LOC339975,-0.006725457777777779
RASL11B,0.04008789999999998
DNAJC2,5.585695
TAF1B,0.7855555555555553
TEK,-0.14794627777777736
SPDYE8P,0.00218352222222222
ULBP1,0.11961054444444447
SFXN3,6.913585
CDC123,13.917811111111106
ZFYVE21,-4.881438888888887
RBM17,2.726416666666662
ENOSF1,-1.5647650000000004
HTR1E,0.0
ZNF596,-0.2000358333333333
LOC100506122,0.0013976611111111111
LSM12,5.471833333333333
MKLN1,1.02522
MIR609,0.0
UBB,-157.1309444444446
VPS72,6.8560388888888895
ODF3,0.0
SNAR-G2,0.0
MED22,1.4658244444444444
UIMC1,0.36545277777777674
GNA11,-51.77010555555555
PLVAP,4.738944444444449
TPRKB,3.0222166666666688
MSANTD2,0.14215244444444464
CUBN,-0.01099547777777779
GNPNAT1,5.773245555555555
MANF,13.283755555555551
MIR185,0.0
HECTD2,-0.312702888888889
CRIP1,-26.049672222222227
C4orf46,1.059893333333334
CAGE1,0.010447049999999996
FGF19,0.4063495499999999
KRTAP3-2,-0.013753922222222223
LOC100130691,0.05147381111111113
LOC100505964,0.0
LOC554223,-0.014240665388888886
LOC645212,0.1266061111111112
MGC16703,-0.0546023888888889
LOC100130264,-0.002495677777777778
MIR103A2,0.0
PTPRZ1,-0.16966343055555552
TMEM82,-5.253564611111112
WHAMMP2,-0.022544361111111133
CERS6,3.4255222222222237
YARS2,2.535155555555555
MIR20B,0.0
ZNF592,-1.1486188888888886
FOXF2,-5.271706166666665
MIR378D2,0.0
CGB1,0.01716149388888889
CRNDE,0.8847780111111112
GPR6,-0.0017731722222222221
LRRFIP1,0.7335499999999975
C5orf62,3.038673888888889
CRYBA2,-1.4282259777777777
PSAT1,9.665132777777778
MIR296,0.0
GPR56,18.310138333333335
TMBIM1,-17.577294444444448
WDR69,0.014467733333333333
ZNF878,0.06983019444444444
LAD1,5.9451304999999905
CDK20,-1.946104
NARS2,3.213668888888888
MIR4663,0.0
KNDC1,0.013509883333333333
LOC440518,0.0
LHB,0.011201166666666672
PCDHGB3,-0.02828654444444445
RFX5,1.9251777777777779
SLC7A2,-0.01299146666666684
THRB,-3.0460713500000005
MAGEB10,0.0
ABCG4,-0.02593990555555556
IL24,0.6037851
DPM2,6.62222
CAMK1D,-2.3116949999999994
METAP1D,0.6706666666666674
SSH3,-1.4866438888888869
FAM53A,0.1724751888888889
TRH,-0.00003066111111111073
GPR20,0.04740904444444438
LOC286002,-0.024770344444444432
OSBP2,0.27264738888888895
HOGA1,0.19091558333333336
ZC3HC1,1.0849650000000013
TMEM151B,-0.24345421333333334
RAC1,28.828516666666673
TREML1,0.02009366666666667
CFHR1,0.07391246111111116
VGLL4,3.1007222222222204
THEG5,0.0
IKZF5,0.2040450000000007
C1orf49,-0.011640572222222222
SREK1,1.1197816666666656
MED30,4.33859611111111
CPN1,0.21028303333333334
DKK2,1.0818450105555557
IRF9,0.8239111111111086
LOC100129722,0.08169648888888892
NPSR1,4.1917123555555555
TDP2,-96.37110555555556
SPAG9,0.09481277777777741
USP43,-0.8940867777777779
TSHB,-0.0033249166666666653
ST6GALNAC2,0.02725844444444414
WDR20,-2.2790283333333345
MMAA,-0.13325066666666663
SNORA16A,-3.5487055555555553
ZNF473,0.7632755000000004
PM20D1,-0.08955436111111112
PTPN9,-3.335862222222218
NKD1,4.051846222222222
PDIA3P,-0.049223888888888734
PRTG,0.04304891666666666
TMEM169,-0.023958377777777762
GPR157,0.9085955555555563
LCE1D,0.0
LOC100506190,1.6395538888888885
CPED1,-1.4633302777777772
KLHL11,0.06941777777777769
GJD2,0.00008274999999999992
MIR4313,0.0
MIR5681B,0.0
STIM1,-7.678259444444443
EIF3G,28.808544444444436
MOSPD3,2.9776299999999996
TRIM32,1.2478861111111117
TTTY2,0.005716316666666671
TUBD1,0.3188794444444447
VCL,0.5091277777777705
YIPF1,-2.1842316666666655
LOC100129636,0.0003919555555555554
ZEB1-AS1,0.4119522222222225
WAPAL,0.747220555555554
IGF2BP3,2.2693711722222223
LOC100506668,0.8319461111111108
LPHN2,-0.466184333333334
SH3PXD2A,0.16371888888888897
RN45S,-340.4477777777779
C17orf107,-0.008819111111111222
CCNL2,1.7827333333333328
STK17A,-1.3538277777777799
PXDC1,1.745742777777778
DEFB125,0.0
NOSIP,-0.8532888888888905
MIR5088,0.0
OTX1,0.3679374222222222
CCT4,27.244566666666657
CEL,9.258674855555556
EMC3,-5.97185555555555
SLC27A1,0.09843000000000046
COL4A5,-0.5020670555555554
ZNF416,-0.0061822777777778
ARID1A,-0.8410005555555546
COQ10A,-0.1549205555555555
LEPREL2,2.113283666666667
LOC145845,0.00084625
GRXCR2,-0.007667222222222222
ANXA2P1,0.04097373333333333
CSN2,0.049765666666666666
MIR454,0.0
TMEM8B,-0.04235222222222301
C17orf61-PLSCR3,-0.0765482777777779
WWTR1,1.70841722222222
TTLL6,-1.619687872222222
OASL,-0.6830283333333336
SLC35E2,-0.8685566666666658
LINC00520,-0.040621083333333335
KCTD9,-7.661784444444445
SERPINA4,0.19222204444444446
LHX5,0.02340512777777778
MIR367,0.0
ZFYVE9,-1.1076350000000001
MIR183,0.0
MIR3065,0.0
TMEM27,-0.006728449999999997
RFX6,-0.16369518333333336
IPO11,1.504874444444444
ZBTB41,0.8068683333333335
LRRC37A3,0.29800166666666666
CSNK1A1L,-0.0003115333333333324
FAM75D5,0.0
TFRC,21.656577777777784
OR13H1,0.0
TTC23,-0.5050938888888892
PRICKLE4,-0.3618699999999997
SLC7A9,0.10795523333333334
GUCY1A3,2.1124322777777773
AQP6,0.03808535
CD300C,-0.07124364999999999
HIST1H2BM,0.07498555555555556
METTL2B,2.2658577777777777
MATN1,-0.006370288888888891
HLA-E,-60.53155555555554
LOC100505817,0.15247987222222223
MACC1-AS1,0.0
MLF2,7.984422222222221
PCDHGB1,0.07937693261111109
HCAR2,1.171836722222222
SPAG1,0.28539627777777543
ATP5G3,-31.63347222222221
RAD51L3-RFFL,0.12035081111111112
STK32B,-0.002330288888888976
DNMT3A,0.8618538888888896
MIR3689B,0.0
IRS4,-0.00016135555555555557
SLC37A1,-4.913325555555552
ISM1,0.5307602166666667
SYNGR2,18.958249999999964
NPHP3-AS1,-0.00005854444444444457
C12orf76,0.091368277777778
RPPH1,5.354783888888887
BTG4,0.0
C12orf56,0.026609494444444465
ATP6AP1,3.780944444444458
SLC35D2,-9.628928888888886
MEIS2,-0.1142601666666665
MIR3607,0.0
ERMP1,-2.565062222222224
SPAG17,0.024027939444444448
SPRR2A,0.6457367611111111
C19orf24,4.738416666666666
ARF4,21.966150000000027
ATP2B2,-0.01830678444444444
CLEC19A,-0.00027381111111111217
OR9I1,0.004277605555555555
SPRR4,0.0032487333333333333
GOLGA2P3Y,-0.0030387111111111103
RIF1,1.4162755555555564
SUZ12P1,0.35151911111111134
KCNE4,1.5980526111111106
HNRNPA1P10,21.925316666666667
C7orf10,-2.960638499999999
BTBD7,-0.9236994444444449
HHIPL1,0.24031205555555546
LHX6,0.47668416666666646
GAPDHS,0.04188385
NUDT10,-0.12893381666666665
SRSF10,8.248972222222225
ADH7,0.0
SECISBP2,1.3250722222222215
TCF25,-1.8296444444444475
ATG9A,-2.7454555555555515
DDX27,11.50543888888889
TMEM56-RWDD3,-0.20245466666666678
CLCN7,4.12279
KLRK1,-2.1632521111111105
TXNDC16,-0.5294061111111112
CTH,-1.9470125
VDAC2,-3.7783888888888697
C6orf162,-0.4899561111111108
KIAA1704,4.880535
SLC10A4,-0.20801000555555557
CYLD,-1.737127222222222
LOC100506085,0.0009466305555555557
TRAPPC10,-2.8260572222222233
SNORD113-4,0.0
GCOM1,0.005786048388888889
MRC2,4.670167777777778
KLHDC8B,-2.2701222222222226
EIF3H,70.75572222222223
SMAD9,-0.2685176666666669
ARHGAP12,-0.10712944444444616
MCFD2,5.4335277777777815
DNMBP,-0.23456499999999814
C3orf52,-0.2991702222222221
MIR30A,0.0
OR51S1,0.0
PRG3,0.0
S100A16,-2.8462999999999994
THAP11,-0.6492450000000023
SLC1A2,-0.02627842666666666
MRPL4,10.968427777777777
NKX2-4,0.0
DISC2,0.00024736444444444443
EML6,-0.034466811111111106
EPB41L5,1.0556711111111108
HNRNPA1,174.29199999999992
GNRH2,-0.014831000000000002
F8A1,-0.9576472222222225
DDIT4,28.430043888888886
FAM151B,0.059595449999999994
CAMSAP2,1.1833588888888884
OPN4,-0.033852911111111106
PAH,0.4856882222222222
SNORD81,0.0
MTHFS,0.38859111111111133
LOC728431,-0.35595483333333355
FLJ14186,-0.025786666666666846
DMBX1,0.05900693888888889
OR1D2,0.0
CNTN2,-0.18665764722222225
SP140,-1.106167611111111
NFATC4,0.24607955555555527
SNORD115-23,0.0
CELSR3,1.1050078888888892
FAM125B,-0.4569633333333334
MIR4299,0.0
DRP2,-0.02348622222222224
LOC729506,-0.011546577777777777
NQO1,31.321712222222224
GNS,2.435994444444443
TTC23L,-0.0032834944444444444
C15orf56,0.028528472222222212
DLGAP5,2.8384197222222216
TRIP12,2.0149388888888904
DDX46,2.0822961111111145
KIAA0240,-0.7472916666666665
LOC100192204,-0.0659239388888889
IL31,0.0
MIR526A2,0.0
SYS1-DBNDD2,0.05507850555555549
USP9X,1.191269444444444
ACTN1,20.254105555555547
MAGED2,15.891722222222224
COL4A4,-0.1384396
AHNAK2,0.43800127777777753
HRNR,0.008545708888888889
VPS8,0.11000833333333304
TSPAN15,-10.297894444444438
KIAA1429,2.244300000000001
PTPN4,0.18341727777777783
ARL6IP4,-2.0783111111111054
CHRNB3,-0.001478438888888889
RAB18,-1.1486000000000018
TFG,5.368850000000002
VPS16,-0.28126999999999924
RCOR2,0.6227093888888887
SIX3,0.017152844444444447
MYOZ2,0.0024939333333333334
ATP2A3,-30.23238888888889
CRLF3,-0.2744411111111118
LMAN2L,0.8343977777777773
DHX57,0.7111305555555556
GTF2H4,1.9397705555555538
EDA,0.018799883333333378
IMPDH2,32.80365555555555
MIR320B1,0.0
MIR34B,0.0
MIR4671,0.0
SYT1,-0.3015186111111111
ZNF221,-0.011140177777777788
OR1F2P,0.1389168277777778
SIGLEC16,-0.06943287777777782
HTR1B,0.0016076666666666461
FAM71E2,0.01729840833333333
SHANK2,0.2533255000000001
C16orf79,-0.06057638888888894
DEFB118,0.0
LGALS9C,-19.539561
OPCML,0.03484150277777778
LOC340074,0.002233538888888889
CDKAL1,1.3589544444444446
KIAA0284,-4.483369444444445
CITED4,1.332065111111111
DHX30,2.074759444444444
LOC100287314,0.07338407222222221
INADL,-0.7111238888888884
MAP4K4,4.898744444444443
SNX20,0.1093596666666663
ACAD10,-2.545571111111112
CYB5D1,-0.5699266666666665
F3,4.044897777777779
LOC389493,-0.26589387777777784
EML2,-0.8456944444444474
LRCH1,3.7237027777777776
MND1,2.331237333333333
NANP,1.9952395000000005
PGAP2,1.3485894444444444
ICAM4,-0.28156921666666673
PRSS56,0.04296798333333334
TMEM184A,-0.7440188888888892
LATS2,0.8262422222222212
IL28RA,-0.9138462777777772
C4orf52,-1.5540555555555535
LOC653513,-0.13981212777777785
PARD3,0.03980888888889034
BMP8B,-1.3229699444444445
TIMELESS,2.6764100000000006
DDAH1,0.42950055555555267
C8ORFK29,0.16018098888888893
GRHL2,2.068633827777778
MSX2P1,-0.008220944444444444
SPCS1,4.1946611111111025
PRAMEF4,0.0
MT1DP,-1.393390611111111
HARBI1,0.15015
PLA2G1B,-0.015769527777777806
RASL11A,-4.157049444444441
RNF150,-0.38458914444444436
SMO,-0.01699833333333345
LOC729668,0.009484477777777778
MIR4454,0.0
LOC339807,-0.0008544166666666674
SPRR1B,0.3955653888888889
ACSS3,0.5848581666666667
CRIPT,1.5133983333333338
RAB6B,-0.30721983333333325
SCIN,-13.779744666666666
BNC2,-0.03157759444444452
RAP1GAP2,-1.5657116666666662
LIMS3-LOC440895,0.016115340500000006
SIPA1L3,-5.432900000000002
FAM60A,23.29206944444445
PTPRJ,-0.6805938888888905
SPIN2B,1.4496666666666673
TMIE,-0.10054163333333332
LOC340515,-0.0022888111111111103
USP39,4.977766666666664
LARP4B,1.9692438888888883
CALML6,0.026188022222222225
LRFN1,-0.20162116666666668
SEMA6B,2.04392161111111
WDR90,2.727287777777778
ZDHHC19,-0.0013607055555555636
ZMYM6NB,0.6089666666666709
GPR171,-0.4429761111111109
ABI3,-1.6496716666666664
DPEP3,-0.22184252777777774
PRPF4,6.064666666666665
ANKMY1,0.28376166666666647
UTP3,1.2161050000000024
DEFB129,0.0
FOXD4L3,-0.007257953333333331
MYC,58.66261055555556
NEURL4,-1.8944272222222214
AGFG1,1.7853688888888897
SMN2,1.019776055555556
PRDM8,0.1920141666666666
DIAPH1,4.559956111111106
ENTPD4,-2.5620666666666647
SPDYC,0.14428874444444442
CCDC151,-0.023247738888888883
LOC729852,0.3512455555555558
BBS10,0.8271377777777777
HOXC9,0.015864611111111114
MBTPS2,2.437272777777778
PARP12,-3.625932777777777
ZNF202,0.5848855555555554
C11orf73,5.574964999999999
PRAMEF7,0.0
MIR197,0.0
ARHGEF33,-0.019507938888888885
GALP,0.0
OR2M7,0.0
CFDP1,1.0069333333333361
LTV1,5.394901111111114
PNPLA4,0.07224277777777832
TSTD2,-0.6609055555555559
DPY30,6.0219166666666695
TMA16,4.153517222222222
DCTN6,2.054888888888886
SPRR2F,-0.0006053333333333327
TMEM230,10.744088888888882
BSPRY,2.112885000000002
HAUS2,1.5216472222222222
ZNF586,-0.45665994444444413
CES5A,0.0030560999999999995
ADIPOR1,3.5057722222222196
C1orf126,-0.0381596111111111
OOEP,0.07440005555555555
PDIA2,2.601910555555555
SEC16B,2.1775233333333333
ZNF133,0.8099033333333332
GCSHP3,-2.493639444444444
RAB12,-0.8524855555555559
RAB17,-3.1137363888888867
TRIM49DP,0.004771211111111111
YWHAE,14.39549999999997
SNORD10,4.850500000000002
PAPD4,-0.51888111111111
BCL10,-3.70446111111111
SLAMF9,0.18077055555555557
LOC100127888,0.758555738888889
CTSD,-143.183
SELL,0.4559589444444443
SPSB3,-2.4333111111111165
GNAI1,-2.557083333333333
NDUFA9,-7.527594444444432
PPIA,201.93872222222222
HIST1H4B,0.12827411111111112
ZNF597,0.3623494444444444
POLR2I,1.2362983333333304
OPA1-AS1,0.0
OR7E156P,0.008911472222222222
ZNF726,-0.041395300000000024
MORC2-AS1,-0.05963200000000002
RPTN,0.0009457205555555556
LINC00494,-0.15544891111111112
C9orf156,-0.055011666666667125
KIR3DL1,-0.009648734999999999
PHB,17.294749999999993
CD200R1,-0.6007132222222222
PROX1,1.8283154999999995
AATK-AS1,0.0
PSME3,9.944633333333332
COX8A,-137.11933333333337
TTLL4,1.5045094444444445
RPL29,227.56861111111095
SLC9A9-AS1,0.0
MALL,-70.55849277777779
C20orf196,2.0073361111111105
MIR193A,0.0
RABEPK,5.444519444444444
RELL1,-3.706907222222223
MTMR12,1.1392188888888883
POLH,0.12623944444444435
LRP5L,0.014812111111110804
KRTAP4-7,-0.003895077777777778
C12orf57,-28.54627222222223
CSN1S1,-0.007415594444444451
FN1,75.9692277777778
FAM178A,-0.399588333333333
ANTXR1,10.163050555555554
ASXL2,0.7042011111111117
NR2C2AP,5.924423333333335
PSMC6,5.24002222222223
EPN2-AS1,-0.005341616666666667
GPRIN1,0.22898950000000007
TRIP11,-0.1358100000000002
SH3D21,0.06445555555555593
SLC4A8,0.21249716111111117
SORD,17.95330166666666
SRPK2,1.4496461111111119
UBAP2,3.6943922222222216
PPP6R2,-2.1618594444444437
KCNK15,0.04578990555555562
LOC100303749,0.010251583333333333
MIR5093,0.0
REM1,0.03534361111111117
RNF8,1.3085927777777782
VCY1B,0.0
IGF2BP2,1.806287222222224
GPR64,-0.06331303388888887
AGMO,-0.3748439444444445
BCL7C,2.2160666666666664
NUDT8,0.24763722222222206
INCA1,-0.12404155555555557
POMP,46.3823
FAM58BP,0.0
ZNF585A,-0.020678111111111175
MGMT,4.549294444444445
MIR4714,0.0
CREB3L2,1.5688866666666668
LOC220906,2.442503888888889
SLMO2-ATP5E,1.8673490000000004
GTPBP4,9.350386666666669
PARP9,2.6578544444444443
TLR3,-4.205661555555556
MIR2117,0.0
UGT1A7,-0.034784943277777786
SMA4,-0.5281050555555562
HDDC3,-0.07182388888888713
TWF2,0.030994444444441882
LOC100506548,0.6698594444444441
LOC254099,0.08743169444444443
FLJ45513,-0.0094336166666667
CCDC62,-0.0184111111111111
MKL2,0.5477438888888897
UGGT2,2.5506466666666663
LOC253044,0.0012093444444444446
NPHP3,-0.5074463333333332
DEDD,-0.014461111111112146
SLC52A1,-0.4058947777777777
SCGB1D2,-0.03392966666666668
FOXS1,0.9421679999999999
RPA2,1.6777222222222221
TAF1A,1.1811011666666669
CUL4B,2.9351422222222237
GPC4,6.291026111111112
ZBTB46,-0.06760600000000005
CENPB,2.823405555555553
ZNF385B,-0.017828561111111113
LOC100128640,-0.011568138888888913
NTAN1,-4.532065555555558
MIR210,-548.2402777777781
MIR3662,0.0
UTY,-0.7413142944444444
AXIN2,13.632685555555556
EPHA2,7.574895555555557
SEC23IP,1.5861622222222227
CDK18,-1.10895
KRTAP20-2,0.0
CHMP2A,-24.360594444444445
SAPCD2,10.107658944444442
TTC9B,-0.11773161111111113
PLBD2,1.9840366666666647
MAGED1,10.297333333333338
CELA1,-0.013361483333333334
DNAJC27,-0.19204388888888868
GAS2,1.3303985277777777
LAMTOR3,-2.0854261111111114
LOC100129858,-0.0022899444444444417
MIR514A1,0.0
MRS2,0.7814022222222228
PRAMEF21,0.0005859833333333334
SIX4,0.09264198777777777
NDNF,-0.2375535000000002
NEDD8,12.948777777777792
VPS54,0.28792222222222286
PPT1,5.463761111111111
LOC100287632,0.0
ESRRB,0.0025923211111111098
MIR146A,0.0
SLC26A7,-0.08017616111111112
ZFR,4.193783333333336
MIR5684,0.0
LOC100306951,-0.12273166666666668
PAQR8,-20.12759833333333
CUL9,-0.038066111111111134
PAX7,0.003218994444444445
TRIM39-RPP21,0.12218459666666664
LYPD4,0.0020196666666666666
MSMB,-0.04645427777777775
ANAPC5,1.9582777777777736
TPCN1,-4.483141111111113
ELFN2,0.07197592888888887
CARNS1,-0.13733301111111113
CHCHD5,1.4350055555555556
UBE2T,9.702447222222226
EIF4E3,-5.1202588888888885
MIR3658,0.0
CD27,-6.479857055555556
FCGR3A,13.711397222222224
LBP,0.32103700000000013
PPM1H,3.8631238888888886
RGL2,3.0970661111111113
MIR939,0.0
NLRP2,-0.42378584555555565
SHISA5,17.43098333333333
SNORA29,0.5495777777777777
C18orf63,0.0
TACR2,-2.9283631722222214
THSD4,-1.3509656666666663
SLAMF7,-9.750177777777779
SMAP1,-1.903473888888886
OTUD7B,-1.8295294444444448
PCIF1,1.4549738888888868
LGALS9,-37.09824444444443
MIR4472-1,0.0
TMEM199,0.012239999999998474
DAK,1.2857038888888894
IFIT1,0.08212577777777685
GPR65,0.10106100000000007
CFLAR,-1.3654500000000027
LOC374443,-0.26516944444444435
MIR100HG,0.023409444444444594
SNORD116-10,0.0
PSMB4,29.676722222222224
VBP1,6.1975277777777755
ZNF32-AS1,-0.022064999999999987
ZMYND8,4.3675927777777765
KSR2,-0.028640700555555537
ALOX15,0.3787767666666668
NHEG1,0.006414516666666667
TMEM191A,0.10816149999999991
ZRANB1,-0.3061077777777781
GPR19,0.22402895000000003
RNF6,12.036171111111111
CRYBB2P1,0.11339555555555547
GLIS3,0.14965166666666663
WDR43,8.879777777777774
ST3GAL2,2.723657222222222
ASB1,0.06029000000000018
LOC339788,0.002328494444444444
ALX3,0.08860816666666671
CRB2,-0.06499411111111097
KANK4,-0.19909946111111104
KRBA2,-0.18115188888888878
MIR4314,0.0
TKTL2,-0.004028961111111111
RGCC,1.7600361111111114
DCTN5,2.0353600000000007
KCNIP3,-0.1935455000000001
LIPK,0.005808366666666666
OSTF1,-3.3409777777777805
ZNF559,-0.13798722222222226
MIR4435-1,0.0
RAPGEF3,0.2046164444444445
ARC,-0.05938332777777777
WIZ,1.9508961111111134
ZNF479,0.0
BAAT,0.1348265555555556
PCBD1,20.28134444444445
FAM160B1,0.44502055555555575
NANOS1,-0.005373555555555742
PDGFB,2.9882744444444445
ESYT2,3.2255277777777813
IGFBP7,192.09688333333335
SCARNA5,0.21693122222222222
TBC1D3H,-0.20677588888888887
TRIM67,-0.006339747222222223
DOC2B,0.8276843333333336
GAD2,-0.004610211111111111
OSMR,2.3434811111111102
UNCX,0.0011214666666666667
IFT172,0.20926777777777783
C2orf15,1.896880444444445
CSN3,-0.005000666666666667
LOC284632,-0.010755238888888888
PTCD2,0.6842196111111112
HTR3C,-0.1533819833333333
RD3L,-0.011504933333333335
EEF2K,-0.9453883333333328
MRTO4,4.353201666666667
SNORA71A,-0.333547777777774
WDR55,-0.39376333333333413
CCDC144C,-0.008184473333333338
CDH17,-43.21809444444446
TBC1D26,-0.01521008388888889
C11orf34,-0.004231527777777778
CCDC167,5.830770000000001
RBMS1,1.6263766666666664
ADK,6.9509188888888875
ZNF317,1.7583505555555545
KRTAP5-9,-0.04119631111111109
C9orf91,0.36302222222222236
OR51F2,0.0
MYL4,0.10055376111111113
AATF,6.7905611111111135
PTBP2,-0.7328433333333337
ZDHHC15,-0.056605244444444425
ACO2,-24.195972222222217
ARSB,-0.10934555555555603
IFNA13,0.0
SSX2IP,1.6966355555555555
LOC649133,-0.0013496777777777778
UGT2B4,-0.006484544444444448
FAM26D,0.0
BOK,4.063045555555554
NKPD1,0.06572626
CES1P2,0.0025977251666666665
NUDT16P1,-0.6406267777777774
SCN1A,0.0011687655555555555
TNFSF18,0.14533415
SAE1,7.922705555555552
SNX12,2.3792666666666697
UBQLN3,0.0
RNU6ATAC,14.073038888888888
GCN1L1,3.80359277777778
LOC285878,-0.011503044444444444
OR2A4,-0.3725159999999996
FNDC3A,3.146048333333333
TIMM13,3.8199777777777797
PKD1L1,0.045823649999999994
KCNA10,0.007887116666666666
MIR564,0.0
LOC100130231,-0.1268811666666666
GNGT2,-0.5589375555555556
LOC645166,1.5779811111111108
LRRC52,-0.007719744444444444
PLCXD3,-0.10205387333333332
ARRDC5,-0.03385665
CAPN3,-0.5823891666666672
LINC00479,-0.005292644444444442
SIGLEC11,-0.13727233333333336
CYB5R2,1.3779308888888888
PTGES,2.7163527777777783
TCTEX1D2,0.9804955555555561
KAT7,0.7918916666666673
MIR4650-2,0.0
IL18R1,-0.17374149999999988
MOGS,4.016616666666664
MANEAL,1.0255466666666662
PCSK4,0.27958927777777765
RPRML,-0.023512233333333327
TPD52L2,23.18805000000001
CAND1,2.6916611111111095
SLC35G5,0.015570655555555549
LOC90246,0.08979351666666667
MRPL43,-3.0699777777777726
SLC24A5,-0.013290427777777836
C13orf35,0.0007762611111111111
MAGEA2,0.2890949517222222
MAN2A2,0.0833388888888873
C9orf62,0.0
MME,1.0772723333333332
SAMD5,1.7434681111111114
LYSMD4,-0.7032027222222221
COX4I2,0.09676733333333343
TPPP,0.10255011111111112
MBD1,-3.5057961111111116
NAGS,-0.6656915555555556
NPM3,13.28643661111111
CCDC79,0.0034258333333333332
PSTPIP2,0.9681775000000004
EMC2,5.602911111111112
MIR320D1,0.0
ALDH1A1,-3.373740555555557
ST6GALNAC6,-67.26934722222222
STAT4,-0.5427454444444446
STOML3,0.001446227777777781
ELP3,-0.2621238888888886
SLC28A3,0.7716015833333334
SNORA5C,52.02882333333333
KCNS3,-4.127986666666667
CSRP2BP,1.1729883333333335
LOC100129345,0.0
SLC22A9,-0.0020258333333333326
CCDC129,-0.11820502277777778
CRYZL1,-2.6619972222222206
MYADM,-2.3015611111111127
MT1H,-95.39020950000003
MTERFD1,3.4900288888888884
PGAP1,0.44439944444444457
CHST14,1.0371966666666665
LOC401431,-0.049604827777777805
LINC00200,-0.03243803333333334
TBC1D22A,-2.4943822222222227
CCDC53,1.9905855555555583
MIR518B,0.0
MDC1,1.5303144444444445
PPTC7,-2.9759150000000005
LOC648691,-0.0006654555555555556
UCMA,0.0
PRDM4,-0.324564999999998
MIR4510,0.0
CCDC154,-0.030036744444444458
FAM182B,-0.011327086666666673
GRM8,3.4006257111111107
MAP4,7.288677777777778
PLD1,-3.0997688888888897
SNORD114-21,0.0
SYMPK,2.8144722222222196
TAOK1,0.5330922222222227
TBC1D3P2,-0.001622650722222222
ZFPM1,0.7583827777777781
TRIM23,-0.07445222222222236
CLIC2,-0.8635873333333333
LOC200261,0.0016481666666666667
SCTR,-0.059364516666666665
SNORD44,0.0
WFDC1,-0.9229911111111111
MIR5692A1,0.0
PEX16,1.2918955555555574
RFPL1,-0.027431344444444436
CN5H6.4,0.02083791111111108
LOC100093698,0.0
PNPT1,3.524438333333335
SNORD91B,0.0
CALN1,-0.024919925
ALG1L2,0.12376601666666667
LCE1C,0.004466244444444444
NFE2L1,-19.561838888888886
TAS2R40,0.008365155555555556
PTCRA,-0.07287316111111111
PPP2R5D,0.8601333333333319
RAD1,1.6375005555555564
GYS1,-0.9759811111111105
ACTR5,1.3812488888888894
CNTN4-AS2,-0.02404211111111111
PVRL1,3.968590555555556
BRAF,0.4546761111111106
TRIM49B,-0.0028274611111111115
ZC3H12C,-0.8779542222222223
ZNF251,1.9069394444444439
PPP1R2,1.74198333333333
CYP4F11,0.23290046666666697
MIR4656,0.0
MIR4768,0.0
NXF4,0.0005267061111111111
ARHGAP19-SLIT1,0.004417953888888889
APCS,-0.048879411111111104
C3orf23,2.1381227777777783
GLB1,3.8573111111111125
INS,0.0
MTNR1B,-0.0015964111111111113
HERPUD2,0.7345172222222214
NECAB3,0.7448933333333319
PANK4,-1.4704183333333347
PLXDC2,0.8846750000000005
PPP2CB,-13.598016666666673
SNORA69,2.170477777777778
TAPBP,1.3449277777777766
LSM4,13.614161111111116
ZNF431,0.45248872222222203
NEMF,0.17519722222222
PHF3,-0.03887055555555463
MIR2909,0.0
PMM1,-7.188811111111111
SNORD93,0.0
ARAP2,-0.12087316666666625
ARMCX3,6.961905555555553
FRMD3,-2.2482372777777773
CASQ1,-0.018960433333333332
LHFPL1,-0.007029861111111108
CLEC11A,4.977149999999999
MTMR8,-0.07963352222222242
PDZD8,4.037403888888891
PRSS3,-26.881895333333333
SMARCC2,-0.02526111111111007
TRAP1,25.365072222222224
SESN3,0.4620688333333334
SNORD114-1,0.0
TUSC1,-2.0698455555555553
GABARAPL2,-8.623322222222214
GPR135,0.006754161111111101
LOC389834,-0.20087366666666662
MRPL51,19.975555555555545
TTF2,1.3988700000000005
ZNF732,0.0039266411111111114
YBEY,-2.790379999999999
LOC100526771,0.0027675555555555544
CPXM2,-0.11299488888889009
JKAMP,-2.248840555555555
CKS1B,29.646988888888885
LAT,-1.5951276111111112
BRP44,-0.9699666666666715
NPR2,-0.18983611111111154
ATP10D,0.18384733333333347
LOC401557,-0.0011441111111111112
PDRG1,7.141755555555551
TLE2,3.122421666666664
IL2,-0.1140498611111111
SNTA1,0.03527738888888843
CNKSR1,-0.2969811111111085
LOC100506083,0.1538353
MIR1252,0.0
RNF214,0.676331666666667
TCEB3,-0.7284383333333331
C19orf21,-49.98364983333332
UGT1A8,-7.845492277777778
ZMAT1,-0.1618783833333335
ZNF19,0.07619455555555554
COL4A2,34.308481666666665
MIR3160-2,0.0
URI1,4.8449038888888865
C2orf84,0.005679822222222214
DDB1,8.706288888888885
DUSP16,1.3925522222222213
MMACHC,0.004830000000000112
NPY2R,-0.18277317222222222
CCNI,2.3711666666666673
CXADRP2,0.0027468894444444437
RAB3IP,0.11153605555555535
SOD1,-0.14200000000002433
TMEM158,2.895575
ZNHIT3,4.279966666666667
ZNF177,0.18570427777777782
STK11IP,-0.11905388888888879
RAI14,2.262856666666667
KCTD21,0.12526000000000037
NUBPL,0.851328333333333
CADM2,-0.19421558388888882
CPNE8,-4.078061000000001
FSIP2,-0.5848691016666667
GNB2,11.473666666666674
PI4KAP1,-1.0222226111111112
JUP,8.733438888888912
LOC340357,0.003780944444444445
PRRC1,2.1378444444444398
CDC26,4.9270944444444424
LY6E,40.44461666666666
PTTG3P,0.0
RFX1,0.4975311111111109
SLC25A1,-8.641238888888886
TUBA4B,0.0036163443333333337
GIPC3,0.06989377777777783
CBX6,-0.38973833333333285
PVRL4,2.3254952777777778
SNORD115-44,0.0
GRIP1,-0.021002688888888843
IGLL3P,-0.014609844444444445
MIR3191,0.0
FBXO8,-2.332678333333333
VN1R10P,0.0
SNORA48,-1.9650111111111102
BRD9,1.4850544444444438
NDUFAF6,0.8534611111111108
ANAPC11,4.362344444444446
PIGR,-845.4579888888888
AKAP9,-3.3444916666666646
AP3M2,1.240079444444444
SNORD115-27,0.0
ATP6V1H,4.153394444444444
TGS1,2.9900094444444445
NPAS3,-0.06384251111111112
TCN1,2.285194522222222
CCDC37,-0.0004367999999999998
SMG1,0.13554166666666667
ZNF765,0.32069583333333274
HIST1H2BJ,3.371826722222222
LRRC37A,0.03475438888888893
NCOR1P1,0.3229031111111111
CBLN2,-0.65278575
GABRB3,-0.2189762388888889
RFESD,-0.045723000000000014
SQSTM1,21.53588333333333
CHUK,0.12492888888888842
HSPA1A,-45.521433333333356
ADAP1,2.741110555555551
WNT9B,0.02881678888888889
CDC6,5.8569098888888895
DDHD1,0.022617499999999735
PRR24,-0.22149722222222223
KCTD3,1.4540722222222264
RNFT1,-1.315826111111111
PSMG2,2.0789277777777784
CARD18,0.0
PAQR9,0.0012981944444444438
PLK1,9.324178888888888
ADAM5P,0.0
C7orf41,0.6097116666666658
MIR1915,0.0
MIR4270,0.0
SLC16A9,-5.372079611111111
SORL1,-4.8723311111111105
ALKBH6,0.3023044444444434
OR6C75,0.0
HYDIN2,-0.0009653127777777774
OR8I2,0.0
MIR514B,0.0
FBXL5,-3.2048861111111115
SHMT1,-1.4357994444444442
TCOF1,3.8461716666666668
ZNF518A,-0.42335944444444484
CLCNKB,-0.3097585666666667
EP400NL,0.0561111666666666
LRRC58,1.7632288888888876
SNORD111,0.0
TMCO1,-9.350161111111106
GMIP,-1.6661755555555562
DDX28,1.1638538888888892
RANGAP1,9.818777777777779
ENPP1,-0.819789555555555
SULT4A1,-0.2832270944444444
CNOT6L,-0.08618444444444506
ATP6V0A1,-0.9279611111111112
PTK6,-9.380890666666662
CXorf48,0.008858377777777779
EDEM2,2.3105683333333307
FAM187B,-0.009211383333333335
LINC00523,0.030894433333333336
PARP4,6.537711111111104
PIP5K1P1,-0.0009304911111111115
MIR1236,0.0
KIAA0586,0.23690388888888858
MGAT1,-7.981761111111119
ZNF793,-0.07935868333333324
ZNF98,0.0004986368888888898
RASAL1,0.866074888888889
MST1R,0.17990177777777738
RNF4,1.1423277777777763
PRB4,-0.006618205555555557
SLC7A10,0.02389677222222221
TNPO2,6.251569444444446
CCDC125,-0.7074711111111118
FANCI,3.7379877777777777
DHX29,0.08475055555555677
MATL2963,0.06266961111111113
GNRHR2,-0.06254027777777776
NAT14,1.6225005555555545
PIGG,-1.1977722222222233
ATP8B2,-0.3333961111111101
SLC25A3P1,0.0
CDCA7L,3.636532777777777
CHTF18,2.9278999999999997
DIRAS3,-0.13632434999999998
SAT1,-31.64527777777778
IFNA2,0.0
IL1F10,0.00034951111111111103
C9orf131,-0.010663450555555554
TAS2R20,0.0418442222222222
TGIF2,5.802788888888889
PPIEL,-0.560504388888889
TMCO4,-1.3359305555555547
MEF2A,-1.1251733333333336
PTF1A,0.16443951666666667
PRMT8,-0.005564955555555555
VPS13A,-0.09245777777777775
LOC100128239,-0.057048283333333324
TTC8,1.2757561111111109
DDX6,-1.0007388888888862
CD99,-2.212755555555546
HAS3,1.087554277777778
EHF,-0.47482866666666723
ATP6V1G2-DDX39B,-0.32458277777777766
IPO7,14.814727777777783
MIR4491,0.0
GPR39,-0.5726635500000001
ATF1,-0.2207355555555548
MIR30D,0.0
TNFRSF13C,-0.7824477722222223
MIR5694,0.0
EGFL7,3.1743533333333342
MIAT,-0.5658131111111112
C20orf118,-0.09629944444444583
CCL28,-30.627674499999998
ACTL6B,-0.05555208888888889
C6orf201,-0.006900877777777779
SRSF2,13.300783333333342
MTMR10,-1.8496855555555562
BMX,-1.128229022222222
C10orf105,-0.09901690166666666
STX10,4.779372222222218
LFNG,20.477405
ARL2BP,1.1422111111111057
TTLL7,-0.358271
ZNF462,0.3647300000000002
ZNF544,0.6601661111111108
ZNF667,-0.07197381666666666
LOC100287205,0.00009440038888888888
PLEKHG3,-1.8057999999999979
MXD3,0.4172222222222217
PDCL3,4.6837722222222204
WAC,0.2733055555555559
ADAMTSL5,0.5205974999999998
CRYBB3,-0.1071366888888889
WHAMMP3,-0.06272172222222228
SEC61G,73.49968333333331
OR2A2,0.0011590222222222224
SNX3,-0.5011499999999955
ARMCX1,-1.0793780555555554
THAP9,0.09751427777777777
FHOD1,0.25527833333333305
ATP11B,-1.5813233333333354
CADM2-AS2,0.0
GTF2A2,-2.5550166666666705
UFSP1,0.48255794444444433
CCND3,0.5683833333333297
ZNF581,1.9546777777777802
CDC25C,0.8125605000000001
PAM16,9.254290555555556
RNF19A,-2.9282877777777774
ARHGAP23,1.7457488888888886
BCL2,-3.2523685
FOXG1,0.16416445000000002
C17orf66,-0.007053005555555552
ERN2,-7.472288333333335
LOC100233156,-0.06862173888888856
C19orf48,14.403424999999995
GIMAP1,-0.8643049444444442
AREG,22.150866666666666
MIR548G,0.0
FAM21A,-3.7882938888888873
PLEKHH2,-0.4360354444444443
MBTD1,-0.012252777777778334
KRT84,0.001236738888888889
KIAA0556,-0.236543333333334
RBM8A,2.9629277777777787
TEX30,2.9049555555555564
GHITM,-55.141466666666645
TMEM61,-1.7383012222222227
RPL27A,44.22366666666666
TRPC2,-0.03034723333333334
ARFRP1,-0.01342777777777826
SPATA3,-0.0025600944444444445
OR14J1,0.0
CLEC18A,-0.2714377333333333
CDX4,0.0
CTSH,22.36421666666666
CEP57L1,0.042168111111111184
FAM90A27P,0.0
LINC00423,0.0
NOS3,2.260196611111111
AKR7A2,-3.692862777777778
ANG,-1.7015872222222193
ATP13A4,-1.0234204722222224
FAM65C,-0.140659722222222
FKBP7,1.098691111111111
C1orf131,1.27093777777778
GDF7,-0.06673470000000001
MCM5,4.270543888888886
PCDHA12,0.14413763111111108
LGALSL,-2.023949444444443
CDHR4,-0.006933983333333331
NPPA,-0.035700499999999996
PP14571,-0.2187017611111111
PPM1B,-6.802250000000001
RAB42,-0.5830981666666668
SLC12A6,-0.7498127777777785
UBXN8,0.30487555555555534
ARHGEF38-IT1,-0.05570416666666668
CCZ1B,7.054226666666665
KLHL14,-0.0655731038888889
CDC25B,14.506786111111108
LOC100132247,-0.4383550000000005
CDHR1,-4.605731388888895
MRPL50,15.777455555555559
NOP9,1.3587350000000011
CR1L,-0.007085612611111118
MIR98,0.0
SCRT1,-0.00875885111111111
C14orf166B,0.005790494444444443
IRS1,1.0276372222222223
CAPZA2,6.268955555555529
HIST1H4C,0.2998574444444444
ITIH4,-0.29707677777777786
AMY2A,-0.010898689
CKMT1A,-19.65275194444445
ZNF425,-0.13429605555555557
SLC15A5,-0.0035113555555555554
CPSF1,5.581999444444445
LOC100507470,-0.0019394888888888888
NIPAL1,-5.901244905555554
OR13C8,0.0
GUCY2GP,0.02236045555555556
SORCS2,0.24764305555555566
PPM1G,11.204450000000001
STX2,0.9803632777777778
BRWD1-AS1,-0.003913433333333334
C17orf80,0.3212027777777777
EPS8L1,0.6940514444444439
LOC127841,0.07552441111111113
SSFA2,-9.559761111111108
JAKMIP2,0.0030037611111110862
MIR4290,0.0
APBA3,0.017859444444444428
SUN2,-11.116877777777773
UPRT,0.40569277777777746
SETX,-0.15408166666666645
LOC100144603,-0.024058444444444493
C17orf105,0.009302538888888889
LOC728640,0.004229955555555557
MIR4292,0.0
SNORD59A,0.0
ZFP36L1,29.195916666666662
MIR181A1,0.0
APOC3,-0.5827034444444446
GPR161,0.29321827777777765
LINC00599,0.00016090555555555493
UPK3A,1.2188431999999998
NCAM2,0.03340222777777785
CD248,6.151619444444442
LOC100130451,-0.00948583888888889
SCD,42.93307555555556
RAB3IL1,-0.13485761111111172
POLL,-0.18522611111111154
EXOC6B,-0.7926066666666665
FAM126B,-1.5151566666666665
IGFN1,0.026259946111111113
SNORD115-3,0.0
BDKRB1,-1.6665393888888898
USP17L4,0.0
ARL9,0.15306550555555556
VMP1,-3.434100000000001
NAIF1,-0.08016777777777762
CYP11B2,0.0005601388888888889
OTOA,-0.06662330000000001
IL12RB1,-0.5921405555555557
SLC35G1,-5.404829111111111
ZNF826P,-0.1507817222222222
DCAF13,10.589818888888889
TBC1D3G,-0.11517900000000003
SNORA24,17.81796111111111
IFNA14,0.0
ZADH2,-3.261128888888888
LY6G5B,-0.590492777777778
LOC100128176,0.0
TPO,-0.07568060555555561
TEF,-5.057624999999999
RASSF9,0.2559277388888889
MAD2L2,3.575095
LINGO2,0.006463583333333335
KIR3DL3,-0.002523194444444446
PLCG1,4.203128888888889
ATP6V1D,-8.948816666666662
CHST10,0.08059938888888885
GTF2E2,3.1905505555555553
PPAPDC3,-0.1045977222222223
SLC43A2,-2.709779444444443
TDRD10,-0.15940654999999998
LOC100189589,-0.016248394444444442
TOP1P1,-0.1347537444444445
GPR151,0.0020008666666666668
GPR68,0.1478829444444445
PCA3,0.0057352366666666675
BTNL9,0.7440546666666669
DKFZp686O1327,0.00514677888888889
CYP3A5,-13.43298
DSE,1.1292377777777776
FADS3,1.484888333333334
HOTTIP,-2.089026261111111
HYAL4,-0.013907411111111115
LDLRAD2,1.3382761111111101
IGSF22,0.032187422777777794
MIR24-1,0.0
MTRNR2L1,0.14929020000000004
KLHL38,0.0456477
SIK2,0.24277111111111171
MGC72080,4.114491666666667
CD109,0.6630546666666668
SEPW1,-30.99518333333333
SLITRK5,0.0031988638888888754
SNTB1,7.8167605555555575
HS1BP3,0.8923238888888907
TMED8,0.10894827777777794
LINC00272,-0.004798361111111111
OXER1,-0.8429539444444443
LOC338579,-0.0017152555555555555
RPS6KA1,-17.116761111111117
ZKSCAN3,-0.044611055555555446
SLC38A9,-0.592122777777778
GLYATL3,0.07398098333333333
C22orf28,-7.157033333333331
OSBPL8,1.265567777777778
INSIG1,10.866820555555556
SBF1P1,-0.0006901611111111111
SLC39A12,-0.02426498333333333
METTL6,0.9404366666666668
ZFP91,-4.507797222222219
ZMYM3,1.0545638888888886
ADAMTS8,0.3333921722222224
SHOX2,0.006842150000000005
HLA-DQA2,-4.169717477777779
LOC389641,0.5928860555555557
SUCLG1,-28.862511111111118
MIR4322,0.0
AMD1,5.227744444444443
ATG4C,-0.2107566666666676
SNORD115-9,0.0
CYTH1,-6.088103888888886
FAM157B,0.08677862333333335
FSTL1,25.21458888888889
BRAP,0.14209888888888855
KRTAP4-5,0.0
RPL23A,198.7009999999999
SLC44A4,-82.96628944444447
ARHGAP42,-1.4678177777777774
CT45A2,-0.000010053277777777778
MIR5194,0.0
SEZ6,-0.07065711722222222
SYNPO2L,0.017228124722222224
CETN3,1.2605977777777806
HMGB1,99.57772222222223
LOC650226,0.003536644444444444
MIR3179-1,0.0
RPS17L,-85.70138888888897
ZBED4,0.4759777777777776
WBSCR28,0.06365732222222222
MIR874,0.0
VSIG4,-0.3179366666666663
SLC12A7,1.3481333333333332
IDE,1.5453377777777773
ADCY4,0.8012069999999993
MIR431,0.0
FBXO46,-0.48353666666666584
OR6C3,0.00502375
PTGDR2,-2.1749721666666666
MYH16,0.02221301111111112
DUSP27,1.3734866455555554
LOC100507651,0.09538946666666666
BIVM-ERCC5,0.03461787777777779
CPSF4,2.708381666666666
MIR5010,0.0
PRKAA2,-0.35907208333333335
RALGPS2,-0.8900594444444447
TCFL5,2.0685555555555553
PPARG,-10.266076666666667
RAD51C,1.9631155555555564
TBL3,2.81044
ZBED6,0.3003159444444443
WDR4,4.488628333333333
IFT88,1.5727011111111109
LCMT2,0.19396722222222262
RINT1,1.8345188888888888
SRI,-155.21613888888885
TGFBR3,-0.565657388888889
BSN,-0.020320301666666665
HAMP,0.6533758333333332
DKFZp779M0652,-0.028136877777777763
FLG,0.004449601666666664
OR2A14,0.0023935111111111126
TRIM25,0.06483722222222177
TUBG1,6.097944444444444
ATP12A,-0.8168447327777779
ZBTB7C,-11.303534166666662
ZNF691,-0.01993333333333336
GFRA1,-0.8964238499999999
LRRC8A,3.745243333333331
TAAR5,0.0
LOC440896,0.011940688888888891
EIF2B4,0.6340461111111146
MIR942,0.0
MSRB2,0.33355166666666847
SPSB1,-0.0980561111111129
IL32,40.91624999999999
CTU1,0.9406072222222224
MIR17,0.0
MAGEA10-MAGEA5,2.472222222222222e-7
SNHG6,50.100516666666664
SPATA18,-0.11195094444444464
TRIM54,0.5554133333333333
TSPY3,2.0388888888888887e-6
ATCAY,-0.14776075000000005
CACNB4,0.03543205555555558
KCNAB1-AS1,0.0
RPL17-C18ORF32,0.05261122222222214
SPTA1,0.0024482377777777773
ICMT,-0.2564872222222192
KRTAP4-6,-0.003784577777777778
FOXJ2,0.09763388888888791
MC5R,0.025865783333333336
MIR107,0.0
CHST1,0.4167061111111109
ABCB5,-0.1159158216666667
OR13C5,-0.0034421555555555557
RTBDN,-0.015088872222222244
SLC34A2,-0.007229198333333334
EYS,-0.014979299999999987
FAM76A,-0.08588166666666686
C1orf50,-0.9181250000000007
DUSP11,0.7666511111111092
LOC100507433,0.00779636111111115
PSMB9,10.691277777777778
FLJ16171,0.0
MAS1,0.005384083333333334
TCEAL2,-0.3983595499999997
ZNF721,0.08174277777777839
LSM6,4.206083333333336
LOC100507501,0.15081061111111105
MIR944,0.0
OR2T34,0.005389916666666666
APOC2,2.1341002777777778
CRYGN,0.014735444444444443
RAB3D,3.1129494444444434
SEC23B,10.694952777777779
LOC1720,0.0
LOC388948,0.009243827777777778
MPZL3,-0.33463899999999835
NUDCD3,6.0150277777777745
HYI,-3.2725850000000003
LINC00092,-0.46158383333333325
IRAK4,0.3000838888888895
PLRG1,-0.04046944444444556
ANKRD22,3.7294499222222237
C20orf194,-0.37462044444444476
DOC2A,-0.6376291666666665
CA6,0.007442722222222222
FLJ31306,-1.7154155555555555
IL17RC,-2.337513888888889
LPPR4,0.24559466666666657
MIR4687,0.0
MT1A,0.6781832777777783
MYH8,0.00027491722222222213
RSPO3,1.1069019111111107
SNORD115-17,0.0
OR2B11,0.012917511111111108
KATNAL2,-0.1912824388888889
ANKRD28,-0.28277277777777776
ELL2,-0.9514277777777771
FGFR4,9.389746611111109
MTOR-AS1,0.0
RPS18,2787.7216666666654
FAM212B,0.049455777777777765
NRIP3,0.22087559999999995
MIR612,0.0
ALDH2,-23.119350000000026
CLN8,-0.34750511111111093
PLG,-0.01395871388888889
SCAMP1,0.8135261111111127
SALL3,0.0005790816666666667
ABHD8,-0.46341611111111103
MARCKSL1,40.40467777777778
C20orf11,5.985004444444446
CPEB2,-0.9629688888888892
DLEU2L,0.055352094444444444
TRPV2,-0.053568888888888555
MYL6B,3.9645094444444435
ZFP91-CNTF,-0.06027591666666665
MIR135B,0.0
IL36B,0.00017738888888888926
LINC00086,-0.0848195444444444
PDXP,-5.068115000000001
BPGM,0.7002500000000005
GTSF1L,-0.01032353888888889
RNU6-83,0.0
OPTC,0.008819944444444444
ZNF576,0.31436166666666665
FITM2,4.536390555555556
INMT,0.2712841111111115
CD84,-0.2689776666666668
MIR4513,0.0
ZNF695,0.8623131000000002
MIR5092,0.0
DKC1,20.668633333333336
STK24,2.8662444444444404
SNORD23,-85.68555555555555
LUC7L,1.3572155555555554
CARD17,0.0789597222222222
LRRC3B,-0.09402640000000001
MC2R,0.003465511666666667
KATNAL1,-0.037130166666666575
TAF9B,0.8651461111111116
C13orf44-IT1,-0.016815644444444444
TSSK2,0.0
MYO5A,-0.4471449999999997
EP300,-1.470684444444446
ZNF563,0.34531338888888896
ZNF77,0.4066817777777777
OR52A5,0.0
WNT5B,-0.5446004444444448
PRSS54,-0.0007701611111111111
ARAP3,1.1323438888888893
ELOVL4,-0.08311211111111122
LOC286467,0.18925259222222224
ROGDI,-4.366251666666667
SH3BGR,-0.5769726111111106
SLC13A2,-3.363944438888888
C16orf74,-0.6612288277777778
URB1,1.847765
LRRC28,-0.8899427777777769
MIR324,0.0
COLEC12,-1.2779383333333332
DNPEP,2.9693777777777726
SLC18B1,-0.5691511111111112
RCAN2,-5.152095555555557
MT1E,-363.0732388888888
TSR1,2.789177777777777
MIR1231,0.0
CCDC144NL,-0.0006457477777777774
HIVEP1,-0.004873888888888622
FLJ35282,0.01094158
HESX1,-0.006036794444444438
MTBP,1.291008333333333
OR7E14P,-0.700131666666667
PCSK6,-7.0137851666666675
CXXC5,7.49068111111111
TMOD4,-0.03762087222222222
GRM2,0.03673312777777779
SNORD70,0.0
LOC442132,0.004538807777777778
EDNRB,-2.1911805555555555
ZNF70,-0.027888611111111183
NUFIP1,2.4209788888888886
LINC00615,0.0015666833333333333
ZSWIM7,-1.1475994444444444
LANCL1,1.4282133333333338
CNTN3,-0.9677507655555554
C5orf44,0.5777366666666657
BPTF,-0.29386444444444404
MTF1,-0.6967477777777771
ARPC3,13.26333333333335
ZNF283,0.1170823333333334
PNMA2,0.32603816666666663
ZNF816-ZNF321P,0.03377986033333333
MIR3064,0.0
WHAMM,-0.6459455555555556
LOC399815,0.07461247777777777
MID2,0.3730136111111111
TBC1D10B,1.0031999999999979
KIAA0664L3,0.17213722222222216
MIR374B,0.0
FIBP,3.118838888888888
MIR3621,0.0
FBLN1,-19.89742388888888
NKAIN1,0.01627537777777778
PLK1S1,2.854992222222222
SHPK,-0.9854311111111098
SCARA5,-14.490523905555559
TGM5,-0.006138277777777777
LOC642366,-0.0787473238888889
UCN3,-3.1279920222222217
KCNV2,0.00834156111111111
MIR181A2HG,0.038931472222222235
TTC7A,-3.5042077777777783
LGALS8,-0.887829444444443
SPINLW1,0.002165127777777778
HMGCS1,1.9570549999999969
CDH16,0.8738176555555556
PAN3-AS1,2.2161178888888893
EFR3B,-0.03835650000000007
GPR143,1.5183751833333337
LOC439949,0.2521840000000002
OR5B3,0.0
SIRPB1,0.20892650000000001
SLC3A1,-5.937801666666666
KIF4B,0.0029569611111111118
LINC00452,0.0035799777777777778
NKAIN4,0.04306410000000001
GDPD1,0.23309588888888877
MBD3L2,0.0
CFL1,-20.0287222222222
SLCO1B1,0.0005943111111111135
CD300A,-0.9103081666666668
KLF9,-5.376516666666669
MIR3612,0.0
STAC,-0.05107727222222222
SERPINB13,0.0024138722222222225
TMEM231,0.8785105555555557
MPEG1,-10.490110000000001
ZNF233,-0.1261002222222221
ANKRD52,0.6380816666666655
CRYBG3,-0.36334744444444445
CRTC3,0.5477294444444452
NCK2,2.1441666666666706
NEK10,-0.006707067777777784
AKAP7,-5.261251111111111
C1orf192,-0.052360333333333564
ALDH1A3,4.923657222222222
MAMLD1,-0.01349522222222227
CKMT1B,-15.640311833333339
AGA,-0.7251583333333365
NTF4,0.009563805555555558
PRDX3,5.286144444444446
PPP1R3F,0.13640955555555545
PRSS48,-0.0023151833333333333
MIR548H4,0.0
RUNDC3A,-0.3671390555555556
DKFZP434A062,-0.005917016666666667
SLC35D3,2.594187261111111
RANGRF,0.9354794444444456
TMEM185B,2.647930555555556
MIR3908,0.0
SNORA36C,0.0
SNX29P1,-0.19146236111111115
MFI2-AS1,0.36739183333333336
SCARNA27,0.0
USP28,0.4901755555555547
USP3,-0.29918611111111026
ABCA4,0.02295054444444445
SCYL2,-2.1411644444444473
FAM160A2,-5.698347777777778
PPIG,1.9319500000000005
HOXD1,-2.1569141500000004
PPAT,3.877866666666666
YPEL5,-8.839450000000006
GPR17,-0.1697954777777777
ZNF595,0.02570361111111108
KIF18A,1.1647512222222223
ARHGAP27,-9.387033333333338
CARTPT,-1.0932887722222222
DCT,-0.019435766666666666
HBD,-0.0003160333333333265
LACC1,0.23206555555555575
OR5H1,0.0
PIGV,-1.3355316666666672
PTPRD,-0.04030733333333414
TREML4,0.001196805555555556
RNASE1,-107.50574999999998
C11orf45,-0.09008970555555551
LOC100379224,0.024469750000000012
ERLIN1,-0.6052055555555569
LOC91948,-0.004197672222222226
SETBP1,-0.7742477777777778
TEX261,0.9225666666666612
GMPS,8.400557222222224
TSEN34,1.084794444444448
VAT1L,-1.0464043333333333
LOC100130480,0.0281225
NSUN5,5.248137222222226
MIR4319,0.0
TMEM104,0.46355833333333374
MIR4466,0.0
ANKRD46,2.069924444444445
MIR3156-3,0.0
MIR676,0.0
CSRNP2,1.0127744444444442
CAPN9,-3.7583832222222204
RNASE4,-1.6693555555555477
NOS1AP,-0.24141338888888897
RNF157,-0.26277555555555665
TRPV6,-0.05375607555555556
RNF208,1.1419344444444448
SRL,-0.11935672222222221
OR6C74,0.0
KIAA0907,3.148056111111112
FOXM1,5.528011111111112
LOC344887,-0.8697024666666668
ZNF75D,-0.08379611111111096
FBXO22,2.251383333333334
CYTH4,-1.5237133333333333
HIST2H2AC,-0.0033814355555554787
C10orf62,0.0013854111111111112
CLDN9,0.34407770000000004
FAM9C,-0.001828488888888889
MIR4300,0.0
SLC7A6OS,1.4956633333333338
C8orf4,-10.795166111111104
FAM99A,-0.00591125388888889
SLC45A3,-1.7094499999999986
PCDHGA8,-0.008250590722222222
PRR15,-42.960129611111114
SLC39A6,3.4792216666666675
SMCR8,-1.364136666666667
PPP1R32,-0.004686555555555638
THUMPD1,0.5385311111111122
CCL3L3,-0.20584387666666665
CLCA1,-147.99800461111107
COL13A1,-0.5137808888888891
WDR35,0.7617228333333335
WEE2,-0.004256668333333338
XIAP,-0.4064333333333341
HIST1H3C,-0.09910016666666666
CD200R1L,0.0032798405000000006
IFLTD1,0.016605894444444446
MIR3911,-2.974999999999966
SPANXN4,-0.008892500000000001
ADSS,3.07683888888889
PIN1,0.125288888888889
OR5AK2,0.003604044444444444
ZNF677,-0.0666921055555556
CNDP1,-0.013088755555555553
KIAA1731,0.36354838888888885
KRT9,-0.07476965555555556
NAB1,1.375163333333333
SNX29P2,-0.30259881666666666
TUBGCP5,0.21071888888888912
FUNDC1,1.6087894444444428
ZNF823,-0.3596105555555562
DDX23,5.0137222222222135
HLA-A,-330.7809999999997
SNORD115-31,0.0
LGALS2,-65.69834499999999
MUC1,2.925777777777782
STRAP,23.355377777777775
MIR759,0.0
TMEM132D,-0.05147487722222223
JRKL-AS1,0.0
BHLHA9,0.05506715555555555
RAD52,-1.0742850000000002
MIR487A,0.0
RHBG,0.005740150000000001
UBQLN4,6.192498333333331
BOLA3,0.2533061111111117
PPP1R13B,-1.5695177777777785
CBX3P2,-0.06654166666666661
TMEM115,-3.1758166666666696
FAM45A,-0.5172599999999994
CNTD1,0.10990666666666637
FLJ37201,0.04408672222222222
POLR2D,4.815140555555556
PSME1,1.0343777777777916
SGK494,-0.06781144444444442
TIMP1,125.52908888888888
ZCCHC17,0.9550222222222224
DGCR5,0.017655091666666674
OR6C6,0.0
CHEK2,2.951956666666667
FLJ36000,-0.005751849444444444
FOXB2,0.0
RBAK-LOC389458,-0.021713218333333333
RBBP6,1.2896922222222225
SLC38A2,6.740038888888897
CUX2,-0.029971718333333328
NT5DC3,-0.15099338888888836
VSIG1,0.04542380555555556
GAB2,-1.7370077777777801
CDC16,6.351783333333334
ANKS3,0.2482827777777774
VANGL1,0.45320888888888833
PCMT1,5.199783333333329
LINC00256A,0.06575226666666667
ZNF668,0.5977827777777773
SYCP2L,0.03045620388888889
AZI2,-0.3671333333333333
GRAMD2,0.6825915000000001
RGL1,-1.3238422222222233
ARHGAP8,1.6105724999999982
SCLY,2.308157777777778
IL11,1.1186768388888886
GABRD,0.3449318
MIR1245A,0.0
LOC100287513,-0.00014716183333333326
SPINK5,-1.7636891944444446
RNF213,0.6298633333333337
GSPT2,0.8419314444444446
ZNF610,0.22896402222222229
RPL18A,243.0911666666666
CLN5,-0.17848722222222335
THBS2,15.947992277777779
SLC25A20,-8.934307777777777
TCTA,-4.697191666666669
S100A2,4.120781699999999
CST11,-0.014108555555555558
ZNRF1,-0.5155627777777765
SP4,-0.23793816666666667
C9orf172,0.22948299999999988
STAT3,4.641777777777783
CCDC104,1.6868049999999997
IRF8,0.5827994444444471
ZNF276,-0.8478294444444447
EN1,0.009495916666666668
HCG9,-0.0058677833333333415
SMUG1,0.7476333333333329
ARHGEF26,-0.29855166666666655
BSX,0.0
RNF216P1,0.9823138888888892
NXF3,0.10860276111111114
RAB35,-0.9206888888888933
ALB,-0.9117857777777765
LOC100505761,0.22417777777777825
CUEDC2,2.601717777777779
MRPL41,-18.664261111111102
DHRSX,0.2672794444444442
GADD45A,-5.047443888888889
MSTO1,1.8138250000000005
JHDM1D,0.914490555555556
BOLA2,3.6918638888888875
ERGIC3,35.11264444444444
PMP22,-7.168308888888884
MLK7-AS1,0.07391115
PREPL,0.5799633333333354
SKIV2L,-0.008122
HHLA3,0.3347188888888888
LOC100128191,0.1322502777777778
ENOX2,1.819556111111111
TAF5,-0.020221666666666582
RAD51B,0.729819833333333
CSGALNACT2,1.6653377777777782
CELA2B,0.00032868888888888843
SOX5,-0.12266488333333336
EPHB4,14.89040611111111
TREM2,1.641036888888889
TMEM18,0.37320833333333425
OR52N2,-0.005243183333333333
KIAA1919,-0.07231533333333329
LOC650623,0.04437775555555551
ATF4,23.44881666666666
HMGCR,-3.374552777777776
03-Sep,0.007545966666666626
CFL1P1,-0.006779294444444448
PCDH11Y,-0.08972502555555553
TINAG,-3.9204661499999993
C5orf42,-0.03254072222222226
HSF2BP,0.1465566611111111
LOC643441,0.003004711111111112
RGS22,-0.02724886666666667
GSR,-10.658494444444443
SESTD1,0.8803211111111113
TP53BP1,1.5362511111111115
LOC401980,-0.0047360888888888925
HM13-AS1,0.05022186666666667
TEX264,-2.8406388888888934
FDX1,-1.090045
RAB39B,-0.2669954611111111
SDR16C5,2.394527955555555
ZNF587B,0.14295627777777753
HSD17B2,-57.89302516666669
PBX1,-1.8625855555555546
SLCO5A1,0.6419307222222222
SENP3-EIF4A1,-0.01562284444444445
FHL3,2.6508694444444445
PEA15,19.672488888888886
SLC38A11,0.021050400000000025
SP100,-2.0267449999999982
LOC100130197,-0.0030097222222222244
ITGAL,-2.7642217777777773
SLC35C1,-0.20354777777777855
SAMD4B,3.361303888888889
LOC100861402,4.198551111111108
FLJ42393,-0.014011527777777782
ELK2AP,56.816047444444436
KAT2B,-3.255588333333334
PPP4R2,-0.23537055555555497
H1FX,-9.23213888888889
SGSM2,-1.3219838888888882
MFSD4,-10.25204
SMARCA4,7.534000000000001
TMSB15A,0.4974342777777778
ZFHX2,0.036799244444444434
FAM134A,-7.801005555555555
GSS,7.045999999999992
MRPL36,10.202094444444448
EVI5L,-0.20772944444444352
SNORA37,0.0
LYSMD3,-1.6172894444444461
SEC14L6,-0.016002911111111108
RPL39L,1.844736666666667
TCTEX1D4,-0.0017388666666666441
DBC1,0.02732613888888888
CYP2U1,-0.31516538888888856
KLK15,-0.8232979
LOC100507173,0.4762161222222224
HEPACAM2,-26.84091205555555
MIR498,0.0
DBF4B,0.6460955000000004
FAM106A,-0.014693700000000004
GP1BB,0.021386227777777777
LRCH3,0.0013561111111108914
MIR424,0.0
NPRL3,3.196069999999999
SERF2,-8.923483333333323
EPHA3,-0.561273388888889
SNORD97,13.767877777777779
SUDS3,-1.065252222222222
ASAP3,-2.618699055555557
OR52D1,0.0
PRAMEF10,0.0
TRIM7,0.8918922777777778
OTOGL,-0.009237270555555559
SASS6,0.622711111111111
HIST1H2BE,0.32261955555555555
MIR517B,0.0
PLEKHG6,-8.817525555555555
HLCS,1.2160716666666667
TNKS2,0.646136666666667
LPPR1,0.1419674944444445
ASCC3,2.768290000000001
ITK,-0.5453199444444445
SESN2,-4.086522222222224
C17orf65,-0.015394999999999381
ZNF664-FAM101A,-0.096338275
NLRC4,0.009847277777777774
RALBP1,-3.665599444444446
UNC45A,-1.3672555555555537
LIN52,0.7574305555555556
LOC100507495,-0.11647233333333329
CHRDL1,-4.793693288888888
SRPR,6.485255555555561
MEPCE,2.873466666666669
MESTIT1,-0.004409523333333332
ITGB1BP1,1.9673833333333341
RPUSD3,1.2963638888888873
REEP5,-1.9293277777777718
PSMB5,16.29851111111111
TROAP,5.106895388888891
ERV3-1,2.039711444444444
ITPK1-AS1,-0.004111432222222223
MMP19,0.6964466666666667
C6orf118,-0.003935466666666667
MIR4715,0.0
TTC3P1,0.10324555555555559
CECR1,-6.6124600000000004
KLB,-0.22115457777777778
MIR3158-1,0.0
HYAL3,0.9988874999999998
TMEM14E,-0.0053555055555555555
AK3,-3.2240444444444414
SLC5A9,0.22640531111111117
KIFC2,-0.4307183333333331
SLC26A11,-0.619726111111111
CPPED1,0.23827722222222292
GLRA3,-0.00044273333333333387
LOC100287042,0.1853717222222222
NDEL1,-0.9457833333333312
PTRH1,7.457280555555554
C14orf142,-3.8641661111111105
NKX2-6,0.0
AGAP11,-0.26643468333333326
C16orf46,0.1394577222222222
AKR1B10,-42.01985573888888
OR52E8,0.0
GMFB,-4.175096111111117
OR6C2,0.0
SEPHS1,4.5179127777777754
MIR4258,0.0
TSKS,-0.049832344444444426
UBE2Q2P3,-0.0582819722222222
ACADM,-14.024454444444444
GALNTL5,0.0
FAM75A2,0.00006155555555555555
PLAC9,-4.556661833333333
CCPG1,-4.663307222222221
ACOX1,-10.199842777777778
HBB,-35.55094333333333
USP1,1.3278127777777797
ACADVL,-54.70663333333333
MCAM,11.854674444444449
COBL,-2.631189444444445
TLE3,-2.13653722222222
MIR412,0.0
PDZK1,-3.1579987222222226
NAV1,0.595434
ALPK1,0.00797833333333342
ARHGEF3,0.6204211111111118
EFNA4,3.6398022222222224
TRPC4AP,8.411855555555555
ZNF160,0.29405722222222197
DCAF12,3.7712999999999948
NEURL1B,-7.059803888888888
PARD6B,0.9396748333333331
PTCH2,0.01668062222222222
ARL5C,0.0017080555555555547
CHADL,-0.3134283333333332
RPS6,456.72411111111114
C10orf10,5.655359999999998
MIR4268,0.0
ATRX,1.1533977777777782
FN3K,-4.72014388888889
DYTN,-0.002368183333333334
C4BPB,2.778741555555556
OR2G6,0.0
PFDN5,-1.950055555555565
RUNX1-IT1,-0.003558388888888887
DCAKD,1.500439444444444
SNORD114-14,0.0
TCTE3,-0.008064522222222203
GLT8D1,1.0091505555555589
PARM1,-66.63561666666666
RBFA,-0.13024611111111128
RPL19,168.68238888888868
DOCK4,-0.03828516666666637
ZNF384,1.0187000000000008
EPB41,-1.45206611111111
GJA9,-0.1591533977777778
GABRA1,-0.0038497461111111114
BIRC2,-4.073867777777778
PRICKLE2-AS2,-0.0036890666666666663
MCM9,-0.02525833333333294
RPS3,267.3355
TMEM184C,-1.976200555555554
TUBA1C,76.84967222222221
ZNF398,0.3642138888888886
CYP2J2,-3.4297232777777786
NLRP7,-0.08783706166666665
SPNS1,2.54108888888889
C16orf73,-0.031110605555555556
FBXO4,0.9958672222222225
HSPB1,22.430072222222236
KCTD13,0.45192555555555547
CHRM1,-0.1802458555555556
HNRNPA2B1,65.08449999999996
ESX1,0.0
MIR3131,0.0
ATP9A,5.921569999999999
PPP2R5B,-0.7962372222222198
LINC00488,-0.0008544722222222235
PARL,-0.4749111111111084
PLEKHA4,5.027654444444444
ABHD5,-2.1793416666666667
DHRS7,-7.021144444444445
INTS8,6.093179444444441
FARS2,0.13431333333333306
LOXL1,2.993559444444444
MTRNR2L4,0.0074228055555555575
DNAJC19,2.4954944444444465
EIF4A1,65.11872222222223
TMEM200C,0.3231333555555556
MGAT2,-4.328466666666664
TUBA1A,1.2858388888888896
C7orf57,0.025878538888888893
CYTH2,0.6564961111111103
IRGQ,0.27285099999999973
LALBA,-0.0036099
ATOH7,0.00974044444444444
LATS1,0.36891222222222186
MRPS24,12.914394444444447
ACSM3,-4.096645555555558
C14orf176,-5.751612166666665
TEX28,0.0014139222222222221
TRPM4,-24.259017222222212
ATAD2B,-0.0018594444444444136
ST14,-50.32179611111113
MIRLET7B,0.0
C5orf55,-0.09415144444444445
CHAMP1,1.7769988888888886
FIBIN,1.5048106666666663
LOC440173,0.4021295
HSPA9,14.95890555555556
KCNQ1DN,-0.005571327777777778
MGAT4B,-29.744622222222233
RNU6-78,0.0
SDHB,-19.48828888888889
LYZL2,0.007841127777777778
KCNG1,-0.3172335777777777
GLRX,5.111494444444439
MIR4664,0.0
SLFN12,0.029392111111111174
S1PR1,1.7474511111111095
PAPOLG,0.08326499999999992
CLN6,3.7942777777777756
CSF2,0.481432111111111
EPHA5,-0.03095590222222222
FBXO42,-0.3314216666666665
LOC284440,-0.004895611111111198
MIR3974,0.0
OR1D5,-0.002266722222222222
PIGM,0.9751305555555554
LDLRAP1,-4.776877777777779
PNPLA8,0.9009911111111117
AQP9,1.9395005555555556
C1orf74,0.4306049999999999
SPRNP1,0.011931166666666666
PJA1,2.0124377777777775
PARP3,-0.7329688888888901
TMEM155,-0.0635381888888889
LGALS17A,0.03193092222222223
LOC100506835,0.012914994444444439
ZNF471,-0.16485331111111112
ZNF747,-1.0745477777777777
CTNS,-0.4984249999999997
GPS1,0.1293777777777798
LOC100128788,0.03318093333333333
LZTS2,1.5839944444444445
ACTRT2,0.0
ENGASE,2.978711666666669
NEDD4L,-5.80715
PTGER4,-11.184237222222222
KRTAP5-4,0.039879583333333336
SEPT7P2,0.2635372222222221
CNOT4,0.6643388888888886
LOC100134015,0.00032029444444444354
TRIOBP,-3.7177266666666675
PLEKHA8,1.3119555555555555
WDR3,5.053812777777778
CSNK1G1,-0.20881166666666662
LIMD2,-1.014796111111112
ZNF770,2.0585022222222227
MRPS15,4.542927777777777
NINJ1,2.945220555555558
ANKMY2,-2.213887222222221
MIR126,0.0
RMI1,0.9314572222222224
MIR320E,0.0
CDC40,0.3523227777777782
CCDC106,-0.23441794444444497
MIR5581,0.0
TMEM216,2.4719316666666664
HIST2H2BC,1.2099603888888897
ZDHHC9,13.600050555555551
RSU1,1.1431944444444468
NRP1,2.1925011111111123
FAM220A,2.656481111111111
KRT38,0.004155211111111111
LOC100507300,0.0005298444444444429
SNORD59B,0.0
RBM39,17.563605555555547
EAPP,-10.095811111111114
DNAJC24,0.6617811111111114
MAP3K7,0.9492450000000012
MIR4720,0.0
PTPN20A,0.023387400000000003
RNF17,-0.005936261666666666
BRIX1,13.963280000000001
ELOVL6,-3.7789966111111113
MIR30B,0.0
ZFYVE20,-0.24110500000000012
AGAP9,-0.03284606666666656
HIPK2,-1.372391111111111
ASCL2,40.865512277777775
CAPRIN1,17.975061111111113
NRTN,-0.03551499999999996
TSPAN7,-42.69124222222223
RDH14,-0.6949894444444453
SMG9,2.1453144444444456
C4orf32,1.393227611111112
MARS,7.438005555555559
STK11,-1.1719333333333317
SUMO1P3,-0.001156964444444436
SVIL,-1.634104444444441
OR52A1,0.0
TGFBI,83.59117222222223
LOC100335030,-0.009364027777777773
OR8D1,-0.14532756111111114
GPR101,0.0
CINP,1.3058972222222227
MIR4801,0.0
TRIM66,-0.0509654444444444
MCTP2,-2.225410444444445
SCRN2,-3.559988888888892
DLGAP3,-0.03242785555555554
LPCAT2,3.1557416666666667
MIR3154,0.0
TMEM101,-0.780899999999999
TPP1,0.13316666666666777
HNRNPA1L2,1.433577222222222
CTSS,-38.287577777777784
CAMK2G,-3.725129444444443
MIR4670,0.0
SNORD115-26,0.0
CT45A6,0.0005677
ERVV-2,0.018722394444444443
MLXIP,-7.510694444444443
LOC100507600,0.007837277777777776
SPOCK2,-1.4524633333333332
SRCAP,0.5281711111111118
AGAP4,-0.02958622222222229
AARD,-0.1724882222222222
FAM91A1,5.163365555555558
C17orf59,-3.044970000000001
DEFB134,0.0
GRIK1-AS2,0.02161972222222222
HOXB2,0.16412222222222184
OPTN,-11.27212777777778
RGPD2,-0.036997829333333336
CDK7,6.205274444444443
RNF144A,-1.034319388888889
ADH1C,-177.71051277777775
LOC728723,0.03351456111111109
PPCDC,-0.3262561111111113
SERPINA13,0.0
SOX2,-0.10284673888888893
NYX,0.0035628888888888906
SPANXA2-OT1,0.006174411111111112
TEPP,-0.00567055
ZNF286A,0.3264177222222223
PDCD6IP,-8.56391111111111
ZFP41,0.8185799999999996
CTXN2,-0.015906150000000004
GZMM,-1.8039193888888891
B3GNTL1,0.9322354444444443
CLEC7A,0.533526777777777
PCGEM1,0.0
MIER1,-7.215573333333332
FGFBP2,-0.3939016611111112
PRICKLE2,-0.30575822222222226
CDK1,15.95915722222222
GM2A,-0.8679988888888897
FLJ13224,0.0034138833333333257
OR5AN1,-0.005406016666666667
OR4D2,-0.0035516
PLB1,0.06023522222222222
LINC00558,-0.0006881833333333334
DALRD3,-0.05986722222222518
GRAMD1A,9.209946666666669
H2AFB1,-0.010799688888888891
CCRL2,-0.9979172222222195
IL12A,0.09904890555555562
TRIM21,0.5113444444444468
MFSD10,6.392716666666665
NDUFV1,-23.04336666666667
PURG,-0.01929532222222223
LOC149773,-0.003510177777777776
OR2W3,-0.3072521055555556
CPOX,2.974277777777777
C1orf177,-0.22686048333333342
PPIAL4A,0.00044725738888888936
FAM75C2,-0.004845348333333334
ROPN1,-0.06865166777777779
BAI1,-0.23221422222222218
ZBTB8OS,-0.6921216666666687
AQP1,6.670254444444446
FAM22A,-0.7254196666666664
AOAH,0.9506872222222205
GAGE12C,0.0
C10orf128,-2.398057777777777
OR2AK2,0.0
EFCAB10,0.0948678
CGB5,0.21539946166666665
SH3BGRL2,-14.830386666666666
BTBD3,-7.0223366666666625
LOC100133123,0.0
DYNC1I2,4.553644444444441
ACTR1A,-3.3021888888888924
RAB22A,2.446803888888887
ZFP37,0.010334905555555496
EIF3D,12.403316666666669
FHDC1,0.5473119999999998
FNDC7,0.0015062277777777777
HOXC4,-0.09255217222222226
GTPBP1,-1.3854655555555553
MYOM2,-0.007090094444444389
EXOC7,-3.591605555555553
RHBDL1,1.0172688333333335
ATXN7L3B,-0.047677777777778374
SMYD1,-0.27928864333333314
LSAMP,0.249457222222222
CD8B,-1.4130206111111117
APITD1,0.8131305555555555
FMNL1,-1.1424394444444448
EEF1D,32.119055555555576
OR4F13P,0.0
AMN1,0.24680522222222212
ANP32A,2.4740277777777777
NOXO1,6.211171666666667
CCNC,4.679805555555557
PSD2,0.0020340494444444426
FLJ42709,0.10951033333333315
RET,-0.33980722222222226
SIGMAR1,24.12188888888889
SLC22A7,-0.007963633333333334
CYTIP,-2.544083333333333
LRSAM1,1.5013722222222223
MCPH1,0.06320388888888884
TCEB1,8.833311111111113
QSER1,0.8914049999999998
XKRX,0.5373958944444446
RDH16,0.13180691666666666
MUS81,-1.234319444444445
CLK1,0.39131666666666476
CREBL2,-2.868088888888888
MCRS1,1.8589333333333329
ST7-AS1,0.37407883333333336
ANKRD20A4,-0.1513012394444444
TMEM229B,-1.1027081111111108
GBP1P1,-0.02680905
CLDN10-AS1,0.18963769444444442
MGC27382,0.008208749999999999
MIR500A,0.0
FAM149B1,0.03921777777777713
MRPL42,3.7999794444444444
FRAT1,-1.0290272222222216
GREM2,-7.8194803611111094
ZNF155,-0.2552143888888885
TOB2P1,-0.04868314999999998
SEZ6L2,4.324565555555556
UROD,-2.7160727777777787
ABCA3,-0.08724375555555564
ABHD13,0.8070811111111125
MIR2964A,0.0
TSPEAR,0.22226687777777776
LINC00235,0.06369679444444437
ZNF821,-1.2792447777777773
IL16,-2.574848166666667
RNF126,2.518555555555558
ARV1,-3.010014444444444
PRODH,1.5369643888888893
SLC30A1,-2.595974444444444
FGFR2,-5.872419333333333
ASB7,-1.6956683333333333
OTP,0.0009466166666666667
SNORD67,0.0
CEP85,0.7550527777777778
LZTFL1,1.1477833333333334
NMU,2.8722137666666665
TP53I3,-14.293946111111119
SNAR-H,0.0
MS4A14,-0.015232144444444456
LINC00341,-0.45350366666666675
CIT,0.7465796666666666
TTTY1,0.004805466111111113
MIR4321,0.0
HDAC6,-0.922423888888888
ZNF607,0.029000055555555626
ATM,-0.19140999999999986
FANCE,0.7436916666666664
CNTROB,-0.6614488888888879
ECEL1,0.35530656666666666
KHK,2.336402777777778
SACM1L,-2.4032977777777766
MIR384,0.0
SS18L2,2.9585150000000002
C3orf62,-0.1346062777777779
ZNF740,0.7282044444444447
GSTM3,-0.5057534444444443
GPR183,-2.3831772222222227
HIST2H2AA4,10.38591055555555
APOH,-0.40951099999999974
RACGAP1,6.672496666666667
IGSF8,-0.43656777777777833
ABI2,1.0108122222222216
C1orf220,-0.06670331111111105
FAM48B2,-0.00022729444444444507
OTUD1,-2.955282777777777
PRSS58,0.0019620111111111117
FAM27A,0.06234494444444416
RGS2,-2.8991394444444474
HAP1,-0.10728938888888885
TMEM138,0.10328722222222275
TNFSF15,1.2807861666666662
CNKSR3,-2.1837477777777794
FGD2,-1.3803684999999999
FOXD4L1,-0.0056934438888888925
DGAT2,6.4314422222222225
METTL7B,-2.805551666666666
CABLES2,1.250852222222223
LOC100132831,0.0
BSND,-0.010207111111111111
MIR106A,0.0
OLFM3,-0.158490275
FASTK,-4.0006666666666675
CCT6A,45.604299999999995
KCNJ9,-0.02592848944444444
RPL15,35.190722222222234
TDGF1P3,0.023721957999999994
SIKE1,0.24251944444444273
DEM1,0.10986111111111119
TMEM246,-6.425921666666667
TMOD3,-2.506522777777782
SGSM1,-0.5861602666666669
TCL1A,-1.7188396166666662
THAP8,-0.2957712777777777
SHOX,-0.03375191111111113
CCM2,0.1932166666666646
DNAJC5B,-0.010902894444444422
VPS37D,0.4006733888888888
VTI1A,0.10285777777777749
FXYD4,0.17246227777777778
STK10,-0.31624499999999944
LOC100505478,0.005299455555555556
OTUD6B,3.663151666666667
FAM3C,1.1183111111111117
CYP3A43,-0.0005576555555555562
IFNA1,0.0
LOC100506241,0.0
LOC286238,0.0042587833333333335
CDC37,26.875672222222235
ACTRT1,0.0
ROPN1B,-0.0014685222222222197
ZNF628,0.022056833333333525
CRTC1,-0.0837100000000004
CYP1A1,-0.029873961111111114
FAHD1,-4.699705555555553
ISY1-RAB43,0.6849266666666658
MUC20,-3.3385641111111113
GLRA2,-0.7647470000000001
OR1C1,-0.007834627777777773
PIGZ,-23.441316111111107
PROK1,-0.02394612222222222
MIR5583-2,0.0
RAVER2,-8.913168333333333
PATZ1,2.123688333333332
RCN3,5.730885555555558
SEMG1,0.03431672222222222
PLXNB3,-0.1556414722222228
SPDYA,0.10362816666666663
GOLGA6D,0.0003544319444444444
TULP4,0.8794922222222223
VCY,0.0
MUC13,-62.43039488888891
CCDC135,0.0054063294444444444
GCG,-47.244076555555566
DHDDS,-6.752184444444445
MIR3676,0.0
MMP3,16.67102098333333
ZNF252P,-0.013651666666666173
PLA2G6,-0.8211066666666662
MIR647,0.0
COX6A2,-0.012964
ACTR1B,-0.5809888888888892
DCTN3,1.1099611111111116
CC2D1A,-2.8063638888888924
CA8,0.38350261111111106
MIR4436B2,0.0
MIR4465,0.0
LOH12CR1,0.8027855555555556
MIR548Q,0.0
NSMAF,1.8689188888888886
LOC100130357,-0.020143622222222213
ELMOD3,-0.7191272222222223
PAX3,-0.013816255555555556
SNORD79,0.0
PTP4A2,-7.100211111111108
EIF4E,3.930472222222221
PSMC5,2.247138888888884
CORO7-PAM16,-0.0019768546666666803
TADA1,1.1745655555555556
TLN1,2.0529777777777767
VWA7,-0.03233055555555553
WDR18,6.6348277777777795
CRTAP,2.980911111111112
PRO1768,-0.0012554500000000004
PCDHB13,0.1790005
MIR376A2,0.0
RAB25,7.361532111111131
OLFM1,-0.7259585000000004
WWP1,2.4351700000000047
ZDHHC20,11.33668888888889
PCSK7,-13.30317222222222
ILDR1,-2.4955749777777774
RAB24,-1.0176972222222247
KIAA1586,0.5252767777777778
MAGEB6,0.008447583333333335
ANXA10,1.316637094444444
MIR1182,0.0
C3,17.566952777777782
SNORD115-41,0.0
LEFTY2,0.6260533944444444
EGFEM1P,-0.009339022222222224
UBE2L6,7.604161111111104
OSGEP,0.9970644444444439
DNAJB1,-2.4345388888888806
NDUFA1,-94.36999999999995
C19orf55,0.07249333333333308
AHCTF1,1.4930716666666672
GPR37,0.2334954777777778
HNMT,-0.6131944444444422
CHRD,0.3089876666666669
FLJ46446,-0.7486374499999998
LOC283299,0.0009324611111111111
GPR180,1.2477138888888888
MBD3L5,0.0
MRO,0.04601394444444447
DYNC2LI1,0.876659444444444
CCDC80,2.4998900000000006
MRPS22,0.3989166666666719
C19orf53,16.11725000000001
C7orf33,0.001605177777777778
OR4N3P,0.0
PLCB3,0.5499066666666668
PMCH,0.21931266666666666
PIK3R3,1.1300416666666675
PUS3,1.2985611111111108
GPR123,-0.0009602016666666654
KCNJ13,0.05070792555555556
LOC100128822,1.5491161111111102
LRRC38,0.016612433333333336
PRR9,0.8143127944444445
BMP4,6.398082777777775
KRT33B,0.0
PRKCG,0.11492789666666664
RAB5B,-7.998311111111114
RBMY1D,0.001108755
REG3A,9.866851049999998
RYR3,-0.054951120555555524
SMCR9,0.0018767388888888906
SOWAHD,-0.7121277222222222
EIF1B,-0.7701944444444493
EIF2AK3,-1.6339688888888881
PCBP3,0.6480485000000001
FLJ23867,-0.9520927777777786
IFITM10,-0.12672783333333332
IL31RA,-0.007299494444444443
SOWAHA,-5.736688322222223
CAPN10,1.1686961111111112
TRAPPC6B,-0.07082555555555636
HP,-0.32389644444444343
LILRA6,0.21217275555555554
SIGLEC10,-0.3337832777777774
COX6A1,-163.01227777777774
LRRC30,0.0
CNN1,-46.91446500000001
SYT8,0.07484542222222229
PCDHA4,0.16223664444444447
HPYR1,0.0025103
TOX3,1.651939500000001
INGX,0.01511882222222222
FAM199X,0.967976666666666
TTTY12,0.0
TREH,-0.34921455555555536
UGT1A10,-30.66255094444445
MIR3138,0.0
VAV1,-1.7203922222222228
ZFAND4,-0.5075360555555557
ZNF426,0.3721698888888887
AKAP17A,-0.5599366666666636
C6orf52,0.18791366666666665
CCNJL,-3.148621444444445
CRAMP1L,0.6970077777777774
CT45A1,-0.0055399
MIR3169,0.0
SCUBE3,0.39155960000000006
ABCA8,-6.085927238888887
ELOVL7,0.8661361111111114
HOXC-AS5,0.0
CD63,-21.39388888888891
CHRNA10,-0.12693576666666667
LRCH4,-1.5907027777777767
MIR29C,0.0
MPPED2,-0.12960359999999999
MCOLN1,-2.6051577777777783
RCBTB1,2.6078827777777778
SHROOM1,-4.109777222222224
SMARCD3,-0.5707483888888891
SPON2,30.127286666666663
MIR4289,0.0
TOPBP1,2.1441938888888883
ZNF847P,0.0
SEPP1,-339.4432166666667
MIR4764,0.0
LOC100505841,0.0
LOC728190,1.188365000000001
MRPL15,6.131661111111107
TUBGCP3,2.897968333333334
ABCC5-AS1,0.00488288888888889
MRPS21,11.976466666666667
SNORD75,0.0
ST3GAL4,-15.496730555555558
TMEM209,1.849712222222223
PXK,-0.8442211111111106
MED7,-1.0601677777777798
LINC00263,0.05990833333333345
MIR3156-2,0.0
FAM63A,-3.7177272222222193
ATG2A,-0.6700672222222224
SMPD2,0.14010722222222327
UBE2E1,0.6192611111111148
PABPC1L,1.6115709444444448
USP16,0.11217666666666659
GATSL1,-0.046466272222222216
ENTPD2,1.661072444444443
MIR320B2,0.0
CENPBD1,0.21934833333333348
EPHA1,3.394471055555555
CDC7,1.2552857222222222
PNP,10.319722222222214
KRTAP2-2,0.0008157527777777778
RABEP2,-0.9104533333333347
ENHO,-1.3186810388888888
APOC4,-0.015751775000000003
FRZB,-8.298649444444443
RNF14,-2.5320638888888887
SLX1A-SULT1A3,0.05208933333333343
LOC100652768,-0.2471567222222223
STEAP2,0.291285555555556
ESF1,2.5592627777777768
SGOL1-AS1,0.0031036722222222285
OCM,-0.020387494444444446
FBXL14,-3.8358822222222226
GLDC,0.7317324277777779
SCARNA7,0.5005277777777764
STIL,1.3616626111111114
THOC5,0.8669483333333341
VWA5A,-12.926148888888896
IGFLR1,-1.4147544444444442
ARHGEF12,-2.1701049999999995
C18orf62,0.0
JAG2,4.212818333333334
LOC100287879,-0.008044544444444445
POLI,-0.0633849999999998
ZC3H12D,-0.4814795555555553
SHE,-0.3053217777777777
OR7E24,0.0
CCT8L2,-0.0011219722222222223
COPS6,10.811950000000003
PRG1,-0.004458266666666666
ZPLD1,-0.022918717777777774
ARHGAP19,-0.13935722222222235
TCTEX1D1,0.03120301666666664
SIM1,-0.0032911277777777775
LOC100506686,-0.08109333333333302
MIR583,0.0
NRSN2,0.6628444444444437
C2orf72,-8.263795222222221
DPH2,4.575882777777778
RPS7P5,0.0
WDR87,-0.00044652111111111105
ZNF215,0.290801888888889
TRIM17,-0.012840772222222269
CA10,-0.1706449333333333
TIMM22,-0.8920411111111122
CDK5RAP3,0.2375333333333316
GAL,4.719440166666666
METTL12,0.17348483333333342
ANXA9,0.9457524444444445
LRP2BP,0.009030816666666691
LYZ,224.025511111111
MTCH1,4.226794444444437
PEG3,-0.2907793166666667
LOC654342,1.994438944444445
PM20D2,4.278191111111113
RNPC3,-0.9453422222222221
ACTR2,1.6297833333333358
BAALC,-0.27775947777777776
KIAA1191,-1.9193611111111046
DKFZp566F0947,0.017741166666666655
FAM135A,-1.1464588888888887
DSCAM,-0.006766848888888892
GDAP1L1,-0.020164616666666673
LONP2,2.366831111111111
PATL1,3.539532777777776
NLRC3,-0.5712516111111112
PSCA,-2.6982332666666666
RAB1A,4.458611111111097
RIMBP3,-0.04419051111111111
GART,10.389022222222222
ZC3H12B,0.03557850000000001
ZNF639,0.42254388888888883
SLC16A1,-9.366090000000007
CEP97,0.2514654444444443
AP1B1,-4.95943888888889
C2CD2L,-4.303168333333334
KCNAB1-AS2,0.0
LOC157273,0.0009584499999999997
PKP3,7.973863277777781
RSBN1,-0.7337533333333326
CLCN6,-0.5944338888888887
SPIC,-0.024738366666666664
LINC00305,0.0020774944444444444
SNORD115-1,0.0
MIR548A3,0.0
TMEM91,-0.1446837777777774
CNGB1,-0.10636374222222224
ATP5O,-50.09916666666666
DEFB4B,0.1309788888888889
MYEOV2,6.39211111111112
C1orf158,-0.0024319
GOLPH3L,-3.6760127777777782
CCDC12,0.41419444444444764
OCIAD1,-4.290772222222216
HFE,0.04295555555555586
LOC646626,-0.41957350000000004
PKLR,0.12055075555555556
RAMP3,3.1494983333333346
SFRP4,12.357325166666667
LOC340037,0.02891490555555555
SP2,-2.153023888888889
CHRNA5,0.47817466666666664
GLTP,-17.879236111111105
KIAA0196,3.433136666666668
LOC100507462,0.016024266666666676
IZUMO2,0.4668945166666667
LTA4H,3.6421222222222163
PFKFB1,0.016432072222222233
SORBS3,-11.454562777777777
PROP1,0.0010466555555555556
TSPAN8,-304.77359166666656
ZCCHC16,0.0016442277777777778
ZNF282,2.448111666666666
SLC17A1,0.023439177777777778
ZIC4,-0.0005002499999999996
ACTN2,-0.007135896666666669
MIR4279,0.0
STRN4,0.9910444444444444
KLK10,6.909233083333333
MIR365A,0.0
CDK4,23.952038888888882
ZC3H6,0.023023222222222306
ZNF138,0.2990235555555556
HSFX1,-0.0006088132222222264
CCDC48,-0.550925388888889
C19orf57,-0.047692944444444496
LOC100130581,0.049668222222222336
NCF1C,-2.1351476111111105
FAM65B,-0.6325647777777776
LOC100132062,0.24925162777777776
RNU6-69,0.0
DAOA,0.0
ARSJ,0.5456243888888888
SNORD61,0.0
SPSB2,1.1242077777777766
DSCAM-AS1,0.0
TTC14,-0.6921211111111116
THAP7,-0.48706611111111364
POLQ,0.5719736666666668
SAMD4A,0.24438061111111153
TRHR,-0.008205061111111113
CAPZA3,0.0
EPO,-0.0009130888888888907
HMMR,3.6780097777777776
FAM90A1,-0.02749246666666666
FAM53C,0.8745555555555553
CTLA4,0.28762472222222235
MDM4,-0.11690722222222227
ATG16L2,-2.6141966666666674
CXCL12,-23.156586666666666
MGC12982,-0.07278600000000068
LOC147093,-0.2803450833333333
KLHL15,0.041079444444444446
C20orf166,-0.018586744444444435
NDFIP1,-2.4324000000000083
RIMKLA,-1.7703036666666667
C22orf24,-0.0412420888888889
FBXL7,-0.13044816666666637
C12orf29,1.988952777777779
DNM1,0.304300777777778
STK16,-0.8467755555555563
CXCL10,10.771803388888891
CASP2,3.208221666666666
CDAN1,-0.0586161111111112
MIR4295,0.0
TLR4,0.32371833333333333
UBXN6,-3.8164555555555637
EGR1,-20.909588888888905
CHCHD6,4.060140555555557
INPP1,-0.30581722222222396
KIAA1671,-3.7657083333333325
KPNA6,0.6512333333333329
MAPK8,0.15495611111111174
PAK6,0.6236921666666666
EREG,6.680499444444446
WIBG,-1.0613277777777732
CCDC89,-0.05120262222222227
CARD10,-0.11563500000000104
MIR380,0.0
PCDH1,-4.24775833333333
PIGH,-0.1825777777777784
CACNG6,-0.02611120555555556
TMEM219,-9.831605555555555
WASH1,0.3962883333333327
LDOC1L,-0.4712961111111129
B3GNT1,-1.9542633333333352
TREX2,0.050590227777777774
PPP4R1,-2.0509088888888876
LOC100506474,0.00315385555555555
FZD3,0.1976221277777777
LINC00238,-0.06467307777777775
WTIP,0.5421348888888888
IGF1R,0.30888316666666693
LOC284080,-0.022582102222222233
NFYB,2.2204483333333336
TUBGCP4,0.9485611111111112
VSIG8,0.0496959222222222
ALMS1P,-0.009301716666666654
CRAT,-9.275778888888889
DARS,17.85699444444444
ALPP,0.7110815420555555
IL27RA,0.7907486666666665
LINC00538,0.007064877777777777
PIK3CG,-0.9546893333333332
TTC17,0.5123816666666681
ARL10,0.14073611111111112
INHBC,0.01592025555555556
MKRN9P,0.0013809844444444442
ZFP1,0.39679444444444467
WDR5B,0.6650833333333332
ZBTB5,0.4645372222222215
GPR124,2.1423194444444444
ADAT1,0.7519183333333337
LOC100131347,0.01151615
PTGS1,-5.88951
MYO19,1.8358255555555552
DPPA2,0.0018872166666666665
GRAMD3,-7.927696666666665
OR2A7,-1.9032646666666668
LPAR4,0.009435177777777776
RAB8B,-0.4754066666666672
RNF141,0.8985394444444452
ANKRD36B,0.0017206111111112143
RAB9A,-4.876949444444444
GOLGA6B,0.0019621172222222226
SNORA54,-15.879288888888889
GHDC,2.0090049999999984
ZNF844,-0.6551920555555557
SLC25A12,-0.9673005555555552
ADAM18,0.0
OPA3,-0.2989572222222221
TTC28-AS1,0.34312833333333304
ODF3L1,-0.011616355555555541
ZNF705D,0.0028221266666666666
CTAG2,-0.053655072222222225
DUSP22,0.26072277777777764
REXO1L2P,0.0
OR10G3,0.0
RTN1,-2.0104378333333335
MFSD12,9.890930555555553
ELF1,5.697172222222218
HTN1,0.0
TCEB3B,0.0
NFKBIL1,-0.05127111111111127
KRTAP5-1,0.9570408333333335
GAGE12E,0.0
AFAP1L1,0.8238393888888886
LOC100131655,-0.15076049999999996
SERTAD3,-2.3851244444444433
ZNF10,-0.10721611111111107
CHRM3,1.0955833333333336
NPM2,0.09804476111111105
ASMTL-AS1,-0.16801277777777734
CELA3B,-0.01369162222222222
RNF38,0.6739149999999974
LOC646268,0.01623141111111111
SNORD115-37,0.0
ZNF226,-0.33978388888888933
FAM150B,-1.0936318722222225
IER5L,3.773582222222222
OCEL1,-4.017949444444443
VIL1,-4.523028499999995
DDIT4L,0.20156869444444447
LINC00565,0.009445738888888895
SNAPC2,1.0611661111111097
GOLGA2P5,-1.2557159444444443
FAM181A-AS1,0.0006820333333333333
ZNF444,2.0089672222222212
EIF4G3,-1.505193888888888
KIF2B,-0.00085875
MIR5100,0.0
ALG1L,2.0818836666666662
GAB1,-2.912522222222222
BAIAP2L1,2.091979999999996
DSG1,0.04845869666666668
FAM182A,0.02096465733333333
MIR133A1,0.0
SULT1E1,0.008138677777777714
PSAPL1,-0.0004508994444444442
GUCA2A,-305.9877246666667
WNT5A,3.1274717222222215
CHPF2,1.3355333333333341
LOC100652730,0.5260235
MIRLET7A1,0.0
CD70,0.4623053944444444
CSGALNACT1,1.1075039999999998
TNFRSF9,0.18813691666666668
CERKL,0.18298338333333336
LOC400643,2.4479344444444457
GTF2IRD2,-0.8369583333333335
SUMF2,12.33073333333332
THPO,0.009130516666666671
EXOSC5,10.492084444444448
PIGF,1.6295611111111086
PSD3,-1.6775496666666663
SSBP3,-4.497827777777779
MIR3689F,0.0
MIR1185-2,0.0
ABCC4,0.46192722222222127
OR6X1,0.0
CXADR,0.3411280000000012
LOC646736,0.0
GABRA2,0.31731438333333273
CCDC71L,2.5135233333333344
INMT-FAM188B,-0.037535777777777786
DROSHA,2.026326666666667
CTSK,20.554688888888883
DGKB,-0.03502704944444446
KIAA0947,1.2359416666666663
TGIF2LX,0.0
TIE1,2.1573672222222218
VSTM2B,0.2096724222222222
TRPM5,-0.4968982111111111
NUP85,2.9028583333333327
GNG11,1.67827611111111
OR5P3,0.0
RPS10P7,-0.7630719444444449
ZNF540,-0.19251337777777783
PLEKHA3,0.628128888888889
MGC21881,-0.0069362222222224545
AGPAT3,-2.3878377777777793
CDYL2,0.20773505555555571
FLJ35390,-0.5124866666666668
GSN,-103.4877444444445
NFASC,-0.32154094444444414
NUDT1,8.518860000000002
NIN,-0.4745849999999998
NTSR2,0.0
PPAP2C,8.899515555555546
APOBEC3F,-0.5837762222222225
ZNF501,0.05156705555555563
KCNK2,-0.025038388888888957
NAALADL2,0.3323425555555559
BROX,0.06696388888889082
MIR873,0.0
GALNT5,1.6346133333333341
SRM,10.446819444444447
COG1,-1.1519227777777772
TMEM202,0.0
CST7,-1.1443111111111102
IRX2,1.0628985777777777
ADCY6,-7.532072222222226
BCAN,0.20991003333333336
GALE,-1.8695655555555604
LAMC3,-0.5883432777777775
NOTUM,2.496693488888888
RAX,0.0009217611111111112
CLASRP,-1.2071505555555557
CDY2A,0.0
PCID2,6.719705555555555
EDN1,0.769039444444445
MIR526B,0.0
XAGE2B,0.0
SNORA71C,15.301659444444445
SLC45A4,0.0531177777777776
ASAH2,0.17497111111111108
MIR5186,0.0
OTC,-0.7412528666666669
MICU1,-0.8368255555555528
UCP2,-0.5191422222222215
C19orf12,0.0558466666666666
SPATS1,0.004493716666666666
GAGE5,0.0
KLC4,-12.79224666666667
PHF21B,-0.01926625833333333
RAP1GDS1,2.159613333333332
OR2T4,0.0
SNAR-C2,0.0
ANO3,-0.01708567666666666
ZNF174,0.22234388888888867
TMBIM6,-50.014111111111106
EIF4EBP2,-7.7720555555555535
SGK110,0.02557825555555556
ZNF142,0.7000822222222225
SNORD21,0.0
MGC39372,-0.030471072222222118
MRPS30,2.790852222222222
SNORA78,20.601777777777777
11-Sep,1.102888888888888
LINC00308,0.0
LOC100506599,0.4734462222222222
MIR3660,0.0
SPPL3,-0.8271922222222212
TNRC6C,-0.18899316666666643
C21orf91,-0.27456277777777816
AP1G1,-0.5282177777777761
IL10RB,-16.33438333333333
C3orf78,3.4487055555555592
YBX1,30.88388888888892
PITPNM3,-2.227242444444445
LOC440434,-0.5802338888888876
ADAM7,0.0
CLCN1,0.11698031666666664
TTI1,3.404951666666667
EFNB3,-0.10354383333333322
BUD13,0.8827538888888888
COX14,-3.495505555555553
VWCE,0.12528294722222225
HSPB2,-0.6028266666666671
FAM57A,5.78846
LINC00161,0.010555277777777778
PRELID1,7.791583333333321
PTPRCAP,-15.647509444444445
OR52E6,0.003555361111111111
NEU3,0.7972521111111113
ACTB,164.75666666666666
WDR12,6.685941111111109
C1orf68,0.0031996777777777777
LOC653075,-0.41055283333333337
RASD1,-1.658206166666666
ZP1,-0.02465421111111111
HEXIM2,0.19052599999999953
HIST1H3J,0.08250707777777774
ZBED2,0.18109992777777772
RBM44,0.010870611666666669
C11orf31,6.435275555555556
ELAVL1,3.667439444444442
MAP3K2,-0.7293055555555554
MIR525,0.0
NUDT13,-0.09354738888888892
PPP1R21,-1.0260099999999994
ITGA6,18.74928888888889
MLPH,0.008076333333333352
THAP10,0.38023444444444454
UBE2L3,-0.6036444444444413
DAZ3,0.00012720714999999997
WLS,-9.717121666666667
IL17REL,-0.10694591333333334
MIR5704,0.0
ZC3H15,13.058805555555558
MIR3189,0.0
DDX50,2.915417777777778
CDKN1C,0.6064027777777783
FAM86B2,0.0315312888888889
CARHSP1,4.649344444444443
ATP1A1OS,-0.5514749999999999
C1orf180,0.1273843722222222
VRK3,-2.533324444444446
RPRD2,0.3738499999999991
PGF,2.9233928888888894
C1orf63,-7.0990111111111105
TTTY14,-0.45741861111111115
HTR2B,0.10875619444444451
LMF2,-2.374205555555559
PNOC,-0.6063759277777778
IFT140,0.4587349999999999
SGPP2,-13.462123166666668
CCDC113,1.181149111111111
MIR1270-1,0.0
GOLGA6L10,-0.020624605555555536
SNORD115-15,0.0
ZSCAN23,-0.012831347222222261
CACNA1H,-0.7549394444444433
TSHR,-0.08781174444444442
FGF14,-0.13884842777777778
ABCF1,3.513399999999999
IPPK,0.33886444444444486
RTP1,0.0011797666666666666
STX17,0.4613749999999994
TOR3A,1.7723722222222236
GAMT,-0.5085507777777778
FAM40A,-0.31124833333333335
LUZP2,-0.6082666999999999
EHMT2,4.903262222222221
C4orf21,0.1976336666666667
OR4K14,0.0
KCNIP2,-0.15805939444444445
OXGR1,1.3248786722222223
PHOX2B,-0.46145444999999996
ACSL3,2.535388888888889
APOBEC3B,-6.084491999999999
OR10H5,0.00048203
RHEB,17.75999444444444
UTRN,-0.47762722222222287
WIPF2,-2.9357477777777774
PGS1,-0.3984072222222199
GUCA1B,-0.0338913888888889
SLC25A5-AS1,-1.1855005555555556
AADACL3,0.0
SLFN14,-0.013989296666666665
DPPA4,-0.006220916666666667
LOC100506540,0.22293605555555573
KRT6C,0.07189030033333332
LGALS14,0.01410539444444444
MRC1,-0.5360238333333336
SLC2A6,-0.050585777777777396
TNFRSF6B,47.21035388888888
CXCR7,0.3690105555555565
HEATR4,0.013684957777777777
KCNK5,-6.257615000000001
PROM1,-4.593567388888886
MIR3121,0.0
NCSTN,0.19670555555555325
PNLIPRP1,-0.033409538888888896
NUDT19,2.3606155555555537
TFB2M,3.9714027777777794
LMBRD1,-11.645211111111102
ESRP2,-1.281596333333333
HCG25,0.11066257777777777
ANAPC2,-0.7737083333333334
MIR4694,0.0
PAIP2B,-0.7390067222222227
LOC100507412,-0.7132661111111105
AMZ2,3.4931611111111085
PDE1C,-0.29553533333333337
APOA1BP,4.925594444444435
GIT2,-0.4011588888888902
PRDM10,0.05655777777777771
RECQL4,4.569905555555556
COX4I1,-156.7025555555556
ALDH6A1,-3.638312777777778
TSPYL5,-0.33739144444444435
IL12B,0.008633150000000006
KLF16,4.6315977777777775
MBD4,0.3266055555555578
RPL30,566.7477777777779
SENP5,0.4648511111111109
LOC284661,-0.0009451555555555556
CYP2A7,-0.01076881
TTC40,0.003657347777777778
DYNC1LI1,2.625329444444443
SNORD86,0.0
LOC283050,0.045870855555555534
MIR4750,0.0
ZBTB16,-0.7391216222222221
HIST1H2BA,0.0
IKZF3,-1.2501274999999998
PRAMEF2,0.0
CCDC28A,-2.660941666666668
SNRPF,24.307472222222216
TMCC1,1.006473888888889
CENPE,0.6961428333333333
C1orf105,0.08360562777777777
CYP3A4,-2.0337995055555553
HLA-DQB1,-0.34398722222222133
EXD3,-1.6018363333333334
COPZ1,21.137433333333334
FBXL19-AS1,0.28758405555555555
DTX3,-0.45235511111111215
GPR89B,1.438562222222222
LPPR5,-0.0017953344444444491
GJA5,1.5589827777777767
ENPP4,-0.5217572222222202
VCAM1,0.26889777777777724
ORMDL3,3.815483333333333
PRAM1,0.09878783333333335
ACCS,-1.11110611111111
KCNH5,-0.006502494444444446
NAT6,0.9521505555555554
ASAP2,-3.6151616666666655
FAM89A,3.2782277777777775
LPAR5,-3.9805222222222216
RAB9BP1,0.0
HSD11B2,-105.03761105555557
TRIM48,0.0
C11orf83,0.4793066666666661
C2,16.382444444444445
CCDC112,-0.28120555555555526
ARHGAP4,1.1314755555555571
FN3KRP,-2.041194444444443
LOC100506688,0.008377861111111107
MIR4710,0.0
MLST8,2.9315705555555596
MIR941-4,0.0
PLEKHO1,-1.3903894444444447
AQP12A,-0.08718502722222227
PRADC1,-6.61148666666667
VAPB,3.2703733333333345
LOC100130452,0.0
GPR63,-0.22689800000000004
SRSF1,12.953133333333327
C15orf38-AP3S2,-3.693544666666667
MPI,-7.4834127777777795
NOP2,6.960637777777779
PIWIL2,0.15893821111111112
ASB12,-0.010500705555555573
C8orf76,3.19498111111111
GP6,-0.01017060000000003
KRT6A,0.33013560072222226
FOXP1,-1.3408172222222223
LINC00493,12.125277777777782
MIR4794,0.0
ARL8A,4.678872222222223
BRP44L,-26.71729444444445
MIR1207,0.0
PLCL2,-4.672168166666668
RPS6KA4,1.9497999999999998
C12orf10,2.394766111111112
DKFZP434I0714,0.24664033333333357
MIR548B,0.0
TPGS1,0.18268000000000129
KIF20B,1.6403219444444446
LPGAT1,4.498520000000001
KIF15,1.1024498333333332
SLC9A7,0.21995061111111125
MIR374C,0.0
C14orf166,8.328038888888884
HDHD2,-3.3837300000000017
NBPF1,-9.070266111111113
TMOD2,-0.3902631666666667
SNORD11B,0.0
MXRA5,3.8907788888888883
ZNF783,0.8019494444444444
NDUFB7,-28.81508888888885
CD244,-0.4806743888888888
BCAS1,-22.367976055555562
DNAAF2,-0.12194833333333222
DCST1,-0.003423744444444439
ECM2,0.049881944444444715
CLDN8,-26.758455033333338
SNORA62,11.324977222222222
SNORD114-24,0.0
ZNF263,2.053881111111111
ASNS,4.10709111111111
SPRY4,3.3294516666666683
DDI2,0.6214912777777779
MIR22,0.0
TRIM36,-2.3371424444444444
ARMS2,0.008178094444444445
LHFP,2.778094444444445
LYPD1,-0.540458333333333
ALOXE3,0.010936881111111109
ALOX12,-0.07460658333333332
PHB2,-1.9904333333333284
RAB30,-1.313347777777778
RNASE7,0.048414099999999974
MLLT6,3.698433333333334
UVRAG,0.2130911111111109
XPO5,5.526077777777777
CLDN6,0.08047263333333333
BDH1,-11.234511111111111
C16orf95,0.15454605555555534
DGKA,-5.226493333333332
PSORS1C3,0.0998547111111111
PCSK5,-3.365497277777778
CISD3,-3.4185277777777756
DMP1,0.003816107222222222
TEX26-AS1,0.011814366666666666
TAS2R13,0.0032458166666666666
TMEM232,0.0029131833333333468
UNC5C,-1.0958271555555552
ETV2,-0.05558161111111104
ING3,0.5531033333333335
HSD17B13,-0.06483502222222223
RND1,0.1949548333333333
IFNAR2,1.0922738888888874
CCDC85C,-2.7236977777777778
CDC45,3.1922945555555557
MEX3C,0.37571055555555866
RBM28,3.0542872222222215
TESK1,-0.5775105555555573
UCK2,0.6085005555555529
PCDHB14,1.2606682222222225
SLPI,11.749461111111103
LOC286359,0.0043916
FTO,0.8599455555555551
BRD7,4.413794444444445
LOC388906,0.09584012222222227
CYP4F24P,-0.3121274611111111
SNORD114-31,0.0
SLC35E2B,-2.926105555555555
CA11,-0.5109144999999999
CKLF-CMTM1,0.1519385537222222
SEC22A,0.061739999999999906
C10orf99,-134.8861389444444
CT47A10,0.0
PLXNA1,3.591789444444445
MESDC2,0.16764111111111113
MOGAT1,0.03334782777777778
GRIN1,-0.16326069444444447
NECAP1,-1.9554711111111125
CCDC3,2.1972288888888896
OR2G3,0.0
RPA4,0.007904200000000007
SPAG4,0.4535046111111112
RPS4Y1,-45.38266611111112
TMEM194A,1.7269949999999996
ECH1,-67.8947822222222
EMC7,-1.9355166666666719
NDUFA6,-15.556638888888898
C17orf70,0.36108722222222145
CLASP1,0.6335455555555556
COPG2,3.020858333333333
MRPL3,21.89447222222222
ANKRD5,1.5588019444444439
CYP2D7P1,0.14447316666666665
SETDB2,0.44878055555555507
ZNF280B,0.14324048888888888
LY6G6C,0.16217725555555557
ZMIZ2,9.802090000000003
ZNF385D,0.2143894833333332
LOC100133991,-0.21547355555555536
SNORD115-13,0.0
JAG1,-2.0557199999999973
MIR519C,0.0
RABL2A,-0.6364622222222223
MIR4304,0.0
SLC36A3,-0.0021114
DBNL,5.743327777777786
CASP4,5.845702222222224
AGPAT4-IT1,0.032385416666666667
ABHD2,8.161050000000001
BLOC1S1-RDH5,-0.9476625444444444
CCDC170,0.32175400000000004
KIAA1614,-0.1376566611111112
C1orf174,1.2656627777777771
ANXA2,108.33549999999997
LOC441204,0.023769816666666777
NXPH2,-0.0020498444444444486
FAM5B,-0.024853274444444445
RAB11A,-4.9257888888888886
PAIP2,1.9656333333333293
CR2,-2.7982033666666664
COPA,9.571644444444445
EGR3,0.9173171111111109
NBPF16,-2.647805
CXCR3,-0.2879413333333334
SRPX2,4.937753555555556
TRIM9,-0.04592686666666673
ZIM3,0.0
HOXA10-HOXA9,0.4580652722222222
FAM165B,3.0922672222222225
FASTKD2,1.4152661111111122
STX18,-0.5212344444444454
TDRD3,0.38291444444444434
HMGB2,13.983305555555553
FAM155B,0.4288777388888889
MRVI1,-0.2925338888888884
PAGE3,0.0
ATF6B,3.645894444444451
SPP2,-0.019916238888888882
BTBD6,-3.4502222222222194
MRPS33,6.3659277777777845
OR14C36,0.0
TMEM39B,0.27571666666666683
AGAP6,0.49697055555555547
C5orf56,-1.4451611111111107
CCL27,-0.009514388888888888
HEMK1,-0.1437238888888892
LOC100507384,0.0
CHKB,-3.029705555555555
PTTG2,-0.024132172222222217
SMARCD1,3.459853333333335
APOBEC3G,-1.0557966666666676
SNORD116-6,0.0
SNORD15B,2.807358333333333
KIRREL3,-0.07825269444444444
ZNF670,0.37114361111111116
TUFM,2.38278333333335
IFNA10,-0.000971461111111111
POTED,-0.00008817722222222222
MIR4423,0.0
TMEM63A,15.037416666666662
AHCYL1,-1.3141611111111118
CYCS,-2.078472222222217
EXOSC4,7.515731666666669
HOOK2,0.08567722222222329
OR52B6,0.018384750000000002
RPL14,211.9906666666667
LINC00570,-0.07639851111111112
LOC100507589,-0.023995977777777733
C6orf47,-1.4297822222222223
BPIFB6,0.0
DHX35,1.4791250000000007
HAAO,-3.3851477777777763
LINC00304,-0.020182561111111105
DNASE1L3,-11.22485811111111
MAGEA8,-0.010118783333333334
R3HDM4,12.147227777777776
FEM1A,-0.42320611111111006
CDKN2AIPNL,0.9146916666666662
MIR486,0.0
PLEKHG1,0.6188794444444445
UNC79,-0.024226842222222225
SEMA3F,2.7394422222222232
PRDM2,-0.710596111111113
BDNF-AS,-0.11096111111111107
CIRBP-AS1,-0.020911666666666662
DCAF7,1.3221444444444437
DLEU2,0.11815668888888894
C12orf39,-0.019076411111111115
DGCR8,-0.4709305555555545
LOC285359,-0.020762588888888878
GTF2H2D,0.20345944444444442
MIR1178,0.0
GIGYF1,1.186767777777777
MIR2278,0.0
GATA4,0.19203019999999998
ERGIC1,-7.821366666666677
MIR543,0.0
INO80B-WBP1,-0.46615279655555564
RAB36,0.9891531666666666
DST,-2.911675555555558
REXO2,15.184327777777774
SEMA4F,0.07114600000000015
BCORL1,0.5255197777777776
CAPN1,1.473783333333344
CAPN14,0.018564067777777776
LOC613038,-0.03164692222222221
MIR548J,0.0
NFRKB,-0.055488888888888255
NOC2L,7.333705555555554
DPY19L2P3,0.12297838888888901
MIR103B2,0.0
SNORA2A,15.321939444444443
HPCA,-0.37597796666666666
NRBP2,-0.4228205555555551
SNORA2B,-1.1900222222222223
SP3,-0.44950333333333425
TMEM163,-0.014450522222222317
MAB21L3,-0.33488783333333405
SPATC1,-0.02027461666666669
ZNF146,4.584415555555557
FBXO21,1.1694255555555575
ARL13B,0.5025409999999999
CYP8B1,-0.000318670555555553
DOCK5,-1.5284805000000001
FIGNL2,0.019000788888888925
LRRC36,0.4199455888888889
HDAC11,0.03485000000000049
MIR4449,0.0
LCE3E,0.0
C1orf98,0.004312922222222222
NRBP1,-1.318627777777774
OR13G1,-0.014144949999999998
R3HDM2,2.384442222222223
MIR195,0.0
C16orf53,0.5578149999999988
CSRP3,0.0
KIAA2022,-0.09404185333333331
RARRES3,-15.574766666666662
APTX,3.0109161111111096
MOV10,-0.17822333333333518
RRAGD,-0.40681244444444453
PPP2R3A,-1.851561777777777
FAM166B,0.01656663333333333
KDM5B,1.4205272222222227
SEMA6A,-6.327547777777777
SYAP1,1.6603577777777723
GNG13,-0.5065339611111113
TBC1D8,0.28117666666666663
VCPIP1,0.4213994444444431
CNEP1R1,-0.6069238888888888
PRKG2,-1.5903923
LAMB2,2.764923333333334
WDR82,1.3622333333333358
ZNF853,-0.16172844444444445
HEATR7A,0.6458877777777765
ITGA2B,0.026054677777777785
SNORA60,-15.945205555555557
SUGT1P3,0.24540442222222214
ZNF578,-0.023315377777777785
DNAI2,-0.0004116666666666661
PSMD6,6.10425555555555
LOC100128531,0.12648855555555555
PIAS4,1.1361855555555564
SIPA1L2,-4.260615555555556
MIR3913-1,0.0
TRIM15,-4.162183277777778
MTFMT,0.12270722222222297
PCDHB7,0.24238208333333333
ARFGEF2,2.4164905555555567
DUXA,-0.0016958411111111134
DMRT3,0.08733581111111112
HRSP12,7.1965499999999984
KLHL29,0.9882309444444443
MIR2110,0.0
RAB4A,-2.752233333333333
SRR,0.24523333333333364
UCA1,6.015661
ZNF137P,0.023970277777777715
SNORA38,1.480488888888889
SCLT1,0.4381408888888889
RFC4,4.933275555555555
RAB10,2.253616666666659
FAM101A,-9.890717222222223
FOXD4,0.009612282222222227
HPD,-0.018873083333333374
LOC284412,0.10003205555555561
PLCB4,8.615621666666666
SYNJ2-IT1,0.0014943333333333319
IMMP1L,0.4897272222222222
LPHN3,-0.754420256111111
HEATR7B2,-0.0005584983333333333
FAM222A,0.7705674444444448
TNPO3,3.9389388888888863
MIR559,0.0
ACTL7B,0.0007520444444444447
HPS4,0.6637383333333338
ZC2HC1C,-0.19576672222222236
FAM74A1,0.0030737994444444442
LGR4,-10.330926666666667
ABHD15,-2.3677666666666672
LDLRAD3,2.346167055555555
PON2,-0.2381111111111025
ADPRHL1,-0.34275900000000004
GPR162,-0.21868283333333327
LOC285819,0.016746854444444445
RNASE3,0.06716655000000002
SH3PXD2B,3.263259444444444
SYT12,0.060219313888888897
KIAA0226L,11.446203888888892
LAMA3,-3.182100000000002
SGCE,-1.531502777777777
SLC1A5,22.437077777777773
ZFP62,0.8012827777777769
SLBP,6.235050000000001
SNAR-A2,0.0
SNORD9,0.0
INTS2,0.8296572222222223
MIA,1.4184605000000006
AKR1B15,-0.17006521333333333
CLCNKA,-0.0993922611111111
NAT2,-6.118258400000001
LOC100128750,0.22706366111111112
CTSL2,1.7302580111111112
LOC100132735,-0.0016205111111111115
EMCN,0.5648178888888886
DOCK2,-1.849589611111111
LOC100131096,-0.8686594999999997
BCL2L1,22.526400000000002
MYH13,0.0060528638888888864
C10orf25,-0.026615916666666628
ACAA1,-22.273538888888886
NIP7,6.386663333333333
RRAGA,-0.9315555555555477
SLC20A1,-11.963897777777776
NAA40,-0.20015333333333452
RBFOX1,-0.1322167722222222
PHLDB3,-0.4535728888888886
GNLY,-0.2281884999999999
SMARCA1,0.40724627777777833
LOC100129620,0.002692022222222222
RASSF10,0.7849928888888893
SNORD20,0.0
SNORD88C,0.0
MIR2114,0.0
AIF1,-4.375811666666667
PLEKHA2,1.4693788888888877
C12orf23,3.3351055555555575
LINC00607,0.02478099999999999
TBX18,0.3015348388888889
SNHG9,3.1277338888888906
KRTAP16-1,0.0008332388888888892
MIR548A2,0.0
WBSCR27,2.6419049999999995
MIR629,0.0
CYP24A1,0.23543425555555555
MIR4516,0.0
PDE9A,-18.452846111111114
NDUFB9,-12.852316666666638
ARHGAP18,4.845287777777779
LINC00410,0.0
PRKY,-0.13370245905555567
RGL4,-0.4871200555555557
MIR20A,0.0
KIR2DL3,-0.011833994444444454
GSDMB,-14.584637777777786
SLC4A2,11.19147777777778
C11orf65,-0.01175965000000001
HIST1H1A,0.0029862611111111112
NPC2,-23.431999999999988
IMMT,-3.8036611111111114
RILPL1,0.3080679999999998
SMURF1,1.8320466666666668
CROCCP3,-0.052527555555555605
SNORD107,0.0
HSPD1,135.70067222222218
MRPL52,5.986277777777779
ELAVL2,0.12323487777777786
OR5D16,0.0
PQLC2,-0.27981722222222194
LOC100289361,0.12302455555555536
RRS1,9.734545
SYVN1,-0.4624833333333349
TFAP2A,0.7693833277777776
SEC24C,0.01474444444444245
TRIM59,1.1469344999999997
FAM188B,1.547978388888889
CCDC60,0.0047482333333333515
ANKRD18B,0.03626276838888889
ARHGAP44,-10.802393055555555
C18orf8,-1.6238150000000005
GPAT2,0.49742283333333304
HAPLN3,4.612201111111111
LOC100134368,0.09516277777777776
NXPE3,-0.36519888888888885
LOC100132077,-0.009978222222222222
COL19A1,-0.16058116222222218
CSK,-4.424561111111117
KIR2DS2,-0.0031233494444444466
SMARCAL1,0.554898333333333
DERA,-7.190977777777771
MRFAP1L1,-0.5485555555555557
IRAK3,0.2116285555555556
RCAN3AS,0.055067222222222226
PDCD6,4.542011111111115
GNAT3,-0.015239638888888888
GOLGA6L9,-0.03161205555555524
IP6K3,-0.021027633333333323
SCARNA10,0.7571418333333335
SH2B2,-0.005140277777777813
ALDH1B1,22.936866666666667
SIGLEC14,0.030784955555555493
SLC24A4,-0.03485920111111109
FAM214B,-1.5746933333333333
CSMD1,-0.007455888888888889
STON1,-0.16966227777777787
EOGT,0.8823150000000006
SYNGR1,-1.519047444444444
WBP1L,-2.5904544444444415
ZNF518B,-0.17387255555555536
ANP32C,0.0
ZNF519,0.07289455555555552
LOC100129216,0.19816222222222224
MIR450B,0.0
PRSS33,1.7299685277777774
PCAT1,0.021861366666666666
ADAR,3.338438888888888
PRDM13,0.1460923222222222
IDH3G,-0.8253444444444469
AKAP11,3.6412233333333344
ARMC7,-2.1889788888888893
FXR2,-0.6048049999999989
MIR17HG,0.7626536833333333
LOC100499183,0.009028855555555562
NTRK1,0.05323491111111106
REC8,0.16001044444444434
TNNT2,0.08558415555555557
KIAA0317,-1.237916666666666
EFEMP2,4.57634777777778
TOP1,9.375638888888894
STRADB,-4.632732222222224
GLIPR1L1,0.004273222222222223
RGS10,-5.2173283333333345
GPS2,-9.072599999999998
MOGAT3,-2.9287141333333313
RNF169,0.3042388888888894
TTYH1,-0.28040863333333343
LOC100128505,0.0009629166666666667
PFKFB2,-2.501392777777779
BHLHE40,32.00576666666667
METTL21C,0.003238638888888888
S100A7,0.6278670555555554
SRP72,7.5174333333333365
MAGIX,-1.0811623888888888
FTLP10,0.0
ANKRD18A,-0.015797238888888898
C16orf3,0.010691983333333321
CSF2RB,-1.6477088888888884
MCM2,7.653192222222222
MIR3155B,0.0
NUAK2,-1.2438566666666642
PDZK1P1,-0.16208513888888887
IFT43,-0.3014727777777786
PLSCR3,3.0074594444444447
C1orf86,2.625725000000001
EYA4,0.017341288888888896
KIAA0664,-2.4662222222222248
BTD,-3.244943888888889
MIR410,0.0
FBXO39,0.01328407222222222
MMP9,10.436792777777777
PPP1R14D,-34.93719116666667
SAMD8,0.3040616666666667
SCP2,-47.78378888888889
SNORD116-28,0.0
YIF1B,0.7167561111111098
YWHAQ,21.68568333333333
RPSA,150.08322222222216
ZNF709,0.04005272222222228
C9orf37,-0.694630555555555
EPN3,-1.3307501166666675
C1QL1,-0.40846955555555564
DNAH6,0.03994227222222224
FAM70B,2.0300938333333334
CDCP2,-0.009696405555555555
ZMAT3,0.35411944444444465
ZWINT,8.65106722222222
GKN1,-0.002696822222222222
PABPC1,228.177611111111
PLEKHH3,0.25101833333333357
SERPINB8,0.5547783333333332
SNORA16B,0.0
C16orf80,5.089863888888887
MCL1,-13.64585000000001
FGF3,0.04418234444444444
POLE4,-0.981322222222218
B3GALT1,-2.1418495222222225
HOXA13,-2.901148833333334
LOC646168,0.004941216666666666
PTTG1IP,-33.39519999999999
EIF2S1,4.505405555555555
EPHX3,0.20921919999999997
UGT2B17,-45.45243254222221
GRB2,-6.498955555555554
LINC00311,0.000696627777777778
MIR4777,0.0
S100P,165.52052222222227
H1FOO,0.0
LOC100131193,-0.3236403888888886
BCKDHB,-1.4075249999999997
C17orf112,0.0
BRF2,0.8853261111111106
KLK11,2.0503321666666663
IQCH,0.09237686111111112
ATAD5,0.3167088888888889
CYP11B1,0.00007097777777777779
KLHL17,0.18201033333333339
LINC00550,0.0
S100A9,33.172352222222216
MAGOH,6.421011111111113
NUCB1,-3.7163388888888917
PPP3CC,-0.5298949999999993
C10orf2,3.6533944444444444
OR8K5,0.0
SNORD35B,0.0
TRDMT1,0.04209600000000002
EDAR,1.3600471944444443
AKR1A1,-1.283338888888899
GMEB1,0.017797222222222242
DAAM2,-1.190791222222222
RRM2B,-0.24717499999999948
PIK3R2,6.717466666666667
LOC100507423,-0.01592326666666667
LOC283731,0.05180906111111111
LANCL2,0.754051111111111
DEFB124,-0.09258111111111106
FRMD6-AS1,-0.001597427777777799
LINC00158,-0.01471335
LOC554206,0.08753194444444434
PIGC,2.163733333333333
LOC100131626,-0.036887772222222254
ZNF514,0.8767655555555547
IL36RN,0.01602142833333333
RAB31,8.000904444444444
COL4A3,-0.13017359388888888
SPINK14,0.10822716666666667
LOC100500773,0.0
TMED2,25.787427777777793
C11orf20,0.003055755555555567
EBF3,0.1737389777777778
GHR,-1.1977942222222222
LINC00230B,-0.034985253333333334
OR2T1,0.0
MIR3150B,0.0
ARFIP2,0.751361666666666
SLC25A39,16.588694444444442
PCNT,-0.08279777777777797
KLKP1,-0.024358644444444442
LOC100505854,0.37673388888888937
LOC100131564,-0.7219853888888887
RIC8A,1.5709611111111137
ZNF101,-0.5101427777777778
FAM168A,0.5395183333333344
ZNF833P,0.05503750555555556
GGCX,0.3764311111111107
MIR298,0.0
SAMD13,-6.379151722222222
SLC7A5P2,0.09320916666666657
SNORD1B,0.0
THOC7,7.584333333333333
ARID5A,2.7576116666666675
MIR520D,0.0
TMEM151A,-0.01586398888888889
FLJ46361,-0.003617553333333334
HS3ST4,0.22864178333333332
POT1,1.8329988888888886
SPINK1,272.92188500000003
MED16,-2.7661672222222187
SMARCB1,0.35181666666667155
PSMD12,5.184085000000003
WDR92,0.6610372222222223
OR51E2,-0.3657068
SYCE1L,0.10922050000000005
LOC731275,0.2491311111111112
IL33,4.054672222222223
TMEM130,-0.5623154333333333
OCM2,-0.012931338888888887
SRBD1,0.06587833333333348
MAP4K1,-2.3334861111111103
LINC00571,0.08323460555555554
ATXN1L,-0.2782855555555557
XCL1,-0.5084207944444445
DCAF8L2,0.00018146111111111115
OCIAD2,26.44493888888887
INSL3,-0.04416011111111107
GYPC,-4.535107222222223
IFNA5,0.0030903666666666665
BOD1L2,0.0
LOC100131208,0.00482872222222222
TRPS1,0.04736611111111111
MIR4524B,0.0
C19orf18,-0.013208444444444384
MYO1D,-47.53883888888889
FAM161B,-0.8124422222222218
GFOD2,-1.0040877777777784
GPX3,-17.083515
SNORD32A,0.0
LOC442028,0.0013591633333333332
PVALB,-0.09799172222222223
SLIT1,0.05712730444444446
FAH,0.09186444444444408
CDK13,1.2329277777777783
OSGEPL1,0.4151044444444445
TTC21A,-0.003947499999999993
DIAPH3,2.028004666666667
FAM86C1,0.9252282222222221
FAM108C1,-16.871071111111107
FTSJ1,4.85619611111111
MIR7-3HG,-0.059351405555555535
RNF146,-0.10809722222222362
RNF166,-0.5034738888888892
TIMM21,-2.0759366666666654
PDE11A,0.013873055555555541
GAK,-7.375800000000002
GALNT13,-0.032333686666666674
CLDN14,0.5940000722222222
MGC57346,0.7911911111111114
MIR1233-2,0.0
ETS1,-1.350685555555554
MRRF,2.746261111111112
PON3,-0.24356566666666657
PYCRL,3.2351055555555557
SSR1,4.0809999999999995
CUEDC1,0.038169444444446476
UBE2F,1.3852238888888895
MYPN,-0.19462873444444442
FLJ14107,-0.008670711111111111
EARS2,2.701280555555554
NPAS4,-0.019992635555555555
OR6C76,0.0
PLEC,1.1140333333333317
POM121L10P,0.004830848666666665
RHOXF2B,-0.0006171861111111111
OR11H6,-0.0007670611111111111
LINC00271,-0.0018052111111111213
SLC5A4,0.02414863888888888
MAFG-AS1,0.9133914833333332
WDR65,-0.008459811111111108
ADARB2-AS1,-0.007548372222222223
MIR4453,0.0
BTBD2,0.5010444444444531
DNAJC17,-0.8572061111111102
FAHD2B,0.6828277777777783
TMEM167A,-0.39381666666666604
ACTC1,0.19043585555555553
PRPF39,0.5208605555555552
SIX6,0.0
FNTA,6.994261111111115
LACRT,0.0
MIR99B,0.0
MAU2,-0.014636666666666187
MIR194-2,0.0
SSX8,0.007623544444444445
XAGE3,0.013942411111111108
SFTPA2,-0.9392478444444443
EDF1,-22.90361111111119
NT5E,-0.5900283333333309
LOC100268168,0.04239639444444443
CDC42EP1,5.363961111111109
LOC100129845,-0.005693738888888886
MIR27A,0.0
ALG11,1.6398805555555551
C15orf52,-1.9067113888888887
KL,-0.12045883333333329
PCSK1,1.1929202777777779
PPP2R1A,1.6898888888889019
WDR38,0.006008305555555555
LOC283624,-0.49412805555555583
CLDN20,-0.007126261111111115
MIR4770,0.0
CHP1,-47.733672222222225
HMGXB3,1.419471111111112
IDH2,14.394105555555583
RPLP2,294.98188888888876
C12orf40,-0.0012101888888888888
MANBA,0.3407788888888881
OR10P1,0.0
ZNF324,-0.38382777777777743
GRAMD1B,0.04758855555555552
VTRNA1-2,0.0
HCN3,-0.48315166666666665
VPREB1,-0.06225183888888889
CTNNA1,-4.669216666666671
RBM14,1.8775855555555543
C9orf47,-0.006359463333333329
MIR4800,0.0
DUX4,0.0003136762222222223
BAG5,0.35452555555555776
MIR5001,0.0
FABP9,0.0
BATF,0.8571846666666663
CHRNA6,0.023042116666666668
NT5DC1,1.410808888888889
C10orf53,0.0
A2ML1,0.000029104999999999756
CHURC1,-1.2609566666666652
KLHL28,-0.1508305555555549
ECEL1P2,-0.015044300000000004
LOC286094,0.0
FAM153C,0.000853794444444448
IFI27L1,-3.17328
PGA4,-0.06674238111111111
KRT18P55,0.0013069969444444445
SFMBT1,0.11399833333333254
SORCS3,-0.04196209166666665
TMEM39A,3.296403333333336
SAMD10,1.7073438888888886
KBTBD3,-0.10886277777777775
HNRNPR,10.987261111111117
MIR99A,0.0
MIR3170,0.0
PTP4A3,28.168978888888887
MRPL45P2,0.2018982222222223
NCKAP1,5.780572222222219
REEP2,-0.5858953166666667
SLC6A14,2.414061277777778
SNORA71B,2.134828333333333
GDEP,0.0010463944444444445
MIR516A2,0.0
C22orf39,-2.1722672222222226
MUCL1,0.05851638888888887
SLC35G2,0.1479665555555556
PUS7L,1.063836222222223
CHRNB2,-0.06748129999999998
DDX11,2.366583888888889
SNX33,-1.2912938888888892
TMEM17,0.2828842277777777
AGL,-1.679377777777777
MRPL17,9.770397777777777
NPC1L1,0.06413144666666666
RCVRN,-0.009588649999999997
UNC119,1.5245227777777774
FAM133A,0.0017060633333333339
B3GALT6,1.4522088888888893
PLS3,18.410695555555556
C10orf91,0.10120877222222224
THBD,1.7839122222222215
NR4A1,-1.7916850000000082
C4orf47,0.00562148888888888
RABEP1,-0.7994666666666665
COL24A1,0.20116615
OR10H2,0.004119405555555556
GPR148,0.0028992444444444453
NEK11,0.6399037222222219
EMR4P,-0.004849805555555586
SEMA5A,0.030389444444444358
RRP36,3.175660555555556
SFPQ,18.294705555555552
COX7A2L,2.3795611111111157
DEFB112,0.0
CCDC105,0.0
FIZ1,-0.12454111111111166
RAD23B,16.60148888888888
DGKG,0.06859328888888888
NUP205,5.3200955555555565
SLC6A18,-0.02698958333333333
THUMPD3,1.5715661111111103
YEATS4,2.8387944444444457
TET2,-0.7465344444444444
GRPEL2,1.8151322222222217
HOXA11,1.5215130555555563
LOC728084,0.005637861111111111
BMS1,2.3467616666666675
CLDN22,0.0
KLF12,-0.48388744444444454
NUP35,4.038177777777777
LINC00593,-0.0076066499999999995
OLIG3,0.0038559111111111117
SAMD12,0.6886731111111111
SNX9,-2.1186388888888885
HOXA9,6.169125388888888
SUSD1,1.2284416666666669
TRMT1L,0.14655555555555466
CXorf1,-0.004819977777777778
AGER,-0.1422121111111112
BLK,-1.2130794111111112
ANKRD62P1-PARP4P3,0.0017546277777777779
APOBR,-16.962322222222227
CMC1,4.368377777777781
C6orf25,0.007753016666666668
C19orf70,-0.8598833333333289
HOXD12,-0.46592746111111116
NT5C1B,-0.03535760555555556
POLE,-0.4587972222222225
PTEN,-3.8842505555555533
RNU6-66,0.0
AHDC1,0.018783888888889155
SGTB,0.09232133333333326
ENY2,6.940116666666668
KIF1A,-0.44076714222222224
RICTOR,0.10239944444444404
TCP11,0.2525492944444444
TTLL3,-0.47279577777777826
OR7G2,0.0
TPTE2P1,-0.058948693888888876
BST2,5.897291666666668
ZBTB38,0.3605383333333325
MIR1205,0.0
CD247,-2.473026666666667
C6orf57,4.742625555555554
HLA-DPA1,-25.115226666666665
C14orf101,0.7058444444444447
KIAA1875,-0.017575477777777793
MIR591,0.0
AADACL2,-0.12348553333333331
ASIC4,-0.00046254166666666666
C9orf57,0.03304408333333333
SNORD96A,0.0
SH3TC1,0.4695984444444443
CXCR4,1.2917216666666604
CD300E,0.5352398111111111
GGTA1P,-3.264176166666667
EDDM3A,0.0029591333333333337
RBM4,1.1317222222222298
TMEM245,1.280126666666666
NHLRC2,0.2914861111111109
ZNF671,-0.5464029444444443
TAS2R4,0.05930540000000001
MTX1,1.6988416666666666
HHLA1,0.0
SPATA13-AS1,0.046768277777777784
LHX1,0.003413411111111111
CERS2,4.760372222222223
OR6A2,-0.004839572222222223
BPY2C,-0.0009036666666666667
COL5A2,22.473082777777783
MIR941-2,-68.84628888888888
BTK,-1.8214172222222227
C1QA,-24.820816666666673
C2orf73,0.005759050000000001
LOC401242,0.0029873222222222212
MIR3157,0.0
ARCN1,6.480694444444445
MIR639,0.0
CDY2B,0.0
PIK3R6,-0.15867361111111122
DDA1,-0.8411694444444446
RALGPS1,-0.9173988888888891
ANKRD6,-0.10623972222222222
GINS3,1.8313349999999997
IL17RA,-0.8008561111111114
LOC100507218,-0.006443783333333328
DBNDD1,3.247552777777778
HEATR8,-0.4006577870555556
HNRNPL,17.28207222222224
LOC115110,-2.596887055555556
NTRK2,-0.8787996
PRH2,0.007430584888888887
SLED1,0.02099368888888889
SMCR7L,-0.06352666666666451
CLNK,-0.03201203333333333
MIR153-1,0.0
TAF15,11.171311111111123
TBX21,-0.2969650333333333
MIR494,0.0
MIR500B,0.0
UCN,0.06859420555555551
LOC201477,0.005141155555555556
LINC00426,-0.15741918333333338
LOC643542,-0.002022766666666666
SNORD116-25,0.0
NACAP1,-0.0042619761111111105
USE1,0.8641761111111119
LRRC69,0.1598544777777778
FAM222A-AS1,0.46994757222222217
PTPN12,8.43165
TPTE,-0.0010594448888888888
SNORD115-2,0.0
IFNA21,-0.00803447222222222
JRK,0.6176293333333334
CERK,-6.604246666666668
SNORD115-32,0.0
HCFC2,-0.5939666666666668
PDE2A,-0.7890051666666666
ADAMTS9,1.524768833333333
SPR,-7.935883333333329
TTC19,-2.5828472222222203
LOC399753,-0.015577555555555733
TRIM4,1.0090722222222208
LINC00265,0.9063026666666665
CD47,1.4667649999999988
ESM1,3.7660969722222224
FADS6,-0.7732813777777778
LOC349196,-0.02761122222222226
TPD52,-2.9564861111111114
KDM6B,-0.5404633333333324
PRPF40A,5.386331111111112
WDR86,-0.08231061111111115
LOC400620,0.0
UGT1A5,-0.009102143333333335
ZNF567,0.2664780555555555
TRAPPC8,-1.5355905555555571
B9D1,1.5612877777777778
C17orf103,-0.30133500000000035
FOLR4,-0.0012039500000000022
C1orf182,0.059390849999999995
JMJD1C,0.6606727777777781
MSANTD4,0.6210050000000003
CYBRD1,-8.913771666666666
MIR4417,0.0
RRAS2,-2.650497777777778
LOXL3,0.09280527777777792
C5orf24,1.014982222222221
F8A2,0.0
KIAA0368,2.3474444444444433
LINC00115,0.2170240555555556
METTL18,0.29597277777777764
REG4,91.62524555555557
SOX1,0.06731732222222221
SNORD124,0.0
TRIM49C,-0.000310285
SLC35D1,-8.600007222222224
VTRNA1-1,0.0
C1orf130,0.11544504999999994
PRSS50,0.012546144444444449
SULT2B1,5.413808722222223
HIST1H1C,-4.205175555555556
AP3B1,1.0134138888888913
ATP8B5P,0.0016092205555555544
C9orf129,-0.06015238888888885
SLC25A5,-91.22214444444444
RNF7,-5.95332222222223
CCDC63,0.0007519833333333333
FAM75E1,-0.004989928333333334
HCN4,-0.015473281111111108
AGBL5,-0.14359611111111015
EFCAB2,-0.1448050000000003
ZFAT-AS1,0.005252449999999992
TLX2,-0.23964616111111112
HMHA1,-4.548729999999999
MIR4460,0.0
SETD5,1.5805127777777752
SGCZ,0.0340511111111111
SMEK3P,0.0
QPCT,7.246393333333334
SNORD115-30,0.0
TFCP2L1,-5.538660499999999
COLQ,-0.03344699999999995
KRT14,-0.05817345861111112
LOC100129148,0.5094555555555553
SMAD2,-1.1830833333333333
FBXO41,1.0886718888888889
ATP6V1F,45.41890555555557
C22orf25,-1.4451433333333341
CCDC158,0.008053452222222226
RBL1,1.7478864444444446
SUN1,3.2572944444444403
ZNF254,0.5090349999999999
CPN2,-0.00818015277777778
MIR33B,0.0
AVL9,4.84389277777778
SLC41A2,-4.786858277777778
PTRF,3.107353333333343
ADAMTS16,1.3507501833333335
CNTF,0.02783130555555563
FAM201A,0.09692100000000003
FAM66D,0.0066492649999999875
ADHFE1,-1.1329475333333332
APOOL,0.25497333333333305
LOC100130417,-0.05435793888888889
CD180,-1.11224
TDRD1,0.31575544
TMEM139,0.6604019999999995
CNGA2,0.0
OR10A4,0.000572461111111111
MIR4726,0.0
NHLH1,0.0016098666666666678
ZNF720,0.23858333333333315
FLJ31813,-0.10879255555555559
PRRT3,-0.019412277777777764
RND3,-3.4943388888888887
LRRC34,0.6016399055555555
SCAF11,1.0116899999999998
ROR2,0.6196748333333333
SHH,2.8807322111111118
TBC1D16,3.748985
MTMR9LP,-0.18050500000000014
BMS1P2,0.05448583333333323
DHX37,2.0096999999999996
MIR3665,0.0
NABP2,5.573061111111114
CDH23,-0.10883837777777777
COPS7A,2.643505555555553
DEF6,-0.29721944444444315
KIR3DS1,-0.0013778366666666684
PBLD,-20.37537
TEKT5,0.011154822222222222
PSMA6,13.675666666666658
WBP2NL,-0.0016617055555555593
EPB41L4A,-1.180737222222222
CLEC2D,-0.7526196666666667
NXPH3,-0.19198158888888894
MICB,0.4455314444444447
CA5A,-0.00844862777777778
FLJ41350,0.0
PDP1,4.23643388888889
AVPR1B,-0.1283329666666667
HYMAI,0.003337922222222213
DTYMK,6.9471188888888875
GUSBP5,0.0808811388888889
ATXN7L2,0.2824849444444446
ZP2,0.0020714666666666673
LOC285441,0.16338572777777777
LINC00261,0.6776479111111131
ZC3H14,-2.4911472222222244
DEPDC7,0.762490555555555
CNTNAP3B,0.15242557777777777
NAA11,0.0
NRN1,4.04256211111111
PAPD5,0.7893161111111109
TARP,-2.3786508888888886
USP32,0.23969833333333224
PROS1,-0.10445611111111042
DYRK3,0.5676636666666666
C17orf72,0.0773799444444444
NPB,-0.26814505555555557
LOC100132078,-0.0010803277777777778
ZNF467,-0.2052805555555557
ZNF625,-0.04855738888888883
MIR4772,0.0
PCK2,-19.86092
SNORD115-28,0.0
AFG3L1P,0.2393144444444446
CCDC68,-6.963128500000002
GPLD1,-0.16810351666666667
LOC100132526,0.0018304550000000034
MIR4443,0.0
OR5H14,0.0
QRICH1,-0.1649055555555563
IER3,87.39105000000002
COMMD3,-0.7178611111111088
OTX2,0.0009424166666666666
MIR23C,0.0
RFXAP,0.9004211111111109
VPS13C,-0.14050944444444458
ZPBP,0.010920477777777778
XPO1,7.6231777777777765
AK8,0.07813177777777774
FGF5,0.05618621666666665
FAM105B,0.7863244444444439
KSR1,0.03745888888888871
AKIRIN1,-2.2258999999999993
CDKL2,-0.22551992722222225
MIR1260B,0.0
PDXDC2P,-1.6042694444444425
SNORD111B,0.0
LOC100506368,-0.05236308888888891
MIR3180-5,-3.335911111111111
NOTCH2NL,-1.8182977777777767
SNORD48,0.0
SPEM1,0.0
RHOBTB3,1.3193294444444454
LINC00162,0.12278126666666667
NPY6R,-0.6651402277777776
MIR4756,0.0
TXNL1,-0.046183333333338794
SNORA79,0.0
UGT1A9,-0.08791206833333334
LPAR6,-0.41951222222222206
KRTAP19-8,0.0
SNORA28,3.1424833333333333
GLI1,-0.12417350000000016
UGT3A1,-0.00293923888888889
NREP-AS1,0.0
SKIV2L2,2.6814955555555553
METTL23,1.0930222222222241
HSD17B8,-3.0187738888888873
ITGA8,-1.285546111111111
PEG3-AS1,0.0
ANGPT4,-0.00042096111111111084
MIR103B1,0.0
HMX3,-0.22675326666666662
LOC392232,-0.03201574999999998
MUTED-TXNDC5,0.5605015333333334
PIGK,0.01277944444444401
FAM189A2,-0.7015460444444446
OR5L2,0.0
KCNH3,-0.02461643888888891
LRRN3,-0.2665414388888889
KLHL35,1.0240422111111114
ALPK3,0.6014609166666667
EMP2,0.44254444444444374
LEPROT,-4.142711111111112
MIR1276,0.0
PRH1,0.013957961111111111
LOC553103,-0.2691272222222222
THYN1,1.8061555555555557
C8orf82,-4.829861111111114
PHOX2A,-0.25920615
USP35,0.4008647777777774
KCNK16,0.001251966666666667
LINC00242,-0.0021945333333333317
SERINC5,-1.7503422222222262
DFFA,1.7130105555555541
OR2T8,-0.001419150000000008
ACSBG2,-0.003970359444444446
LOC100128420,-0.2550651055555556
NCEH1,-0.6114483333333336
PHGDH,4.078077777777778
NKX2-5,-0.00007550555555555557
DPH3P1,0.3710668888888886
RAB40AL,0.0007782377777777807
WHSC2,3.4352744444444454
ZNF175,-0.26646205555555547
CYP2C18,-1.4028927222222223
TALDO1,32.77826666666668
KCNQ3,0.024499334444444465
ALMS1,0.14598033333333338
GAB3,-0.27703038888888876
KCNU1,-0.00007972222222222224
PLP1,-5.173153716666667
TBATA,-0.0037990333333333334
C1GALT1,2.9514644444444444
ZNF627,1.1607005555555547
LEMD2,0.9255499999999977
TAS1R1,-0.047671761111111106
OR13C4,0.0
SPACA1,-0.0028401055555555554
CD2BP2,2.217544444444446
KIF2A,1.6302483333333324
MIR4327,0.0
PJA2,-12.194977777777776
SLC30A3,0.017858072222222222
DSCR10,0.0
CASC5,0.5785890166666667
CPT1C,0.41562900000000014
FAM213A,-3.733255555555555
LOC646576,-0.44859835
MIR4638,0.0
MFN1,0.981624444444444
PDGFC,1.043638333333333
SAA2,2.9533393044444445
SDCCAG3,5.0886733333333325
FZD5,-6.762958888888889
SULT1C3,0.09579912777777777
KATNB1,1.4206900000000022
MIR548O2,0.0
KIAA1522,-14.419716111111114
MIR190A,0.0
SPANXA1,0.0
TOX,-2.2020221666666657
TSPAN10,-0.033481888888888894
WWC3,0.7500772222222221
YIPF6,2.028804444444445
ZHX1-C8ORF76,0.09771692777777768
CHMP6,-4.61230111111111
ZNF630,0.10080288888888878
GNAO1,-1.44196065
AEBP1,25.46071
AKAP13,-3.337072222222222
CPS1,0.6267978111111112
KRT15,0.678924322222222
MRAS,0.772051166666667
PTCHD1,-0.22695386777777782
MIR3134,0.0
RNF183,1.0763919444444445
PDE3B,-1.0284638888888882
MIR563,0.0
CDK2,7.152823888888891
NRF1,-0.13081333333333323
DDX19A,3.604696111111112
OR52M1,0.0
FKBP5,-2.245104999999999
KHDRBS3,3.2166466666666667
PRPF38A,-0.7407233333333316
RABAC1,-5.358483333333339
MIR5693,0.0
SULF1,31.70923333333333
TMEM66,-36.80790555555558
SLC41A1,1.1737594444444448
HERC6,0.15909799999999974
KRT8,-439.95842777777773
FTH1P3,0.034869288888888884
ATRNL1,-0.12532769333333332
MIR4468,0.0
ZP3,2.434175166666667
LOC285847,-0.012819144444444448
MYH1,-0.0008105205555555555
RCHY1,-1.616072222222221
AKAP5,-0.7065148888888886
MRPS35,11.164638888888888
PRKAA1,-0.8659777777777755
C4orf40,0.0006885500000000002
SCOC,-0.06818888888888353
SP9,0.009777455555555556
PTCSC3,0.015933805555555552
LOC255512,-0.07683249999999986
TNFSF9,1.4482195555555557
SLC47A1,-0.39630788888888885
GLYR1,-3.0215594444444562
CTSZ,-32.079344444444416
ARF3,-14.343905555555551
NISCH,-2.5864583333333346
C15orf43,0.00249205
NFATC3,0.595499444444445
PRRT2,-1.8922485
ABCC6P2,-0.2749396111111113
SAP30BP,-1.1287705555555565
SLC35G3,0.0021271388888888902
TAF12,1.4047061111111123
TUBGCP2,-1.1787516666666669
MIR4500HG,0.0
APOL5,0.0014487222222222221
GLIS3-AS1,-0.0034272444444444494
PSG11,0.0
SNORD116-19,0.0
FOXD1,0.6485983222222221
TRIM45,-0.002426499999999998
PADI4,0.07172875555555557
CCDC85A,-0.021327977777777785
MAGEA1,0.0
PCDHB12,0.03654008333333336
NFIC,0.25270166666666594
C14orf159,-5.935073333333333
MGA,0.2723961111111106
MTMR11,-11.200806111111113
SLC35A2,8.11142777777778
NRXN1,-0.51751996
NEK8,0.21214988888888908
TCIRG1,-2.689333333333334
CEBPZ,4.191701111111108
C8A,-0.005112530000000004
LRPAP1,-1.7336011111111116
RGS5,5.727007222222223
APOPT1,-0.8866288888888896
ATP6V0C,3.955000000000041
BEND2,0.000893588888888889
ID3,-34.832328333333336
SNORD8,0.0
FAM64A,1.7613414444444437
OTUB1,0.627538888888882
THEG,-0.010207299999999999
FBXO10,0.0030520000000002767
ZCCHC2,-0.8048116666666667
MIR3178,0.0
LOC100505918,0.008076505555555554
KHDC1,-0.027287099999999953
MTHFD1L,6.52314472222222
PRR5L,-6.654737777777777
KIAA1456,-0.22531933333333343
DMRT1,0.2100649111111111
NSRP1,1.1626305555555554
IGLL5,-273.9127055555556
SSBP1,48.830494444444426
TRMT1,4.962744999999998
SNORD103A,0.0
HSP90AB4P,0.00804769444444444
KLHDC8A,0.03982954999999999
BAGE,0.0030170944444444445
RBL2,-2.408511111111114
SEC14L2,0.9681697222222223
RAB44,-0.0023750722222222187
SKP1P2,0.0010826966666666667
EI24,11.293816666666665
SLC26A10,0.011411377777777731
FERMT1,18.83750038888889
PTMS,14.456288888888885
MIR4517,0.0
MIR4709,0.0
MIR5094,0.0
CTSL1,1.8964111111111137
FOXH1,0.2278469999999999
MLXIPL,4.736436888888889
PRAMEF11,0.0
LILRB4,0.5103011666666668
LOC155060,0.012400277777777635
ADORA2B,-1.1570472222222223
PRKRIP1,0.4433888888888893
LOC100287616,0.11367183333333342
RPS4X,363.50405555555517
SUMO4,-0.006356327777777782
DQX1,-1.9103192222222218
TBCB,3.093666666666671
CAMTA2,-3.5845705555555547
FAXC,-0.059172038888888834
RNU6-67,0.0
SCARNA18,0.0
TMPRSS5,0.6187424722222221
USP27X,0.31188766666666656
ARHGDIA,-10.899461111111123
C7orf43,-3.4224049999999995
KCNC4,0.40346694444444475
LOC646743,9.461111111111111e-8
PRLR,0.49637549999999964
FGF16,-0.03156688888888889
ZNF410,0.023523333333331564
PCDHGB8P,-0.010477694444444435
LOC442497,0.09688551111111104
SCGB3A2,-0.009011777777777782
ZNF839,-0.25083777777777794
CPNE2,-8.969455555555555
UBE2V2,8.616716666666665
ZNF141,-0.14738150000000028
ASTL,0.021538722222222223
MICALL1,-0.7837083333333341
LPIN2,-2.1957311111111117
MIR3192,0.0
MACROD2-AS1,0.0
RPS13,252.07733333333317
CPB1,-1.3031045722222223
APOB,-0.04101267388888889
FAM86HP,0.08040261111111113
CCDC27,-0.00023775555555555542
LOC100302401,0.2297652388888889
NFATC2,0.04367611111111147
SNORD73A,0.0
LOC100288846,-0.17812272222222225
CNOT10,1.1586949999999998
MIR150,0.0
AGXT,-0.3322163055555556
LOC339166,0.0
FLJ37035,-0.011096672222222215
RAD21-AS1,0.005690716666666679
GNB5,-0.10222444444444445
02-Sep,20.16542222222222
RNU4ATAC,22.827255555555553
SIGLEC1,-1.1604444999999997
TIMM23,9.182022222222216
DOLPP1,-4.940664444444447
CYGB,-2.124311111111112
TYRO3P,-0.028192222222222226
XCL2,-0.5875106222222222
GPR25,0.04505414999999999
LOC100505483,-0.21824361111111146
RRAS,0.3069055555555664
GLT25D2,-0.19732124999999998
KLK8,1.7558576388888887
KRT80,4.767282967777778
KIAA0564,1.0765411111111103
LOC390705,0.0
PRKACB,-18.51999555555555
SYNPR,0.24902822777777783
ZC2HC1A,-0.014576444444444281
LLGL2,-22.792878888888893
C16orf7,-1.0587472222222227
OR10A3,0.0
TMEM14B,4.186505555555556
CUTA,16.398211111111124
PFN2,1.8793005555555595
FUNDC2P2,0.0018594277777777776
PLA2G2E,0.005918555555555555
SERPINA3,0.8192268333333317
SIL1,2.574011111111105
PLA2G12A,-0.14346055555555548
CACNA2D3-AS1,-0.0016992722222222223
CEP89,0.9336661111111106
TM4SF19-TCTEX1D2,0.05254977088888889
MYO16,-0.019931930555555553
CYP4F22,-0.03172437777777778
TMEM192,-0.11795666666666627
EPS8L3,-8.389687166666668
CYP7B1,0.25312250000000003
MED6,1.4611877777777753
AFF3,-0.4768997666666666
C11orf58,12.998472222222219
CDC42BPB,-1.1300405555555564
CST6,0.6767543611111111
LOC100507564,0.009916338888888904
SEPT5-GP1BB,-0.14650900555555557
ROS1,0.14814698222222222
LOC652276,0.07149622222222218
ANAPC1,4.157246111111111
MIR4281,0.0
ETHE1,-158.28054444444442
PSMC2,13.023833333333329
EVC2,-0.08368446111111116
UBR4,-0.44957000000000047
CHCHD4,0.7905855555555554
DUSP26,-0.6080647166666667
PHRF1,1.1008027777777798
MTNR1A,-0.7213111777777778
ZNF688,-1.9057805555555554
C22orf31,-0.04422580555555556
SRRM5,0.03568892777777781
C12orf51,-0.6991355555555558
LOC201651,0.2938332000000001
TGFB2,0.5678047222222222
CPNE3,3.8233055555555566
AKIRIN2,6.506788888888895
LOC441025,0.0
RNF149,3.114599444444444
C14orf180,-0.24450082777777785
ABCA5,-3.868423055555555
MIR5193,0.0
GTF2E1,0.9384183333333338
MIR548AP,0.0
RHEBL1,0.37598944444444427
LOC339529,0.0019556833333333338
SNORD114-13,0.0
C3orf30,0.0
MEGF11,0.0035987577777777773
COMMD5,3.048799444444448
F2RL1,-20.799592444444443
DTX3L,1.9217533333333314
PID1,-9.987473333333332
SLC2A8,5.845921111111112
AZIN1,19.37640555555555
OR4N4,-0.0029662722222222222
LOC284344,0.0
MIR1244-2,0.0
NRCAM,0.832363511111111
ABHD3,-22.862772777777785
CTSC,4.9693055555555645
RSG1,0.18664133333333344
MGC15885,-0.0007507333333333331
SLC30A4,-1.0681218888888888
BBS12,-0.0773729444444442
GNG5,-2.6652222222222264
SMC4,5.036841666666667
CABP2,-0.005611422222222222
LYG1,-0.0003344777777778418
FAM195B,3.199696666666668
GNAZ,-0.25482192222222233
CXorf23,-0.4969522222222227
ERC2,-0.012361010555555552
SNRNP25,1.7726194444444445
TEX22,0.034128672222222226
ATP6AP1L,-0.16357306111111103
TMEM110,0.3999855555555558
RNF41,1.3042033333333327
ZNF157,-0.011572966666666667
GNA12,2.7099316666666677
NEK2,4.025680333333332
ATP2A2,5.021744444444444
KIAA1377,-0.022080444444444458
KRTAP4-9,0.0
NDUFA2,-17.35682777777778
OR51B5,-0.001601466666666669
GPM6A,-0.8691496444444442
PLSCR1,1.303572222222229
RNY4,0.0
C19orf76,0.31739735555555554
GRIA3,-0.16842841111111112
INS-IGF2,0.013223916888888888
LOC100506035,0.03683279444444444
HELQ,-0.19041672222222172
SNORA6,3.972673333333333
CTSF,-3.222235722222223
TMEM170A,-3.3478872222222202
TMPRSS12,0.002034861111111111
CES5AP1,-0.010626927777777778
ZNF275,0.6525411111111117
NAPA,-3.0887944444444457
MIR885,0.0
FOLR3,0.27904649444444446
TIPIN,1.5757790555555555
ZNF672,-2.446930555555557
ABO,-15.770625555555554
C9orf163,0.20616122777777773
LINC00536,-0.0009877227777777779
RPSAP9,0.35595722222222204
PRDX1,108.85611111111112
SNORA49,-0.5954055555555557
SNORA45,15.140233333333335
SYT9,-0.02733151055555555
SLC2A1,18.377503333333337
SNRPD1,10.303622222222227
PTPDC1,0.5904266666666667
AQP11,-0.7090343333333333
KRTAP5-11,-0.0031335777777777778
RAC2,-11.135262777777776
CNP,0.11266166666666422
PEX19,-2.559977777777778
LOC100506804,-0.05050404444444445
NUDCD1,4.4738799999999985
HN1,-4.584138888888887
CHD3,-1.2328605555555558
CD69,-1.7462875555555555
KRT16P2,0.004398034888888889
LARP1B,-0.1826394444444448
C2orf44,0.28816294444444424
FAM218A,-0.09232877777777776
SRSF6,6.65730555555556
AOX1,-0.11231811111111112
NUP98,4.237580555555557
SLC22A11,0.31418023333333334
GPA33,-141.2003463333333
ADRA1D,0.05085323333333332
LLGL1,0.8065316666666664
ORAOV1,0.27745611111111135
KANK1,2.646647777777776
ICAM2,0.06775944444444448
PCDHB18,0.06352408888888886
ADCK4,0.1762505555555549
PSIMCT-1,3.8081572222222224
LOC100506123,0.10001166666666639
RNASE11,0.0
SIAH2,0.004844999999999544
UBXN7,1.0332644444444448
USP14,3.0652388888888886
ZNF569,-0.09856611111111102
BCO2,-0.06487026111111116
MAGEA11,0.6707092999999998
HLF,-0.6724215888888887
ZYG11A,0.004427674999999992
KLHL26,0.18165277777777789
MSMO1,8.722235555555553
FHIT,0.22655444444444495
SV2C,0.0009546833333333449
PALM2,0.1354946111111111
XRCC4,1.211113888888888
CT62,-0.0019093611111111117
LUZP1,-1.1996383333333336
LOC285540,-0.2828426111111112
GAN,0.1048095
SOX12,0.9573811111111108
LRFN4,5.994101666666667
LOC100287177,-0.14307016666666672
MEIS3,0.7107775555555556
MIR1279,0.0
SERF1B,-3.7036794444444467
SPPL2A,-22.970147777777775
APOBEC3C,-10.790972777777778
CNPPD1,-14.830033333333326
EFCAB6,-0.013394516666666634
GPR15,-17.450203888888893
PNLIPRP2,-0.38186439999999977
TC2N,1.1232044444444451
IL10RA,-3.7182638888888864
ASNSD1,3.1482811111111104
LITAF,-36.322566666666674
GPAA1,3.7279833333333343
IPCEF1,-0.14928799999999992
WDR62,0.8194447777777777
LOC100505687,0.3369307777777777
PHTF1,0.6834316666666664
MIR760,0.0
H2AFJ,0.07004833333333238
PET112,-1.1706705555555557
PLOD2,-9.160602777777783
MYO9B,-1.1050466666666665
SPG7,-1.6330333333333336
IRX1,0.002646244444444445
TRPC1,-0.06283005555555554
WNT2B,-1.1769046666666665
TCTE1,-0.01903053888888889
USP42,0.27034444444444494
TNIP2,-2.5971499999999956
FAM86C2P,0.3939960555555555
PCDHGA12,0.19036293888888892
NSMCE1,7.159894444444447
MRPL34,-7.338388888888883
FLCN,-2.2319438888888907
FAM19A5,1.0343583888888888
KRTAP13-4,0.0
LETM1,-7.605420555555558
AICDA,-0.1133234388888889
OR10AG1,0.0
ADAM10,-3.6788333333333334
CD46,38.474605555555556
PGLYRP2,-0.03625235000000001
LOC283922,-0.12600216666666642
LOC441455,0.037337111111111126
TEX15,0.0011483488888888887
LOC386597,0.030431727777777764
SNORD116-14,0.0
THG1L,0.12076222222222377
ATP5EP2,0.07200717944444444
ALDH1L1,3.7759304444444437
DCDC2B,-0.062406333333333314
TM4SF19,0.4167848055555556
UPK1A-AS1,-0.010643650000000001
SYCP1,0.0
GTPBP10,1.6052550000000005
UBTD2,-1.2218861111111128
MYL5,-1.0590488333333332
ACAN,0.6725783166666667
NRK,0.0659453461111111
NPC1,1.1378683333333335
RNF152,-3.013131722222222
PACS2,-0.19733722222222205
PANK2,0.540218888888889
MIR92A2,0.0
TSIX,0.4135206538888889
CERS5,1.9379444444444474
LINC00473,0.039741261111111106
CCDC22,1.2834527777777778
10-Mar,0.04038289388888889
MIER2,1.506692222222222
TMCO3,4.822005555555563
OXSM,-0.5965155555555572
UGT1A6,1.6038200944444447
CLEC6A,0.06084092222222221
CT45A5,-0.002124472222222222
UGT2B10,0.3504967611111111
PPAN,5.429184444444446
LOC100133308,0.004888499999999999
DYNC1H1,0.14301111111111275
MIR5696,0.0
MS4A12,-353.7764188333334
WNT7A,0.028422683333333323
DAB2,1.5495122222222246
HAS1,0.13166405555555546
E2F7,0.6800832888888889
ATP1B1,-25.98001111111111
FLJ43315,-0.004802883333333335
MIR548C,0.0
RNF43,21.531070611111105
TMPRSS11B,0.0008284055555555556
AKIP1,3.467285555555554
BFAR,4.628161111111108
FAM75A5,0.0
MIR4667,0.0
MIR496,0.0
TNFSF13,-5.961772222222219
PRR12,0.7159733333333325
MIR5708,0.0
NDUFB2,-25.539777777777772
NXT2,0.9181533333333327
SNORD89,311.60638333333327
USP13,-0.020042111111111094
LOC100507577,0.1963933333333321
TJAP1,1.1303922222222216
MCM7,28.444033333333337
POU2F1,0.5060300000000002
HHIPL2,0.0029005888888888887
PPARGC1B,-1.4635294444444447
VPS45,-0.36937888888888804
CGA,0.06155748333333334
LOC286184,-0.019167894444444448
TLCD1,5.9680422222222225
LOC440925,0.7818849277777778
C12orf4,0.4051061111111105
FBXO22-AS1,0.0
MIR5002,0.0
ABCD2,-0.20500740555555555
MLL4,0.5915861111111109
PDZK1IP1,25.69266222222221
RPL11,72.19922222222237
POLG,-0.3581450000000004
TEX26,-0.0061287277777777776
RPL9,55.14711111111137
C1orf151-NBL1,0.09846755555555564
SCARNA23,0.0
AMY2B,-1.03369
SFRP1,-5.131095766666668
KIAA1161,-8.858799999999999
WASF1,0.29150066666666685
INTS3,1.5395600000000016
LOC100286979,0.015652371444444445
RFPL2,-0.0022114500000000002
OR2F1,0.0
P2RY4,-0.7280088055555556
ASPSCR1,1.6327572222222226
DSP,0.10161777777777559
LOC150568,0.0004043944444444437
MAP4K5,0.3562777777777786
ZDHHC24,1.1652005555555522
MIR128-1,0.0
SECISBP2L,-1.8314833333333347
MS4A4A,-3.5886033333333325
01-Mar,-0.8040319444444437
FAM131B,0.96650565
RETN,0.5144115555555555
CCDC50,-0.47162888888888865
ATPAF1,-4.891079444444443
CMPK2,0.31870922222222253
PRIC285,3.4448277777777774
C3orf71,-0.20075455555555566
PTPRQ,0.0005935044444444438
PMF1,0.7715444444444515
LOC100506713,-1.1764318888888887
FCRL5,-0.9863037222222222
HUS1B,-0.011032072222222238
ACCSL,0.0025403611111111113
KRTAP2-1,0.0011696805555555553
NPFFR2,-0.008990211111111118
PMAIP1,3.5541711111111116
PSMD8,4.144405555555558
RHPN2,0.1561315000000043
JAK2,-0.556767777777778
MYCNOS,0.009255983333333334
LOC100130298,-0.143168611111111
SDHAP3,-0.47324344444444466
APOA1,-0.29321661111111164
MIR376A1,0.0
HIST1H2AD,0.33152783333333335
GPD1L,-11.272765000000001
DNAH3,-0.042382249999999955
MIR3147,0.0
DDOST,8.008166666666654
LOC100131089,-0.28096861111111116
FANCB,0.37897766666666666
LOC283481,-0.07400992222222225
LRRC10,0.0
NSUN4,0.7370522222222222
OSBP,0.9607055555555561
POLR2L,9.789811111111106
CIB4,-0.003827822222222222
SMC2,2.917
HSPA13,0.9024122222222228
TNFRSF10D,0.2755494444444446
TSPAN13,17.4235888888889
MIR3117,0.0
HCG18,1.0894005555555548
TBCEL,0.17745388888888902
CLGN,-0.11973367777777777
CENPA,2.6435984444444443
ARNTL2,1.8207407777777775
EPHA7,-0.9383157366666669
EZH1,-1.5521261111111109
MIR125A,0.0
MRPL22,0.785859444444446
IQCF6,0.0
ALG13,-0.2822822222222223
HTR6,-0.027169011111111113
ONECUT3,0.011417799999999995
C1orf159,0.15086166666666623
SSX1,0.0012049333333333336
AGT,5.064049555555556
COQ6,-0.6899822222222216
HSD3B7,2.302106666666666
MIA2,-0.5199720388888889
ADNP2,-0.19198333333333384
LOC100507062,-0.0395098611111111
THEGL,0.001570750000000001
TTC32,0.18071222222222216
OMP,-0.514526888888889
HSD17B11,-41.12046666666668
MIR3935,0.0
EPHB1,0.7532509777777777
IL28A,0.006987083333333334
NDP,0.05067736111111115
SPTBN5,0.3267955111111112
KLHDC9,-0.7466599999999999
CADM1,-1.6704711666666667
OTOF,0.010018405555555554
OXNAD1,-0.2108588888888887
ISPD,0.02634588888888889
MIR519E,0.0
MVP,-32.78871666666666
FAM169A,0.1077491611111111
C16orf78,-0.0018813
EPT1,2.5383272222222226
MAOA,-46.24071166666668
MYL9,-186.0673833333333
LOC339524,-0.8527321666666665
P4HA3,1.2227229722222226
DDX49,2.3268977777777753
PCDHB19P,0.03175454222222223
ZNF43,0.2601496277777777
GPR128,-2.4918944000000005
CYP26B1,-0.31131055555555553
DLX6-AS1,0.07692229444444446
LOC100133669,-0.08283749444444445
05-Mar,0.5553100000000004
LAMTOR1,-1.439122222222224
BRI3,2.306333333333342
ASAP1-IT1,0.0
MIR4703,0.0
ARHGAP6,0.3497352777777778
PNMA6C,-0.01080321666666667
FGF8,-0.01057001666666667
LOC100507392,-0.05924253888888892
SCN2B,-0.2508577366666668
OR6B1,0.0
CEACAM21,-0.12293288888888887
MIR548I4,0.0
PDE7A,0.8375549999999996
SULT1C2,0.4183092833333333
MDFI,3.7752556666666663
USP24,0.17454444444444395
LOC152225,-0.004229855555555556
LOC286437,-0.14519150000000014
CSH2,0.0
ZNF716,-0.000488925
IL22RA1,-2.218543777777777
SHANK3,1.0650358333333334
ICK,0.5543733333333334
LRTM2,-0.017854046666666668
FAM66C,-0.01293748333333336
RAB4B,-8.584310555555557
TDG,0.7088316666666685
HSP90AB3P,0.026990901277777778
SPATA2L,-0.41718722222222304
CDS1,-4.935668444444447
MTRNR2L6,0.00694455
EVC,-0.06982199999999983
ATF2,0.2349994444444441
UBE3D,0.823717222222222
C6orf48,50.76824444444445
PKNOX1,0.533567222222223
SLC39A10,3.38625
STAB2,-0.14227427222222222
MLANA,0.0023719277777777756
MIR1225,0.0
OR1E2,0.0
REPS2,-0.043778055555555806
FAM83F,-1.2693438888888888
OR4C16,0.0
ANKRD13D,1.1312211111111106
PSMD14,16.783005555555558
ADRA1A,-0.13747008333333333
BLOC1S3,1.0139333333333331
MIR4691,0.0
IL18BP,0.215918888888889
POC1B-GALNT4,0.0854417666666667
PRR15L,-25.829145666666662
LOC100132356,-0.31401449999999964
SLC2A4RG,3.0013650000000016
SMNDC1,2.0548477777777787
GATA5,-0.47279895000000016
TMEM44,-1.6255794444444422
TIFA,0.001231111111112071
MIEN1,-4.48789444444445
CNTNAP5,-0.0107779
ATP2B4,-1.032269444444447
GPR61,-0.009507505555555556
MIR3146,0.0
OLA1,11.318596666666668
LOC339535,-0.0049147722222222245
C8B,0.011557649999999989
PPIB,35.14116666666669
SNORD50B,0.0
FUT10,-0.04498055555555558
METTL21B,0.6816022222222222
ST8SIA2,0.007363102777777776
USP38,-1.120577222222222
ANKRD34A,-0.03699613333333335
VWA2,3.8736824388888893
ZNF608,-0.8130281666666663
DNM1P46,-0.02751254666666665
ZNF780A,-0.05374444444444393
RHOBTB1,1.9292372222222216
NOP16,8.649779444444448
TNNT3,-0.09044080555555556
DAB1,0.05690403888888889
HSP90AB1,241.29172222222218
DCAF8L1,-0.0005833383333333335
ARHGAP11B,0.3430175000000002
CHCHD8,6.169827777777783
KCNJ10,-0.053558305555555547
CEP72,1.224606111111111
CD320,8.897533333333335
SEMA6C,0.12241294444444417
SKOR1,-0.014997666666666673
B4GALT4,-3.335090555555553
UNC80,-0.020937386666666676
PALM,-1.0460975555555554
ELK4,0.49952111111111064
MZB1,-24.22938888888889
PCDHB2,0.5951832777777777
C2orf81,0.13527072222222225
KRIT1,1.592111666666666
LINC00278,-0.6646199444444445
C3orf17,1.1525372222222225
MIR548H3,0.0
ANKIB1,0.7126066666666677
PNCK,-2.016736155555555
SENP3,1.2129055555555563
MIR3675,0.0
PI4KAP2,-1.4988372222222228
SLC16A4,1.3154688333333333
SPRED1,0.05816277777777756
SYT5,-0.22050942222222217
THAP7-AS1,-0.2392643333333332
TSC2,-0.11317666666666426
UBE2I,11.807899999999997
RPUSD4,3.314053333333332
C1D,-0.09825000000000017
ZNF214,0.19787711111111128
CACFD1,-8.390304444444443
DDX17,-8.352161111111101
ARPC5,3.456394444444456
HLA-DOA,-1.8086307222222215
FAM69A,0.11400000000000166
FAT4,0.14918183333333324
KCTD7,0.020957777777777853
PCDHB17,0.0129436725
PTPN20B,0.07661454444444449
SCGB1C1,-0.009659772222222225
MIR581,0.0
PRKG1,-0.010841777777777839
ACOT6,-0.01049086666666667
ASTE1,-0.7464811111111107
SUMF1,-2.6389466666666657
UBR3,0.08809000000000022
ZNF641,0.04170222222222231
HNRNPUL1,7.320861111111107
MIR4738,0.0
ZNF350,-0.722503333333333
RAB7A,-0.3587999999999738
GRIK1,-0.08956620611111113
UNKL,0.1709888888888882
C4orf6,-0.0019436333333333333
C1orf213,-0.32185144444444447
KCNJ2-AS1,-0.35232133333333326
LOC100289211,0.005191805000000001
GPR89A,2.254652222222223
ELMO3,-2.3491662777777798
GSTM5,-2.310283533333333
KIF26B,0.6913056055555555
PTGS2,3.264593111111112
KLHL10,-0.006123772222222223
POLR3H,0.03640833333333493
S100A10,-83.96283333333326
SLC25A24,-7.902158888888884
DDX51,0.567666111111111
KRTAP22-2,0.0
HBG2,-0.12028984444444445
MIR5698,0.0
CWF19L2,0.09658666666666615
GALR2,0.21039746111111102
INO80E,0.30690555555554866
FNDC9,-0.0988207666666667
ATP5L2,0.005495922222222222
KPNA2,25.296522222222215
MC1R,0.5879079444444446
MIR3197,0.0
PARP10,0.33723333333333727
SNORD115-35,0.0
IGFBP3,9.296277777777775
PCMTD1,-0.11802833333333318
SPACA5B,-0.001728972222222222
SNORD22,19.17527777777778
SSPO,-0.00913269277777777
MIR3190,0.0
TCF21,-7.522114999999999
MIR411,0.0
OR5P2,0.0
MIR5197,0.0
TBX2,-0.6603822222222222
GCFC1-AS1,-0.03473355555555552
SNUPN,0.29091444444444203
UGT1A3,0.023948070555555548
C15orf40,-1.491336666666669
SSBP2,-1.5826527222222215
C7orf61,-0.011696738888888877
DNAJC27-AS1,-0.013114302777777774
INO80,0.005361666666667375
LIMCH1,0.1620327777777777
PDPR,-0.3068916666666679
OR5D14,0.0
IFI35,-1.1275761111111144
FAM168B,-1.2054555555555595
RNU6-19,0.0
HAUS6,2.039556111111111
BCMO1,-0.7974686111111113
TGFB1,3.157841666666668
TMPRSS11D,0.0007636277777777777
CPSF7,-0.723838888888892
UTP15,1.4699183333333328
SLC4A3,0.08027814444444442
CD5,-0.20230261111111103
LINC00052,0.0
IL13RA1,-1.952066666666667
MIR449C,0.0
LINC00226,0.0
LOC100287482,0.6483381611111111
EIF2S2,25.794788888888895
TICAM1,-3.0273127777777784
MAN2C1,-2.8780438888888895
C16orf93,0.3644061111111112
ADO,2.166741666666667
LOC100505912,0.05162032777777781
PDZRN3,-2.1847734444444447
ZDHHC5,0.16867777777777704
PTH2,0.0
GPHN,0.21687166666666702
SLCO1C1,-0.05096387222222219
SIM2,1.7292778
KIAA1407,0.109094111111111
ITLN1,-253.843758388889
LOC730159,0.0
CPNE1,32.80174444444444
IBSP,0.43002751666666666
TTLL1,-0.03059999999999996
MIR409,0.0
CEP95,0.28846222222222284
KRTAP23-1,0.0
GJB6,0.04214769444444445
ZNF184,0.8092533333333334
FAM18B1,-0.7146166666666716
GUSBP3,-0.31599838888888887
LINC00578,0.7898451666666664
SNORD64,0.0
CCL5,-24.46762777777777
FPR2,1.0704796055555559
SYCP2,-0.019026177777777736
OR4K2,0.0
MCM3AP-AS1,0.14800650000000004
GMDS,26.806255555555552
BCLAF1,3.2011388888888916
ASTN1,-0.11689435444444446
PRKCI,1.231795
TTC7B,0.13179600000000025
SLC6A1,0.14405686666666667
LOC728758,0.01001445
ZNF570,0.06789250000000002
SMAD5-AS1,0.008070116666666682
MIR4802,0.0
TPM2,-63.93741666666668
B4GALT1,1.4068111111111072
LOC284551,-0.002870667222222222
ETV3,-0.1863611111111103
MBTPS1,-1.5667000000000009
SLC2A5,-1.7359440555555552
HDHD3,-4.714814444444446
TOMM20L,-0.004565444444444511
C12orf59,0.03518004444444445
DMXL1,-1.0620100000000008
GBP3,-15.750503888888886
GFI1B,-0.5080240777777778
FOXJ1,0.5702085555555556
MAPKAPK5,1.376232777777778
CD99P1,0.6160494444444442
FAM125A,0.5291377777777804
FAP,5.692455722222223
LOC100128787,0.0
EXOC1,0.6808966666666656
MREG,0.039437166666666634
RAB5A,1.4755833333333364
C6orf89,-1.104226111111112
SLC26A2,-214.04899666666668
C19orf47,0.2266233333333325
HDAC8,1.8099405555555546
TBC1D3B,-0.15211838888888884
TYRP1,-0.28509762777777786
ZSCAN5B,0.0009750497222222234
VPS33A,0.07384833333333507
DDX11L9,0.004860209444444444
CECR2,0.11474153888888888
ACOT8,-3.8519700000000014
C22orf45,0.0066324533333333435
ARRDC3,1.8138283333333334
CT47A7,0.0
MIR4695,0.0
PRPF19,17.466749999999998
SLC30A9,-1.2536777777777814
CHST15,-1.2459455555555552
EGOT,0.04415648888888889
LINC00301,0.0
MIR219-1,0.0
CDH9,0.009969422222222225
ATP1A1,-56.68597777777774
CCR9,-0.08997863333333335
HEATR5A,-2.3736377777777786
RAB7L1,1.2723055555555556
AK1,-3.798288333333332
DGCR6,0.15241677777777807
C21orf37,0.022451322222222223
IGSF11-AS1,0.0
LOC388588,0.061896072222222376
RPLP0,223.60794444444446
SNORD127,0.0
ETV5,0.767992722222222
LOC100507050,0.07762951111111112
CD52,-33.18944444444443
MCM3,14.675144444444449
SLC50A1,-1.1785777777777824
CPA1,0.008405994444444448
SRP54,2.1103888888888918
MT1M,-130.1039927777778
C17orf100,-0.01570438888888903
BFSP2,-0.06296652222222222
FAM170A,0.0026208888888888883
GRWD1,3.77665
KDM4B,-0.3928866666666666
SNORD114-11,0.0
LOC728218,0.04369800555555556
RPS26,26.942166666666594
TANC1,0.4649077777777775
WDR48,0.131184444444445
MED29,-1.0428783333333342
C8orf37,0.0833961666666666
ICA1,9.642467777777778
MIR5699,0.0
MIR621,0.0
OR52I2,0.005185372222222222
LINC00303,0.006319916666666667
LINC00351,0.0
MOSPD1,1.8540666666666663
PCDH9,-0.1109999888888889
CYLC1,0.0
PA2G4P4,0.030939999999999995
KRTAP17-1,-0.006532844444444445
SLC25A28,0.031047777777779118
SOCS1,1.3102450000000005
MANBAL,10.665777777777777
OR4M2,0.0
RBFOX2,1.5397905555555553
RPL13P5,0.5634658888888888
TMCC2,-0.07303212777777779
TRIM73,-0.018833611111111148
ZNF850,0.08122322222222225
ABHD12B,0.7716241166666669
KCNRG,0.1322415166666667
ALDH1L2,0.490737
BRCA2,0.6918896555555558
OR4F3,0.004106611111111112
COL21A1,-0.19476273333333333
ZDHHC12,-3.526688888888895
DENND4C,-0.017628888888888028
RNASEH2B,7.159448888888889
ARNTL,-1.1371327777777784
GLCE,3.163349444444444
C8orf59,20.15584444444444
KLRG1,-0.13135866666666668
LMAN1L,-0.027207405555555557
COASY,2.2652166666666638
PIP5K1B,-9.139423888888889
TBC1D29,0.00445851111111111
SLX4,0.2628005
USP37,-0.09354277777777797
DPP4,0.006870000000001042
FRS2,-0.17913888888888962
ACTR8,0.19943333333333335
LOC100505576,-0.11077291666666667
CCDC6,3.37322
PCGF3,-0.14407666666666508
SOGA1,0.9244438888888891
UPK1A,0.026126144444444444
ZNF491,-0.1274112277777778
LOC100506795,-0.023187922222222213
CARD14,0.3293414
CDH3,9.618811738888889
GRIN3A,-0.10991039444444448
LOC727896,-0.011959580000000001
BICD2,0.7117238888888888
GOLT1A,2.658410444444445
VAPA,-10.386607222222224
RANBP1,25.73664444444445
ZFPM2,-0.0028432666666665662
ASIC2,0.08001502222222223
IRX5,0.18645943611111113
ABHD1,0.028179883333333336
PLCD4,-0.5313260000000001
MRPL55,2.288630555555553
HAX1,1.5385388888888798
NBPF10,-4.318344444444445
SNORA43,-0.8389616666666666
MIR4305,0.0
MLYCD,-0.8873311111111128
ZNF267,1.6635794444444443
TARBP2,2.3367711111111085
MYO1F,-0.6038565555555553
FXYD6-FXYD2,-0.002210238499999996
COX7A1,-1.7464938888888906
HOXB6,4.439635999999998
MX2,1.8510644444444444
SLC35B1,3.1933944444444435
HRG,0.010032822222222071
TOMM40L,-1.7719088888888885
C5orf51,1.2397527777777766
CEP104,-0.04180500000000098
GPR84,0.5971963388888889
NMS,0.009478333333333333
GAGE4,0.0
LPAR3,-0.1319237166666667
TRIM60,0.0017640333333333333
XPA,-0.0725622222222233
BPIFA1,0.0
WDR5,7.580911666666665
F5,0.5160652611111111
EHHADH,-2.6554355555555524
HIF3A,-0.5896365500000003
C19orf81,0.15848126111111113
KRTAP19-1,0.0
LOC100507086,-0.05134573333333334
MIR212,0.0
MIR5692C2,0.0
LOC150935,-0.0024662944444444443
CHRDL2,23.885968138888888
KCNN1,0.007431830555555553
MIR1972-1,0.0
CUZD1,0.012432130555555546
NDOR1,-0.23938888888888865
PPFIA3,0.6561103333333334
PROSC,-5.8297611111111145
CPSF6,2.9955099999999977
RGP1,-2.9955911111111106
SIT1,1.0048313333333327
SKAP1,0.6967857777777784
SLC23A1,-1.2173971500000003
SMEK2,1.772399999999994
SPDYE6,-0.04153655555555563
TBP,0.4664755555555553
PKHD1L1,-0.14283208111111112
ZDHHC8P1,-0.11866474444444441
ZNF599,-0.03552949999999999
KCNAB1,-0.2596046111111111
KCTD18,-0.4348072222222221
ZNF90,0.0522747833333333
C19orf26,0.20289746111111112
CTTNBP2NL,-0.20621944444444473
SCGB1D1,0.0
UFM1,12.777899999999999
C20orf3,20.84967777777777
FAM105A,0.7499738888888885
SNORD74,0.0
PGCP1,0.005626777777777777
C17orf67,0.047069555555555476
SOX9,20.856965944444436
RPL26,69.41238888888847
MIR3939,0.0
GAST,0.05152247777777778
H2BFM,0.0008633111111111119
AGFG2,-6.112601111111111
MAN1A2,0.8158194444444451
ARPC4-TTLL3,-0.07235616666666667
BUB3,13.159677777777773
MIR433,0.0
FAM114A1,-1.9590438888888908
MIR1471,0.0
LOC100132707,-0.2952728888888889
PTGER4P2,0.0299141611111111
RIOK2,0.9313794444444436
SNN,0.17908999999999953
TNIK,-0.9401622222222219
CD276,8.136520555555558
USP26,0.007323022222222222
WDR60,0.5668294444444433
BHLHE22,0.1470136666666666
MIR1258,0.0
RUSC1,-2.7882555555555513
MMP21,-0.018805233333333334
MIR103A1,0.0
PYDC2,0.0
AP2M1,1.522516666666661
VCAN,6.33135
C11orf54,-6.922646111111112
RNU6-48,0.0
GMCL1P1,1.0500000000000001e-6
AXDND1,-0.09295572500000002
MRPS34,7.106244444444435
PALM2-AKAP2,0.813348838888889
C9orf85,1.0903444444444448
C1orf55,1.2690688888888886
LAMP3,0.8779357777777779
ARSI,0.5367513333333334
RNF128,3.6031875555555573
FAM181A,0.0018086166666666664
CSNK1G2-AS1,-0.0031641333333333327
SIPA1,-0.7956511111111126
IFT81,1.0500100000000003
GPR146,-0.4619912777777777
CHRNA4,-0.005586420000000002
CNNM3,1.1331511111111094
NUP50,0.08263833333333181
O3FAR1,-3.4978836666666666
GUCA1A,0.05586261666666668
SCARNA12,2.248426111111111
SIRPB2,0.029551622222222074
ANGPTL7,-0.37369126111111106
LRBA,1.1094927777777759
FNTB,0.2668719999999998
LINC00330,0.009362333333333335
PREP,6.211083333333338
CTNNAL1,3.1225322222222225
PTAFR,0.5861627777777776
OR1Q1,0.004178966666666666
OR1L4,-0.007170555555555555
PELI1,-0.5546627777777768
TAS2R8,0.0
TRIM41,-0.6269422222222225
ITIH5,-3.0714582777777775
FAM118A,-0.22327277777777965
MORN2,1.2357383333333338
NFATC1,-0.37553538888888904
OR2A25,-0.0028866833333333333
LOC100129480,-1.6418578666666668
SIRPD,0.007742166666666668
YY1AP1,-0.2518944444444422
KCNIP1,-0.03009429999999999
SLC25A31,-0.0031209555555555555
C17orf50,-0.03150265555555555
C1QC,-32.60632777777779
MIR548F5,0.0
OSR2,-0.9470662777777772
EXOSC9,2.000317222222222
KRTAP10-6,-0.0013415500000000004
NLRP4,-0.015974726666666668
OPN1SW,-0.0084353
PTPRR,-6.3653768333333325
EIF2C2,2.4433227777777775
OR4A47,0.0
LINC00469,-0.0004148944444444444
PRICKLE1,-0.0524095
MIR129-2,0.0
RSPO2,-1.9325820055555551
PRCP,3.2733722222222212
KAL1,1.255180611111111
GSX2,-0.009766161111111112
PARS2,-0.2912822222222222
PRAMEF13,0.0
ZNF714,0.10094522222222224
NNMT,14.917650555555554
OR2AG2,0.02375927777777778
TYSND1,1.4558111111111112
TSSK6,-0.010004722222222151
ANO2,-0.05190492222222223
CHD6,1.0076716666666665
GOLGA8C,0.0009568896111111112
TRIM49L1,1.0777777777777779e-7
UCHL5,2.0930494444444445
MTSS1,-0.32313499999999973
UGDH-AS1,0.757836666666666
COPG1,1.4690722222222163
FAM213B,0.349933333333329
OR6K3,0.0
SLC40A1,-19.211988888888897
IGDCC3,-0.016157216111111115
LOC100293534,1.7969949555555553
SPAG11A,0.0
CLDN24,0.0031052868333333334
GSC,0.033760066666666665
LOC400456,-0.08297243888888889
RASSF2,-1.0155183333333335
NSUN2,6.796383333333338
B4GALT2,6.12115
UCKL1,5.638912777777778
RBMY1J,-0.0005405072222222224
ZNF468,0.7394272222222229
TMEM59,-110.05597222222224
MRPL54,-1.572827777777782
CENPH,2.4739388888888896
GUSBP10,0.0
OR13A1,-0.017092072222222223
ADAD1,0.0
HCK,-1.2931611111111119
ADIPOQ,-0.2337312650000003
ALLC,0.0038631833333333332
EVX1,1.1159016333333334
FAM167B,3.082554222222223
GPX5,0.0
SNORD88B,0.0
TRAM1L1,0.008005499999999999
SETDB1,1.3254672222222226
UTP23,2.2721105555555567
DDIT3,1.8136522222222222
DOCK3,-0.084755385
ISCA2,-3.123173888888891
RHOT2,-1.9332166666666595
SLC30A10,-4.262588083333334
POM121,4.177811111111108
ANKRD20A2,-0.06610238944444441
NLRP10,0.0
TYW1B,-0.07924399999999987
GPR116,2.288336666666668
LOC100127983,-0.08325749999999998
TRIM11,0.5105277777777761
C7orf50,14.02878888888889
DEFB121,0.0
LINC00466,-0.0014186722222222226
C3orf32,0.2845144111111112
NEUROD6,0.0
AGSK1,-0.225356
NKAPP1,-0.07825761111111113
TPI1P2,0.050025166666666676
STMN4,-0.3822060611111111
S100G,0.012394500000000001
WDR89,0.5344266666666666
FAM83C,0.019445622222222222
LOC100216479,-0.31675264999999986
POU3F4,-0.02412608888888889
PCP4L1,-0.6562806611111113
DDX11L1,0.0032550189444444464
TAS2R41,0.0
TMEM119,-0.9764961111111115
AGR2,58.49448444444454
GTF3A,50.38420555555557
LOC730227,0.0018183111111111094
PTGES3L,0.29123033333333326
SNORD69,0.0
ZNF566,0.2451605555555556
GKAP1,-0.039570777777777844
EXOSC2,4.041646111111111
PER4,0.0
MIR1206,0.0
GC,-0.08319672777777776
GPD1,1.4783122222222218
TPST1,0.5241131111111108
LZTS1-AS1,0.0
MACF1,0.3226477777777763
PPP1R3A,0.0
MMP2,45.36967222222222
MIR376B,0.0
MIR602,0.0
TP53TG1,-7.139501666666668
SLC6A4,0.1740332855555556
F11,0.05304011055555557
TSLP,-0.23274358333333336
SSX4B,0.00014642016666666666
NOX4,0.37176908666666664
H3F3C,-0.034519621111111135
TST,-104.15155166666666
CARD8,-0.6797549999999992
LOC642423,0.03618389444444445
MS4A3,0.037823711111111116
TNR,-0.00827579166666666
IFNA16,0.0
GLI3,-0.15713470555555575
CGRRF1,-2.7217199999999995
GRIK5,-0.3847876055555557
C9orf3,0.47390833333333315
KCNMB2-IT1,-0.10641027777777776
RXRB,0.03077555555555378
SH3GL1,8.65346666666667
LY6G5C,0.3714578333333335
SNORD116-23,0.0
SNORD116-18,0.0
ALKBH5,-4.788372222222222
STX6,2.178369444444445
C10orf114,0.15837199999999993
C17orf39,0.19955555555555549
HDAC3,1.6509055555555605
MIR1909,0.0
LOC63930,0.002265286666666667
MYEOV,3.9621928944444447
SLC38A3,0.1389683277777778
MIR200A,0.0
CCNE1,1.6688364999999998
SH3GLB2,-5.7146999999999935
ZNF418,-0.08643005555555555
SLC5A2,0.08973689444444438
KIAA2013,-12.14733888888889
PRSS30P,0.07641687222222224
SLC7A11,1.1328026944444445
ZBTB8A,0.027508888888888805
DEPDC1,0.921055
ORC1,1.1260992777777776
GPRC5C,-6.81828833333333
LOC401074,0.3842183111111115
BRE,2.1441444444444464
LOC100506834,-0.021932522222222223
DBIL5P,-0.0007363500000000106
MYOZ3,-0.06566286111111112
CCER1,0.0
HELB,0.07935033333333336
PFDN6,26.963144444444445
TMEM194B,0.19484427777777769
CHD1L,1.4847455555555555
OR10R2,0.0
TCEAL6,-0.0993392043888889
WASF3,1.4641155
WSB1,-1.365199999999998
ACSM5,-0.17495350555555556
DDX41,1.3949944444444426
AADAT,0.9453058333333333
TTTY19,0.0
FXR1,2.412222222222221
C14orf105,0.04466713333333334
MFSD1,-6.448572222222225
LOC388499,0.005486046666666667
FASN,9.896795000000001
IQCF3,0.0
KDM3B,0.6275627777777792
SCUBE2,-1.440639
AIRE,0.05239202222222222
TMEM87A,-0.003666666666671148
PGBD2,-0.5177722222222223
FXN,1.457189444444444
COL6A4P2,0.011342811111111115
LRTOMT,-0.2168794444444444
CLCA2,-0.18097376666666662
POU5F1,0.2997139444444443
POLR2C,6.666922222222226
MIR638,0.0
NOS2,0.9825176111111107
TMEM14A,5.509450000000001
CCL16,0.004843872222222233
C11orf40,0.0
LOC388152,0.3653283333333337
LSM3,10.66882222222221
MIR765,21.791833333333333
NPAP1,-0.0011977727777777777
SFTPD,-0.04754070000000002
COX16,2.4492888888888906
CPSF2,1.9920561111111112
INTS7,1.904812777777777
MIR335,0.0
MATK,-0.8376408888888887
RPS29,-120.20055555555655
TRPC6,0.05157200000000006
NME5,0.03282037777777791
MIR520C,0.0
FAM19A1,0.04167200555555556
PPP1R18,3.2125200000000014
ZBTB20-AS1,-0.008381394444444443
SCFD2,1.368342222222223
TYR,0.0
INPP4A,-0.7770711111111113
MIR2681,0.0
GPR34,-1.687498777777777
LOC728716,-0.004620877777777778
SLC35F2,-1.9031749999999974
TXNL4A,-1.3950444444444408
AKNA,-1.9016366666666675
CORO1C,4.932211111111108
FAM183A,-0.015694650000000004
MIR660,0.0
MAGI2,-0.08720083333333334
RPL24,251.19388888888898
MIR3978,0.0
CD177,-165.6222862222222
ENTPD6,13.121944444444438
EFNA1,6.209488888888892
FAM183B,-0.012958694444444445
ZMYM6,-0.21330722222222187
DEFB113,0.0
FZD7,-0.04654277777777782
IDS,-4.749994444444447
OR51I1,0.0
PAGE2,-0.012807055555555556
CSAD,-0.6169022222222225
OSBPL7,-5.710443888888888
RPE65,-0.0015064777777777788
ZNF488,0.1559081444444444
ZSCAN4,-0.005217649999999999
LZIC,-1.8498955555555554
SIN3A,-0.36188611111111246
CHERP,3.4212655555555536
CAMK2N1,-44.23778888888889
GCH1,-0.7255227777777797
KALRN,-1.076175
C11orf42,0.04433297777777778
MIR4762,0.0
BCDIN3D,0.13337166666666667
DPT,-21.459179833333337
RBMX2,2.1873899999999997
TMEM161B,-0.9135688888888893
YES1,-0.8502777777777766
SPOCD1,0.17812509444444447
KDR,1.9347427777777781
RFTN1,0.818355555555554
ZNF676,-0.024551805555555563
MGC16275,-0.09981655555555552
CNTNAP2,0.27589184444444437
EEF1E1-MUTED,0.0
C19orf54,-0.07381333333333373
CSF1R,-2.455664444444446
DSC3,1.4389778144444447
CD93,5.378694444444445
ZFP14,-0.06864061111111108
FBXO36,0.09515972222222224
ASRGL1,-0.681111111111111
FKBP11,-0.5718483333333424
JUND,-30.91761666666666
CEACAM19,-0.2626226111111112
KCNAB3,-0.03199397222222222
DRAM1,2.8629288888888875
FOXRED1,0.2821544444444424
SNORD65,0.0
SRFBP1,1.5506083333333334
TUBB3,11.104151722222223
FNDC3B,3.331200000000001
ZNF80,-0.023104554999999992
ASB15,-0.003304783333333334
FLJ39653,-0.34133244444444455
HDDC2,1.1316416666666669
TMPRSS2,-57.495699333333334
FARP1,6.959485000000001
GPATCH4,5.852602222222226
ZNF107,0.4793045555555553
ZNF395,-1.9731122222222233
SLC3A2,19.1732111111111
RBM42,3.844427777777767
NYNRIN,0.4584305555555557
TES,2.1058611111111176
VPS52,0.6231166666666645
RPL21P28,976.5673888888887
LOC144481,-0.35138548333333336
RPS6KC1,0.11577944444444466
G3BP1,13.414533333333331
SPCS2,3.703950000000006
TMEM106A,-0.0708511111111112
C5,0.40105511111111114
SAYSD1,1.5743938888888893
QTRTD1,2.347253888888888
MIR554,0.0
CPA5,0.0014661944444444444
MIR3691,0.0
FBXL19,2.0449166666666665
PTGER2,-2.357987944444445
MAFB,-0.47421666666666784
RTEL1,2.699172777777777
EME2,-0.2525544444444443
FAM222B,0.7989916666666659
MIR30C2,0.0
PCDHGA7,-0.018565427777777754
C15orf61,-0.1429255555555553
SLCO2A1,-4.449062777777778
TEX29,0.12111399444444441
C3orf77,0.0
TTC39C,-0.018107499999999943
DSC2,-20.173241111111114
MTHFD2,16.643800555555558
LOC100130950,-0.07792227777777777
MAGEB1,0.0
HSPA5,43.971161111111115
MIR1295B,0.0
C17orf82,0.03296851666666664
C2orf53,0.001383888888888889
C3orf65,-0.018762377777777783
TECPR2,-0.06488111111111072
CWC27,0.8510444444444456
HEY2,0.18421361111111123
OR2Z1,0.003862605555555556
PCDHB4,-0.019030444444444572
SRA1,0.1637827777777776
SNHG5,78.79780555555556
POU6F2,0.3745895166666666
NSUN3,-0.5497411111111106
TTTY22,0.0
SCNN1A,-24.68846555555556
TMEM30C,0.0
ANGPTL2,7.21614111111111
CFHR3,0.06938940555555556
BRDT,-0.0007811722222222222
LMAN1,6.0303833333333365
MIR492,0.0
RPL4,117.07844444444436
SRD5A3,1.6935622222222224
NBPF11,0.019566383888888927
LOC606724,-0.020779838888888902
GPR182,-0.024944961111111122
DARC,1.8445170555555546
BPIFA2,0.005273722222222222
HNRNPC,41.07362222222224
HPS1,-9.15974222222222
LPIN1,1.2042927777777788
PCYT1A,-0.3824500000000004
KIF14,0.8298171444444444
SPPL2C,-0.0010055222222222224
COL9A2,0.019626000000000587
SNAR-E,0.0
SSBP4,7.209613333333332
MIR1245B,0.0
TNFSF10,-24.770622222222222
F13B,0.0009994666666666638
LOR,-0.03578941666666667
LOC255480,-0.000826161111111111
TRAPPC5,1.7609944444444352
USPL1,1.7579016666666667
LRRC66,-2.0863537055555557
TMED9,13.709805555555576
HMGN1,18.472227777777803
LOC100289509,0.033963472222222235
TNFRSF10A,2.479877666666667
ZCCHC9,2.828515555555555
DHRS11,-51.04204277777777
KIF16B,-0.025159444444446066
LOC100288637,0.1244938888888889
MLLT4-AS1,-0.10444093333333337
MYT1,-0.0026173938888888956
TWIST1,0.9964946666666668
XKR9,0.11533159444444435
C14orf126,0.9514266666666669
JARID2,0.7770072222222222
RSPRY1,0.6806344444444434
SNORD4A,0.0
CCDC74A,0.9793976666666668
ACP6,1.594390555555556
PKI55,-0.05594655555555539
LOC100288069,0.8781688888888888
COL18A1-AS1,0.00012133888888888884
LOC146880,0.3671061111111129
MTHFD1,8.978628888888892
SUN3,0.01665045
WDFY1,2.587786111111111
KDM8,-0.19599816666666658
RANBP3L,-0.0031308111111111037
ALG9,0.4191388888888894
GPR139,0.0
KIAA0020,8.29432
TMEM88,0.8510205555555557
YWHAB,25.134144444444445
LINC00433,0.0
CATSPER2P1,0.11818713333333336
SLCO1A2,0.036404713333333345
RERG,-1.049939666666667
EFHD2,-5.0595611111111225
MIR4780,0.0
AMT,-4.114116666666668
DLX1,-0.024185822222222222
TOR4A,-0.8129766666666676
CYB5R1,-0.44371277777777607
TNP2,0.004964627777777778
PIK3AP1,-0.6629127777777777
AMACR,-0.5583777777777783
CKAP5,6.461322222222224
YKT6,7.884988888888891
DEK,25.69096666666666
CORO1B,-8.271988888888899
MOB1B,0.3753155555555563
LOC100289137,-0.03984058333333329
RNU6-28,0.0
MIR3194,0.0
MIR338,0.0
SNX13,-1.0829816666666687
OR2B6,0.30277611111111113
ZNF763,-0.040657222222222344
LINC00597,-0.010656150000000001
LOC440288,-0.35553444444444393
HS2ST1,1.8228388888888905
OTOR,-0.003479938888888889
BCYRN1,-63.918861111111106
C11orf93,-0.8035773888888884
LOC100506660,0.16450000555555555
OSR1,-0.9074331999999996
FLJ11235,-0.3114743333333333
MIR323A,0.0
RPL38,285.2724444444443
SLC1A4,2.4953416666666666
PSG7,0.0
CASC2,0.11136527777777777
HSD17B14,-0.16361477777777766
MEN1,1.624526111111111
NFKBIA,-13.920149999999985
NKX3-2,0.08727160555555558
FLJ16779,0.03141659944444444
NR2F6,-22.403733333333335
RIMKLB,-0.26704622222222185
COX7B,-90.42855555555553
GNG8,-0.8907143333333334
MOB3A,-3.587228333333334
FER1L6,-1.833051606111111
LINC00462,-0.009527827777777782
METTL10,-0.05764111111111081
GALNS,-1.0247366666666675
KLRAP1,0.011207722222222216
MIR4499,0.0
MORC4,2.278053333333334
MTCP1,-0.03599344444444441
RNF122,0.2437450000000001
ANKRD20A8P,-0.05648259138888889
SRRM2,-1.6325722222222225
LINC00563,-0.02288958888888889
GJD4,0.002428127777777775
GPR26,-0.001128825
ETV7,1.637514722222222
LDB2,1.0914666666666668
HLA-DRB3,-5.694925111111111
SDR42E1,-0.13525388888888923
SNORA84,5.28661111111111
ALKBH2,3.0331888888888887
SNORD12C,0.0
IL7R,-1.338149555555555
GPD2,-2.240160555555555
C7orf29,0.4965016666666666
BCL2L12,2.7506749999999975
HIPK1,0.14024722222222152
OR4C12,0.0
SLC17A3,-0.015340594444444442
TMEM132B,-0.0024007611111111216
MIR3664,0.0
LOC653160,-0.1179905555555556
FAM212A,0.03187872222222188
PAK3,0.010521494444444432
MIR662,0.0
OR2H1,-0.0021812955555555557
HMGN2P46,-0.3337062777777778
LOC84856,0.1831463055555555
IRS2,3.049634444444443
ACVRL1,-17.807456111111108
SYP,-2.540445944444444
MIR4792,0.0
GMPR,0.9335645000000004
SMCR7,-2.020049999999999
DNAJB8,0.0
PLEKHB2,-14.34587777777778
SIGLEC15,0.06927748333333336
SLC23A2,-0.3560105555555557
ZNF446,-0.19984499999999983
SBK2,-0.0027663944444444445
DEFA5,-2.5943603333333343
GPR112,-0.006201212222222221
UHRF1,5.2828265000000005
COG2,-1.028528333333334
MIR3943,0.0
EFCAB11,1.4788494444444442
LINC-ROR,0.0
LOC100505681,-1.2985144999999996
LOC344595,-0.07569102777777781
MTX3,0.23369722222222178
CYS1,-0.9346645555555559
PIKFYVE,0.14382222222222207
SEMA3B,-9.972518888888889
SLC12A2,29.09106000000001
CALM1,-40.56892222222223
ARID3C,0.03187611111111112
RAB20,2.103150000000003
TCTN1,0.9580683333333333
ANPEP,-126.5048861111111
TUBGCP6,-1.3000372222222225
TPT1-AS1,0.8209627777777775
COMMD10,3.4506788888888877
DKK1,3.4296231055555553
LOC100289495,0.02471217777777779
MIR147A,0.0
TCHH,0.014332114999999996
LINC00320,0.0014022333333333333
PTPRK,-0.3529944444444446
FLJ33581,0.0
PCDHGB2,0.09156347222222222
KRTAP21-2,0.0
LINC00163,-0.016043494444444445
PPP1R3B,-0.8078400000000006
IGF1,-0.2781227222222218
MOCOS,0.6391243333333334
MURC,0.03839420555555556
RBMS2,-0.32195388888888843
METTL8,0.5124624444444443
MIR4533,0.0
EIF3A,9.037777777777784
NAV3,0.022786477777777786
PTGR2,-1.155532222222222
AFMID,0.8628527777777784
LOC440900,-0.0023751611111111123
CMAS,-8.213249999999995
PATE1,0.0013323666666666667
SCARNA14,0.0
FAM200B,-0.20047555555555574
F13A1,-6.295008888888887
SCARNA16,1.495686666666666
ERCC6L,0.8322461333333333
SNORD34,0.0
CCL18,10.078286111111113
LOC100506012,-0.03225802222222224
DNAJA1,37.495411111111096
C4A,5.761691666666665
ATRN,-0.3212433333333342
FTH1,-323.45294444444426
MAP2K4P1,0.0007572388888888899
NBPF4,0.11258211222222217
DNAJC15,11.36785833333333
IK,-2.0884611111111084
MAP3K11,-5.616183333333332
MIR1272,0.0
MGAT5,5.8544599999999996
MYO3B,0.03522604055555556
LOC348120,0.0
FABP5,-1.574644444444445
DGKH,0.5249820000000001
ISL1,-0.35720254444444444
NAGLU,1.1980138888888874
PRPF38B,2.7455666666666687
ACAT1,-32.0591522222222
OR56A1,0.0
NABP1,0.5959350000000003
UCKL1-AS1,0.2397001111111111
UQCRB,-1.8540500000000009
XAGE2,0.004582672222222222
CCDC88B,3.053905000000001
C6orf163,-0.08119753333333332
NMI,3.418248333333331
SNAI2,0.1146266666666671
DBNDD2,0.5939277777777932
TRMT61A,2.0237427777777786
ZSCAN22,-0.06771127777777775
MARVELD1,-2.2799811111111055
SNORA71D,5.030344444444444
MFF,1.3696311111111097
MTRF1L,-0.08485944444444371
SOCS4,0.5174288888888894
CD79B,-4.647493611111111
MORC3,-0.27955555555555645
SMR3B,0.0
DAAM1,-0.5550861111111107
VEGFC,0.5662873333333331
ZNF41,-0.1818938888888888
SLC39A2,1.249126805555556
DLGAP2,-0.007724535555555556
N6AMT1,0.44520055555555516
PMS2P4,-0.925473888888888
MIR124-2,0.0
ACTL6A,19.073433333333334
IDI2-AS1,0.04647911111111114
CEACAM6,153.60969833333334
PPME1,5.470098333333334
DPF1,0.1035651722222222
SNORD83B,0.0
MIR3649,0.0
HLA-DQB2,-0.7173442666666672
UBE2D4,0.6975266666666671
SNAPC4,1.0452994444444448
ASH2L,0.09380277777777835
IFRD2,11.643642777777776
CDC42SE2,-14.177983333333337
WDR75,6.444001111111115
PROCA1,0.21740888888888893
GIT1,3.414021666666663
DDX26B,-1.537133777777778
MIR3613,0.0
PDE6A,-1.1233968055555557
ZNF37A,0.3831038888888889
TRIM64C,-0.0015498777777777778
TMED7-TICAM2,0.40012074999999997
MSH3,0.03779666666666648
NUDT16,-5.241943888888887
SLC6A8,-26.371653888888893
STARD3NL,5.1562499999999964
TMEM109,7.388600000000004
AP3B2,-0.11662430166666668
GK5,-0.8011044444444444
MIR18B,0.0
CUL7,2.029653333333333
RAB2A,3.5963444444444406
TSFM,1.9376788888888932
CNOT1,5.50429444444444
ACTG1,58.318222222222175
PYY2,0.010324994444444437
KCNJ6,-0.00910388333333334
SOX14,0.37156361111111114
FLJ45079,0.002360528888888889
TSNAXIP1,0.022354244444444435
MIR365B,0.0
MIR376C,0.0
MIR4520A,0.0
NEUROD2,-0.00630616666666667
ART5,0.00237575555555556
EMILIN2,0.5486583333333335
OR5L1,0.0
PRH1-PRR4,0.09240738888888889
TSPYL4,1.5526005555555562
ZFP36,-26.306666666666672
ZNF397,-0.44216888888888883
CDC25A,1.952078
TTLL12,4.326664444444447
ABHD16A,3.793961111111109
APIP,17.879827777777777
DZANK1-AS1,0.0
RORB,-0.053441444999999976
TACSTD2,5.292156277777778
CIC,0.3209716666666651
ZNF366,-0.00025849999999993933
RPS4Y2,-0.0038590944444444443
SIPA1L1,0.6508483333333333
SLC25A26,1.2143349999999984
MIR4482-2,0.0
EYA1,0.07460090555555557
RN5S411,0.0
SCAND2,-0.25455205555555516
SSH2,-0.07326166666666634
NLRC5,0.17581888888889097
ALDH1L1-AS2,0.08043547222222222
HK2,-13.472284444444444
MBD3,0.4911444444444477
SNORA74B,0.07825
C9orf106,-0.022922572222222225
IBA57,-0.1430933333333333
MYLPF,0.007812250000000007
SLC29A1,19.221957222222223
GABARAPL3,0.006655683333333334
TOE1,-0.7947333333333342
WDYHV1,1.8953700000000002
LRRC18,-0.053559899999999994
ZZEF1,-7.64185277777778
ARL6IP1,20.60522222222221
MGC32805,0.40098768333333334
PLD3,-6.379850000000005
CLIC5,-15.49598111111111
HTR3D,0.0
TMEM204,2.1553444444444443
MIR4644,0.0
RPUSD2,0.5232183333333342
ASXL1,3.314705
HADHB,-22.907883333333338
FAAH,-4.342931666666669
RFTN2,0.07932199999999989
NDUFS2,-14.214999999999996
CTRB1,0.0013914444444444443
KRT2,-0.02677772111111111
C1QTNF2,-0.4071175555555555
NR4A3,0.30921977777777787
SSX6,0.02433573888888889
LOC100289656,0.004436391833333331
CCDC90B,1.2640777777777767
THAP5,1.0798466666666666
RNU6-52,0.0
ZNF382,-0.05336446111111107
CEBPE,0.20619145
PABPC5,-0.02495570555555557
ABHD10,0.04903944444444619
SMC6,0.42858222222222064
HMGXB4,1.0680711111111112
IFNA4,-0.0008693777777777778
NPTN,-17.345138888888897
SNX2,-3.138611111111114
TMEM191B,0.2364883888888888
S100A13,1.1633166666666739
CHRNA9,-0.0034975833333333326
MIR610,0.0
BSCL2,2.5809894444444446
DTX2P1-UPK3BP1-PMS2P11,-0.09270611111111116
MIR4657,0.0
PRKD3,0.3607733333333334
MRPS31P3,1.4018461111111113
LOC729970,-0.42407161111111114
ADPGK,1.5399366666666676
DYNC1LI2,-3.0455444444444453
LRRC37A11P,-0.003810088333333332
MAN1A1,-9.77093
LGALS7,0.10986226666666667
MIR450A2,0.0
HIST1H2BI,0.12048572222222223
RHPN1-AS1,0.3941573611111111
RNU6-79,0.0
LOC100132354,0.09118035
CXCR1,0.40389548888888893
C12orf65,0.06226111111111177
GKN2,-0.0020349333333333323
LPPR3,0.024804936666666666
BAG6,4.271594444444446
TIGD7,-0.08505461111111123
INTS5,0.8103777777777781
OSTN,-0.020577000000000005
FCN2,-0.0032580327777777755
DCTPP1,7.776299999999992
LOC644838,0.011544277777777778
ZBTB1,-0.010008888888889622
E2F4,5.97901666666667
RFX4,0.013984349444444443
CD55,27.25315000000001
IL37,-0.0714343888888889
FAM86B1,-0.03622955555555529
TPSG1,-4.714215505555554
MIR16-2,0.0
RILP,-9.54713111111111
POU5F1B,1.0938458777777778
UNC13A,-0.03305678333333331
GTPBP3,1.807808333333333
C20orf202,0.24484947222222225
C2orf28,4.086233333333325
MED14,1.8499605555555583
MUC5B,6.532374888888885
NPBWR2,0.0
GTF2IRD2P1,-0.1646707222222223
USP53,-3.821609444444446
LINC00476,-0.8518455555555557
LOC730441,0.0
OR10G4,-0.05741315555555556
PSMB10,-8.636399999999995
USP9Y,-0.29732467111111105
XDH,-6.8428939611111135
ABCC8,-0.12443247222222223
THEM4,0.40090333333333317
LEF1-AS1,0.03214394999999999
MAP3K3,-0.19543777777777827
NUDT22,-6.8499055555555515
ERLEC1,2.907427777777773
MIR664,0.0
IQGAP2,-8.306737222222223
TTC25,0.08272886666666668
NAP1L3,-0.2852691277777779
IDUA,-0.13782111111111206
PLXNB1,2.6028261111111135
MRPS28,5.577555555555552
ADAMTS10,0.13890727777777756
LOC282980,0.0
LOC283335,0.11994283333333322
C20orf195,0.15302268888888887
EDC3,0.3943561111111098
PPARGC1A,-4.001266055555555
CDK2AP1,10.147394444444444
PELO,2.6768272222222214
CD82,18.401227777777773
PCBP1,8.385388888888855
BAMBI,1.4777972222222227
PPM1N,0.1542521888888889
UOX,-0.05458863333333333
CXorf51A,0.0
LOC100132781,0.01277782777777778
MIR651,0.0
VTN,0.09556970555555555
SNORD45B,0.0
WDR54,1.2475752777777784
SUPT6H,2.7521166666666677
PKDREJ,-0.03586864444444443
TCF24,0.07485329444444444
LOC100652739,0.0033362166666666693
VWA5B1,-0.02051844944444444
ORM2,0.35620692499999995
A4GALT,0.49765333333333306
IPO5,14.308796111111109
LY86,-1.2864857777777785
NARFL,-0.6253383333333318
ITGA5,10.123671666666667
LOC339240,-0.004333238333333331
OR2B3,0.0
PRAMEF22,0.0
RNF223,-0.46659266666666666
SGOL2,1.1745132222222223
LOC400680,-0.006793019444444449
UBAP1L,-0.062398594444444455
CTSB,41.485916666666654
UHRF1BP1L,-0.5321938888888886
CD22,-1.9223663333333332
ZMYM1,0.26966133333333353
MIR4636,0.0
GNA14,0.525392666666666
SURF4,19.287961111111102
C9orf116,0.95661
FUT9,-0.004306257777777779
TPTE2P5,0.06495867222222224
HIST1H1D,0.14295642777777784
TFEB,-1.57966722222222
MIR31HG,0.18861704444444446
NMRK1,-1.496115555555555
LOC84931,0.01686200555555556
PGA3,-0.06655901833333333
STX3,-2.2975816666666677
LOC100507066,0.00349645
ZNF701,-0.26705238888888916
TRIB2,1.4904205555555565
MIR302D,0.0
KRT8P41,0.003671072222222223
CHMP7,-1.9730550000000004
LINC00204A,-0.14015992333333332
SACS,0.2397541666666667
HTATSF1,1.8835388888888893
LOC284933,0.003378222222222222
MTUS1,-4.71931
IVL,-0.00010219166666666649
PPP2R3B-AS1,0.04088244444444422
CDKN2C,-0.1859750000000009
C10orf57,-4.624915000000003
MIR3122,0.0
FGF9,-0.3749163277777778
RPAP1,0.9628344444444448
SNAR-F,0.0
ZNF814,0.08230494444444436
TFIP11,-0.4443022222222215
FGFR3,-3.959876277777777
GABRA6,0.015104666666666667
FKBP1A-SDCBP2,0.10807339444444453
SNTG1,-0.006685172222222223
CRHR2,-0.011045411111111111
LOC572558,-2.3506006777777775
CERS3,-0.003616047777777776
SNORD92,0.0
SKP1,0.16165000000000873
EPB49,-2.1976666666666684
KBTBD8,-0.08097177777777764
MIR4271,0.0
C3orf19,-0.031884444444444604
LOC388813,0.0031580222222222214
PBX4,0.3261467555555555
THRA,-0.12912777777777862
LOC100188947,0.12314492222222223
USF2,-5.378494444444442
NUP188,3.942220555555556
LYL1,-0.416097611111111
PP12613,-0.0071801611111111125
VSNL1,4.095472611111111
LOC147804,0.28995472222222185
TRIM40,-0.6942299444444444
KIAA0753,-0.08747499999999997
RPL7A,441.3129444444444
HAR1A,0.03929573333333333
01-Sep,-3.9090461111111106
VPS41,2.207894999999999
LOC645591,0.0020049166666666653
MIR3652,0.0
DNAJA4,0.2774816666666666
FYB,-1.5489374444444453
MAGEA9,-0.0002216616666666667
FAM171B,-0.0240288333333335
LOC100131635,0.0
MIR4633,0.0
ZFAND2A,-5.472561111111112
PFKM,5.398329444444446
ANKRD26,0.2660688888888887
HIST4H4,0.6823131111111111
DOK3,-1.0748794444444445
LOC100630918,0.09444294444444434
SMS,16.25058333333334
C15orf59,-0.1262183888888888
ARL6IP6,2.1719694444444446
EIF4B,22.96700000000004
EMC1,1.6204900000000002
CRCP,3.262907222222223
JMJD4,1.1847672222222219
KIAA0494,-3.8813444444444407
KCNF1,-0.2269373666666667
RBM12,3.720896666666661
DBIL5P2,-0.0009454333333333333
MIR3175,0.0
RCL1,2.329971111111111
ELOVL3,0.017308661111111116
RNF126P1,-0.0183568
UROC1,0.00684974055555556
OXCT1,-0.4366599999999998
MIR718,0.0
HP07349,-1.0931395000000004
STAT2,0.5589355555555553
ZNF259,7.296895000000001
ZNF706,8.308805555555551
PHOSPHO1,-0.025818055555555552
KIAA0087,0.004074378888888893
NOS1,-0.1743686077777778
CDRT4,-0.007652474333333333
FBXW5,-19.94030555555556
SYNDIG1L,-0.046224522222222224
TFAMP1,0.00020888888888888888
ATP10B,-2.242254611111111
HLA-H,-4.9031061111111125
OR5H15,0.0
TMPRSS11E,-0.008394755555555553
PCDH9-AS2,0.0
SF3A3,3.814622222222223
CNPY2,12.885438888888896
DENND2A,-0.7322067777777779
ACY3,0.8597887777777773
SERF1A,0.8157606403888888
MAGEA3,0.7919509055555556
PSPC1,7.361166666666666
MIR4763,0.0
SLC1A6,-0.0050502
NPAS1,-0.017225894444444417
KRTAP10-1,0.013488827777777778
CDCA3,5.352987499999999
C16orf82,-0.0015268166666666666
FAM111B,2.9387921666666674
PRAC,-56.104154055555554
FOXR2,0.0
TAG,0.0
SLC28A1,-0.010328505555555558
PUS10,-0.29598394444444454
DNAJC14,0.35933333333333195
KPNA7,0.11308790000000002
INPP5E,0.354052777777778
COMMD1,-3.3884222222222213
KRTAP3-3,0.005920422222222225
LOC283392,-0.1025819722222222
FDFT1,8.366049999999994
MIR96,0.0
MYL1,0.0
NUMA1,0.14168333333334004
RASL12,0.582143777777778
SLA2,-0.7022111111111111
UPP1,-3.281154999999999
WNT1,-0.039013655555555554
C17orf79,4.281733888888887
GNB1L,1.2982983333333336
AKTIP,-0.42437944444444575
EFCAB1,-0.08314255
C4orf36,0.08639816666666666
MIR548M,0.0
SPRTN,0.6224227777777775
C20orf144,0.08929538333333334
KLHL2,-0.023780555555555694
OR4D6,-0.001558005555555555
PICALM,4.513088888888888
C10orf107,-0.04496257777777776
FXYD7,-0.12320627777777776
KRTAP13-2,-1.454521216666667
FCER1G,1.220517777777772
AGPAT2,-0.47919999999999163
FLJ43879,0.005030989999999999
SBNO2,6.570204999999996
ZNF225,-0.12458727777777756
LRIT1,-0.0003316055555555558
NALCN,0.016995776666666657
MYCBP2,0.7896883333333329
OSTM1,-0.6532255555555562
MRPL33,5.426416666666654
SRPX,-3.726488611111111
WSCD2,-0.04252167499999995
GRIA1,0.058225634999999984
FLJ10038,0.009945944444444299
AGK,1.9946094444444435
CSNK2A2,4.278564444444444
SNTN,0.03583643333333336
MIR1295A,0.0
SYT10,-0.0827609
COL3A1,309.6130333333333
STARD13,0.5696016666666668
EPS15,-0.6225144444444464
GOLM1,-69.14327777777777
MIR653,0.0
MIR3656,0.0
ZNF260,0.6872511111111108
LIME1,-0.10900055555555532
ITFG2,-0.24805666666666681
HMGB3,6.443648333333334
PGLYRP3,0.010302455555555555
LMO1,0.06325276666666667
IVD,-2.270508888888891
MIR5702,0.0
PRAME,0.06935806666666665
COMMD2,0.6107911111111104
SNORD114-23,0.0
PRR22,0.1340298333333333
HIST1H2BH,0.5120529999999994
GRK6,-1.9513555555555548
SCAMP5,-1.197080555555555
SENP2,1.2670133333333338
SLC27A4,-1.9319138888888912
UBIAD1,0.18245333333333402
UTS2D,-0.12727425
BICD1,0.8142313333333333
MIR449B,0.0
PHKB,-1.065986111111112
MTF2,0.06520888888888887
TBC1D3,-0.21978319249999995
LOC100505746,-0.1907093888888889
DIS3L,-0.29208944444444374
FLJ40852,-0.01608769444444444
GPR176,0.7478412777777779
LOC283788,-0.9022122222222233
NXPE4,-53.19125005555555
RPL3,128.76222222222236
BMP1,0.6466650000000005
RG9MTD3,0.2722672222222222
ZNF136,0.028747388888888947
GIMAP1-GIMAP5,-0.7139112888888888
ALX1,0.022540399999999995
RGPD8,-0.12707094444444444
TRIM50,-0.04532742222222222
ZNF792,0.5476855555555551
EXTL3,1.257565555555555
FRMPD4,-0.024722582777777773
SLC35A3,-16.173251666666662
TAS2R5,0.11734163333333336
MIR4675,0.0
RPS28,153.4188888888889
LOC100130880,-0.005981777777777778
MED19,0.3448694444444449
TIMM17A,8.29641111111112
WDR70,1.0683588888888895
SPRYD7,1.4092883333333344
KIAA1598,0.002680555555555131
AIRN,0.004365898333333332
ACTR3,11.637077777777776
CYP4F3,1.5628995555555556
ENDOV,-1.228581222222222
FAM41AY1,0.0
ERC1,0.47840833333333244
DUSP5P,0.056561450000000006
LOC285501,0.006332722222222222
IL13,0.09671043333333333
MIR3182,0.0
LOC401320,-0.2584156666666668
SLC15A4,1.5946833333333323
STAM,2.0954677777777784
TAF10,5.906083333333335
GRB14,0.24748384999999995
REL,-0.05811977777777777
ARL5B,2.8471738888888893
DDRGK1,4.387127777777774
OR11H4,0.0
MIR3663,0.0
OR2C3,-0.0005608944444444449
SNORA70E,0.0
RIBC2,0.3453982777777777
LARP7,-1.5141883333333315
ENO1-AS1,-0.014901594444444444
ACP5,-9.96779444444444
RASL10A,0.021137549999999977
MZT1,10.257138888888885
SLC6A15,-0.09776677777777777
TMEM132C,0.532645743888889
HOXC12,0.0
C12orf45,4.251792777777776
GOLGA6L1,0.024314101666666664
MIR920,0.0
GLRX2,1.5577772222222226
IGFBP4,58.07610555555553
AFP,0.010645022222222224
FOXP2,-0.5469268166666672
OR2L2,0.0
NR2F1,1.2215888888888893
CLEC4GP1,0.020181900000000016
C1QTNF7,-1.0768993166666667
CD302,-3.6160883333333347
FMOD,3.1202444444444453
NCKIPSD,-0.4549872222222229
TEKT4,-0.002744944444444443
THUMPD2,0.9033611111111108
TPH2,-0.0007166888888888892
ORAI1,1.3652394444444447
IFNGR1,-4.284511111111108
GRINA,36.17468888888888
CAPNS1,-13.757688888888879
SYNPO,-5.47041888888889
PHACTR1,-0.016439788888888918
WDFY2,0.43543166666666666
TBC1D10C,-3.21856561111111
LINC00547,0.0008091166666666667
SOLH,-1.7206050000000026
MEG9,-0.003761905555555556
ACOT1,-1.1505344444444447
LOC100129515,-0.0037800944444444443
DCP1A,0.9069205555555557
PLCB1,1.134031
LOC100129794,-0.22097672777777788
MIR518D,0.0
RPL35,426.3991111111112
FLJ25363,0.0
ZSCAN20,0.07346399999999986
AP2A1,1.6664111111111097
CCDC93,0.22613777777777866
CHAD,-2.4421564333333325
TBC1D20,-1.3110438888888893
SCNM1,1.8082150000000006
USP6,-0.006364728333333333
C1QL3,0.025439505555555575
DNASE2,2.1396444444444427
SC5DL,1.3850194444444446
METTL21CP1,0.014757488888888887
MYADML2,0.6614950555555555
TEKT3,-0.01260657777777776
AQPEP,-0.07582258444444445
H6PD,-0.08901611111111407
FBXL15,-1.973920555555555
KRTAP3-1,0.08846655555555555
MIR4793,0.0
OXT,0.04727441666666665
CERCAM,6.904756666666666
SNORD115-6,0.0
NSMCE2,3.7739722222222234
MIR4532,0.0
ORMDL2,-2.244044444444441
PRR4,-0.029081311111111115
ZNF644,0.18310222222222272
BAHCC1,-0.1378289444444447
MUC17,2.8348449000000002
PHTF2,0.5423911111111122
FAT1,4.662108888888891
GUSBP2,-0.031928166666666646
ACAT2,1.9688477777777784
LOC100128946,0.0005885627777777778
RHBDF1,3.263418333333334
UBA3,3.5166055555555538
RRN3P2,-0.062412111111111
MAP1LC3C,-0.02694220983333334
MIR4743,0.0
C3orf72,0.0015336788888888886
PRIMA1,-1.5757348055555558
OSBPL9,-0.8878855555555543
RPP38,0.9629416666666657
NPTX2,1.596374277777778
PSG2,0.0
MIR637,0.0
OR51L1,0.0
STAP2,-44.37053888888889
FUT8,3.051003333333332
ZNF585B,-0.06691894444444446
CTDP1,-2.6838188888888883
PPP2R2D,-0.6250605555555548
THADA,1.2023272222222228
ZSCAN21,0.10944216666666651
RAP2B,0.3154838888888891
LOC339593,0.0014462166666666667
LOC401177,0.0
RASSF8,0.21195627777777748
GFRAL,-0.005634
GTF2F1,2.980316666666667
RSF1,0.3038233333333329
GRN,-44.81111111111113
TBCCD1,0.4151255555555555
TMEM189-UBE2V1,-0.08278065611111107
C16orf88,2.2990466666666665
IYD,1.848147527777778
DOK4,-9.04812888888889
CETN1,0.0
METAP1,0.35674444444444475
MGC45800,0.03739379166666666
NAP1L6,-0.0372854888888889
ABCF2,3.511007222222222
HERC4,-0.08249388888888731
M1,0.3400116111111111
ZNF92,0.9021405555555555
C1QTNF9B-AS1,0.39946075
TYW3,0.1478105555555551
FAM74A2,-0.0007770138888888887
CDH20,-0.005232593888888887
FANCD2,1.5453336111111107
DIRC1,0.03637822777777778
MRPL12,-3.2494999999999976
RIMS4,-0.3960432783333333
PKNOX2,-0.36398816111111115
TMEM5,2.0475916666666674
SLCO2B1,-1.9941861111111123
DCUN1D2,0.8294183333333334
C9orf174,-0.00798084888888889
MAP2K6,-6.249721666666664
MIR569,0.0
NREP,5.117646111111114
LXN,-6.404997222222217
PCSK1N,-7.062203550000003
MRPL20,3.926488888888869
PALB2,1.7156683333333334
NR1D2,-0.41230833333333283
C15orf32,0.0
PPP4R1L,0.011208277777777775
EFHC1,0.10966033333333325
OR2A5,-0.0023531666666666666
TBX15,0.13354388388888885
GMEB2,1.6275805555555554
EPHA6,-0.01859573500000003
CENPVP1,0.010482794444444447
MIR550A3,0.0
TMEM161A,6.004298333333331
ZNF330,1.5450388888888877
TEX9,-0.019723666666666584
MRPL45,4.841483333333333
SPTLC1,3.026272222222225
ABCG5,0.05728623333333334
SURF1,-3.4277755555555594
CRHR1,0.017865338277777778
TRIM63,-0.03981027777777778
SPINT4,0.0
ZNF835,-0.17511510000000002
TDRD7,-1.568664444444444
FAM47B,0.0
SDHAP1,-2.7297383333333327
DKFZP686I15217,0.2130982777777779
FOXE1,0.0006661755555555555
HAUS8,0.040648888888887846
HAS2,-0.1530924444444448
A2M,-2.917049999999989
MAEA,-5.3669944444444475
MRS2P2,-0.003632344444444442
MTUS2-AS1,0.0038916500000000004
NCAPG,2.0219760000000004
MIR3184,0.0
NDST3,0.013814005
FXYD1,-10.076192944444443
OR8A1,-0.00011784444444444412
SAT2,-5.08316277777778
STEAP3,0.015403333333331659
TYW1,1.8913261111111117
MIR217,0.0
CYP21A1P,0.14913156822222223
LOC338739,0.007748916666666668
ASTN2,0.028568555555555486
IL36A,0.011311444444444445
LOC100507410,-0.3568545444444444
LOC100128076,0.0027693333333333337
PPBP,0.3296179388888889
SALL4,0.4927922
MARK2P9,0.0073031833333333344
MGC4473,0.009007483333333333
NCAPD2,5.3085450000000005
MIR548W,0.0
PCDHB10,0.6488406666666667
SLC17A5,-4.347217222222223
FLJ33630,0.4617605555555553
SPEN,-0.507623333333334
FETUB,-0.11044715555555558
FLJ42289,-0.07024467777777779
CCNDBP1,-6.899027222222221
C2CD4A,2.3786873833333333
PTPLB,-5.029602777777782
LTBR,4.986377777777783
FAM123A,-0.0021173783333333345
MTMR7,-0.0851879833333333
ARSK,0.027566833333333207
COL8A1,5.8313516666666665
C1orf95,0.11414232222222176
SPRYD3,2.16673888888889
CCDC64B,-8.601372277777777
GOT2,7.525794444444443
KRTCAP2,14.323661111111122
LY6D,0.40728593333333335
BMP5,-2.9878446666666676
GRK5,0.9489227777777778
ATXN8OS,-0.002536588888888889
C14orf80,0.04181388888888904
TFAP2B,-0.0031054444444444445
PDLIM3,-1.3723405555555548
KCNT2,-0.06906845944444445
MIR1251,0.0
SF3B4,2.4005611111111094
CYB561D1,-0.9944811111111118
TIMMDC1,-0.4635222222222204
ADRBK1,5.415483333333327
ZBP1,-0.7463168333333337
C12orf32,1.4312261111111102
CPA2,-0.04942599999999997
KLF10,-6.499954444444445
TRIM72,1.0521356722222224
ITPRIPL2,1.06205888888889
ZNRD1,9.811161111111112
CCDC67,-0.0029936833333333336
LOC100287225,0.007905505555555557
DCAF15,1.9017311111111113
KCNMA1,-2.4737236111111116
KPNB1,11.597383333333326
NADKD1,2.153418888888889
PRM3,0.0
EXO1,1.5734732555555557
FAM81A,0.35264255555555546
DUX2,0.001023821666666667
ART1,-0.10683228888888888
LOC100287722,0.323417888888889
C17orf75,0.44504055555555544
OST4,20.8222777777778
RPL27,383.1977777777779
LINC00297,0.0
NPPA-AS1,-0.10266154444444442
LINC00114,0.2591620555555556
SNORD114-9,0.0
ZRANB3,0.4079665555555554
SNX4,-3.7606727777777778
LOC100128770,-0.04659286111111127
MIR603,0.0
ANP32E,4.572974999999996
C1orf109,1.4909138888888886
NIF3L1,1.9309727777777788
FAM135B,-0.31227026166666666
MIR770,0.0
PPARD,-6.203883888888889
PTN,-6.048422555555554
ZFAND3,0.10505555555555901
CAV2,0.5558533333333342
CDK11A,-1.3957961111111121
FAM19A4,0.01377858333333333
HNF1A,1.393838722222223
LOC729609,0.0237396
PCBP4,2.783932222222221
SEMA3C,1.8769033333333311
CACYBP,8.041950000000003
KIAA1024,0.05826010000000001
KIAA1274,3.3083236666666673
CLDN10,0.12475888888888888
MYLK3,0.002452318888888888
TRIT1,1.5835383333333324
PCDHA11,0.09593316499999999
KRT25,-0.030462544444444448
FAM153B,-0.010446359444444444
NKAIN2,0.02058454444444445
TMEM244,-0.017892111111111116
PLAC4,0.054461622222222256
ZNF713,0.18799455555555555
RPS14,212.45722222222184
SOX2-OT,-0.029264722222222216
ADD2,0.056062822222222225
PIGW,2.029431111111112
ANP32AP1,-0.0006225555555555567
TGFBR2,4.789033333333329
MALSU1,7.3272166666666685
DUT,4.837561111111107
FBXW4P1,0.05330209999999999
LOC100132987,-0.00021580555555555502
NPHP3-ACAD11,-0.01367649999999998
PCDH11X,-0.042330022222222215
OR6B2,0.0
ITPKB,-0.34946611111111103
HES4,0.9970905555555554
SNORD105B,0.0
FEZF1,0.20053758888888887
GPHA2,0.0006006055555555561
OR1L1,0.0
ADCYAP1,0.10622025000000024
LOC648987,-0.10600105555555561
P4HTM,-0.0618188888888902
DOK5,0.5261964555555556
ABHD11,6.611486111111105
KIAA0528,-1.6866422222222255
MAFIP,-0.43206277777777835
MLF1IP,1.8339462222222225
MLLT10,0.6971488888888899
PTPLAD1,14.28453888888889
LIPG,3.000719444444445
SLC9A1,-11.268553888888889
MIR1249,0.0
BTN3A2,-4.163652222222224
LOC100093631,1.5620561111111098
ANKRD37,0.40986222222222235
C3orf45,0.7570552777777779
DUSP19,-0.10443322222222229
CASS4,-0.11609256111111099
MNS1,0.41469294444444427
CHFR,-1.8190600000000003
PSMA8,-0.044067361111111106
SH2D1B,-0.2888734
SNORA80,0.0
ZNF33A,0.7696322222222216
OTUD5,-0.4762444444444398
CLTCL1,-0.060689144444444454
CACTIN,0.26088500000000003
THOC2,2.625789444444445
ARL6IP5,-10.236277777777772
LOC439990,0.5332887777777777
TMEM11,-1.8224422222222234
ATXN2,0.9742411111111107
CCR3,0.2545747444444444
FBXW10,0.009920596944444448
ASUN,3.901580555555555
FRRS1,-1.6517799444444448
FNDC4,0.6155612222222223
MRPL44,0.4357088888888896
LOC100129931,0.003971294999999998
LYPLAL1,1.5314855555555553
SERPINB3,0.05785164444444445
SNORA27,-0.47727777777777725
TADA3,-1.946316666666668
LOC729737,1.2669996111111113
TAS2R31,0.027971661111111108
ZNF619,-0.04661111111111138
FAT2,-0.00776929222222222
LARP1,8.501444444444441
SPCS3,2.0036666666666676
CACNG7,-0.06835020555555557
OR10T2,0.0
C9orf117,0.1830718722222222
MIR4767,0.0
EXOSC10,0.20379944444444575
ING2,-0.47173999999999916
PODXL2,5.176076111111111
TRIM43B,0.0
CRCT1,0.08738871666666666
MBD3L1,-0.004122788888888889
CTDNEP1,-4.878572222222225
PABPC3,0.01820875777777778
MIR889,0.0
LOC100507547,-0.10058555555555548
SERGEF,0.5164472222222223
ANO7,-3.988066944444445
LINC00551,7.727777777777854e-6
TK2,0.2956955555555556
EIF1AD,1.3704499999999982
LOC93622,0.7417783333333334
ARHGEF4,-0.18562880000000004
LINC00521,-0.003354311111111111
MTRNR2L7,0.0
DNAH2,0.07611024611111111
APOBEC3A,0.1865143722222221
NUDT9,-1.6112544444444445
LIMS3,0.30354494444444424
FAM138D,0.0
LRRC37A2,-0.054138722222221936
MIR4536-1,0.0
C10orf82,0.07443429444444444
KPNA5,0.1449867777777779
RFX7,0.4463488888888887
SLC22A23,-13.461702222222227
C1orf186,-0.45467072777777773
THAP6,0.0768522222222221
PPP2CA,-0.3976499999999987
TMEM175,-2.5431727777777793
DMGDH,-0.06324541111111115
TRAPPC2,0.15612944444444565
ULK2,-0.35987177777777735
USP12,1.0942572222222235
CGB2,0.017712766666666664
RAB11FIP5,0.8804488888888873
OR10Z1,0.0
TTC18,-0.013082233333333332
CDRT15P1,-0.08112802222222223
BAZ2B,0.30344555555555486
SLC16A6,0.07631391666666659
MIR3653,196.37833333333333
LCN12,0.012676961111111273
TPI1,27.286777777777786
CNTNAP4,0.030562527222222226
PPP1R1C,0.037784816666666665
SH2D7,-0.8817395388888889
C12orf36,-11.367109166666667
MYEF2,0.2858257777777775
TBL1Y,-0.03428528888888889
BCAR4,0.009686511111111112
PITPNM1,-1.854782222222223
FBXO30,0.5905949999999995
HS3ST5,-0.03809385555555554
SNORD51,0.0
DOHH,1.7824927777777777
HNF1B,-2.3250420555555547
PI4K2B,2.780729444444445
ZNF195,1.7417833333333315
LIPT1,0.006480000000000263
ZNF609,-0.06914555555555602
UTS2,-0.049715277777777844
KIAA1715,-0.5564500000000008
RAB33A,-0.1649153333333334
WIPI2,2.29863388888889
INHBA-AS1,0.011996177777777776
KIF3B,1.4649349999999988
IL17RD,0.2952297777777777
LIPH,-13.337866488888892
LOC100144602,-0.002463361111111107
CA9,10.012582561111111
STRN,0.16297833333333323
CCDC107,-2.2740316666666676
C17orf102,-0.0018142327777777778
PRSS3P2,0.14947702833333332
EPHX4,2.8822992000000003
RAB39A,-0.0019252944444444475
RRP12,4.607908333333334
QARS,-0.23845000000001448
STARD4,0.9832172222222217
FTHL17,0.0
KRTAP2-4,0.004144116666666666
SYNGR3,-0.2279794444444444
MIRLET7F2,0.0
NANOG,-0.007368765555555556
FAM216A,0.7114651666666663
C9orf40,-0.729486111111112
C12orf66,0.9456201666666664
NLGN4Y,0.13610487766666662
FAM69B,0.2505725000000001
OR2AG1,-0.000276711111111111
SLC9B2,0.7818250555555555
SNORD29,0.0
C9orf114,1.5961427777777777
CRIP2,5.87834611111111
RPS10,322.05927777777777
SOX15,-0.1046068333333332
KRTAP19-2,0.0
CNFN,-0.8864255555555549
UNC13B,0.11738722222222364
TBL1X,-0.46822561111111094
C11orf53,-0.3647621722222222
MIR1260A,0.0
IMPG2,0.008373602777777774
LOC221442,-0.00007163888888891967
MIR1827,0.0
MTMR4,-0.9943872222222216
ANKRD39,2.068417222222222
ZC3H3,1.279628333333334
MYH4,0.027198430555555556
GPR137,-1.313011111111111
RPL5,45.40888888888901
MIR4759,0.0
MIR3176,0.0
MYL10,0.004675744444444445
TCHHL1,0.0
CES2,-72.6687611111111
MIR4301,0.0
MIR675,0.0
SNRPG,48.24842777777778
KIF9,0.5514217222222222
CETP,0.1370871388888889
CHAF1A,2.0967538888888884
XYLT1,-0.3063666666666669
CD86,0.02481905555555608
C16orf89,-1.912221777777778
MIOX,0.03651297222222222
MIR128-2,0.0
CD9,-7.9704444444444675
HOXC11,0.19441422222222224
ITGB1,34.3750722222222
CEND1,-0.2262463555555555
JAZF1,-1.0308738888888884
PNPLA5,-0.00013927777777777766
ZNF365,0.023225533333333333
TLK1,-1.4773077777777779
TTC9,0.42204711111111115
ZNF746,1.1015577777777779
C3orf74,-0.0011372138888888887
ZRANB2-AS1,-0.03757959444444445
ATG13,-0.19511944444444573
NR1H4,-2.7082722833333333
CCDC168,-0.00005782833333333338
BBX,0.5971272222222224
HDAC2,6.646141666666669
NEFH,0.003355577777777785
SPINT2,-48.73201666666665
FAM195A,-3.691407222222221
BABAM1,0.9753666666666589
KDM5B-AS1,0.8299156666666672
CCDC144A,-0.013400287166666663
C11orf80,-0.19089555555555515
CRELD2,-2.0338883333333317
LGI4,-2.353410722222222
ART3,0.9140740222222222
HLA-F-AS1,-0.22244193888888897
MIR5582,0.0
NCAN,-0.01602417777777778
RHBDL2,-9.02872911111111
ZNF654,-0.5721433333333334
CPNE5,-2.527477444444444
PTGIS,0.7531634444444444
LOC100506068,-0.12569654999999996
LINC00379,0.02729290555555556
OTOL1,0.0
SLC52A3,-0.8007533333333345
PBX3,0.7595722222222223
RPP40,3.565104444444445
SNX31,-0.00547096111111111
COX15,-0.26706777777777724
GZMA,-6.158761666666665
MIR3128,0.0
GPCPD1,3.099438888888888
KIAA1524,1.5323872222222221
MIR5188,0.0
PIAS2,-0.6042088888888899
GSPT1,7.497399999999997
PLA2G4F,-3.1716572222222226
RAF1,-3.647572222222223
STAU2,1.044931666666665
LRRCC1,1.1553588888888884
TNFAIP8L2-SCNM1,-0.07444623277777779
TRAPPC11,-0.6542994444444448
UFSP2,-0.41277944444444525
WFDC10B,0.12647677777777772
SMG5,1.862344444444446
YBX2,-1.9107724444444445
YME1L1,6.455455555555552
LOC100507466,0.018603116666666662
GCKR,0.04344522222222223
ZNF737,0.16255183333333312
DCUN1D3,0.6587733333333334
LOC401164,-0.03651661111111111
EFEMP1,-0.7965555555555568
LOC100289511,-1.1814355555555558
PLBD1,4.306454444444441
SLC39A1,9.0963
MIRLET7F1,0.0
PROKR2,-0.001154
ZC3H4,0.1627116666666666
ZNF367,1.879508333333334
MIR1185-1,0.0
PDE6C,0.0010901033333333334
TCAM1P,0.019382544444444445
CEACAM7,-576.7421222222222
ZC3HAV1L,1.9899796111111112
NHLRC4,-0.1443586944444445
CAPN11,0.03490803333333334
CXCL9,4.585846444444444
FBXW9,1.2914616666666667
GABRR2,-0.03055087222222222
LOC645638,0.09496916666666655
IGFBPL1,0.23541130555555556
CCP110,0.7934066666666664
MIR190B,0.0
C14orf182,-0.031607211111111116
MIR523,0.0
LEKR1,0.1517391111111111
C20orf72,3.054514444444445
ROCK2,0.186398333333333
AAED1,0.9618233333333337
TRIM38,-0.8272888888888899
LOC100507217,-4.634191111111109
DHX58,0.12647777777777724
MIR4705,0.0
RIOK1,3.52063722222222
DCD,0.0
LINC00312,0.1741624555555555
MAPK13,-1.2082111111111118
NLGN4Y-AS1,0.009903611111111111
PTRHD1,-7.411961111111111
FAM3D,-151.01367111111108
IRF4,-4.352233888888889
KIAA1958,0.5723564444444448
PAPD7,1.7022538888888903
OR52I1,-0.00913337777777778
G6PC3,10.26186666666667
MIR142,0.0
SLC9C1,0.011550572222222215
EGFL6,2.175017616666667
FLRT2,0.12369755555555573
SLC16A8,0.003905694444444413
DSG2,-14.424309444444447
SNORD123,0.0
USP33,-1.9422772222222218
FAM174A,-2.040163333333334
MLNR,0.00641376111111111
SAFB2,-0.7796611111111087
SLC25A52,-0.0049250827222222255
ZFYVE28,-3.2855872222222233
RFK,-5.476617777777783
TBX1,0.16544173333333334
GTF2F2,15.75340444444444
APEX1,26.305116666666663
TGDS,5.759422222222222
LOC388276,0.0
ATP1A2,-2.953583283333333
HNRNPF,23.81260555555555
LOC494558,0.0029183555555555556
APLP1,-0.43763761666666645
BLNK,-3.2049394444444435
FTSJD1,0.12534444444444404
LOC284578,-0.4728647277777779
CYP2C9,-0.1595563888888889
MILR1,-0.15841633333333327
MIRLET7D,0.0
PRSS2,0.3457669555555556
SEMA4B,-5.4240472222222245
LOC729911,-0.003682705555555556
CHDH,0.996469277777777
FAM18B2,-0.29439016666666684
KIF27,0.18653861111111103
ABCG1,-4.295609444444445
ASAH2B,0.4870617222222222
SLC30A8,-0.031034406666666667
ZFP112,0.10107894444444421
LOC494127,-0.002001255555555555
MCOLN3,-0.09240086666666664
APEX2,1.0687594444444457
OR7C1,0.007002555555555555
CACNA1G,0.014564621666666673
CENPI,0.8160530000000003
C19orf10,20.413511111111106
MED15,0.3553211111111132
MIR941-3,0.0
EMG1,11.289344444444438
OR5A1,0.0
LOC100505718,0.00042487222222222225
DGUOK,4.666022222222221
PRSS35,0.19576760555555556
ST8SIA3,-0.030983906111111112
GTF2IRD1,7.692106111111112
C9,-0.05760726111111111
NOX3,0.0009739277777777779
SNORD68,0.0
STOX2,-0.15608126111111112
LOC100132215,-0.057244777777777756
MECR,0.39452222222222133
NEK9,0.09731944444444451
ALKBH8,0.2719868333333335
TLX1NB,0.02689363888888889
MS4A8B,-8.024673277777783
CRYZ,3.803558333333335
IL11RA,-2.455358944444443
TCAP,-0.014709222222222207
CACNA1C-AS1,-0.028881088888888892
SDF2,-1.7354055555555554
USP19,-2.5108855555555554
ZNF768,-4.932755555555556
EDEM3,-2.101120555555555
MIR4724,0.0
MIR1280,0.0
KRCC1,-7.653427777777779
TLE6,-0.02212251111111113
TMEM108,-0.18560815555555554
IQSEC3,0.0034386727777777626
GLT25D1,11.807638888888885
RNF207,-0.6467011111111112
HUWE1,3.7117827777777777
ITM2A,-12.455504444444443
SLMAP,-1.153001111111113
TMC5,5.084010888888891
CYP2W1,12.787742944444444
FAM198A,-0.09058331111111112
CD3E,-6.974229999999999
HNRNPA3P1,0.0014536647777777783
KIAA0247,-3.223073888888889
SNORA70,89.8656611111111
MIR1197,0.0
BPIFB1,0.006319444444444444
EEF1E1,9.19909
ISG20,-5.637449444444448
KLHL23,3.6941661111111106
MYO10,1.7184494444444454
U2SURP,2.750520555555555
MIR1253,0.0
MIR655,0.0
FAM176B,1.4591455555555548
MIR4256,0.0
PKN3,1.0735981666666663
C11orf94,-0.0034646666666666645
LOC100133985,0.3572092388888889
RGR,0.06313162222222223
MACC1,5.786719222222223
IER5,-2.5184683333333364
LOC642929,-0.004230783333333333
PTK2,5.711111111111109
RNLS,-0.9705799999999996
AIP,-1.1932444444444492
SIX2,0.16094267777777782
TMEM191C,-0.16088377777777774
CDHR2,-12.327405100000002
ZNF513,-0.9321877777777772
OR2AP1,0.0
PPP1R17,-0.0008447055555555554
ZNF808,-0.4325965555555553
LINC00502,0.0
IGSF5,-0.06544150555555554
ELTD1,2.690756111111112
FAM41C,-0.01300147777777777
SEC24B-AS1,0.019984161111111065
VSX1,-0.016901805555555555
LRRC8B,0.5514872222222222
CLDN12,10.41355
GPT2,6.3431444444444445
FAM126A,0.352750277777778
LRRC31,-3.321813333333334
MFAP3L,0.4469778888888888
FCHO1,1.5284944444444446
C12orf54,0.01362928888888889
HIST1H2AC,4.249222222222215
C2orf78,0.0005567277777777778
C9orf66,-0.06787649444444449
OR4D5,-0.012538483333333331
MIR3677,0.0
CPSF3,5.1592755555555545
SERPINI2,0.00023273333333333375
SNORD66,0.0
BRI3BP,-0.1736616666666695
RIMS3,-0.016748388888888854
TRPM7,-1.152091111111111
PSMA1,27.966716666666684
POTEA,0.0
MUC22,0.00021421333333333334
VIT,-0.3030193388888889
CECR5,0.6683533333333322
INO80C,-1.9184244444444438
C8orf46,-0.026593672222222225
GPR174,-0.9224275
WNT9A,-0.22789755
APLF,0.4655722222222222
MIR875,0.0
ARRDC2,-0.8556449999999991
PHF2,0.11946055555555457
MLL5,-3.5148066666666633
PRAMEF14,0.0
GNAS-AS1,0.051058216666666656
SNAR-C4,0.0
SOCS2,-1.6232022222222229
UBE2DNL,-0.006611388888888887
EMC4,1.999861111111116
TRIM49,-0.00031739944444444446
GHRL,-0.031644000000000005
GSTA4,-0.1317505555555547
CCDC41,0.9466522222222216
NARF,0.9576999999999991
SNORA38B,-1.3879666666666668
GLYATL2,0.004403822222222228
ZXDB,0.8827105555555557
ZNF626,-0.2506317222222221
SNORD114-4,0.0
ZNF417,0.1742138888888891
RSPH4A,-0.018963255555555565
SMCP,-0.003783472222222222
C1orf85,2.8363277777777753
IL36G,0.020447805555555552
FIG4,-0.8433227777777779
KLRG2,0.2967003222222222
C11orf35,-0.622942888888889
LOC100240735,-0.05439511111111106
MST1P2,-4.823479944444445
NDUFAF2,10.982277777777778
PKD2,0.47896611111111165
ACD,2.417138333333334
MIR3912,0.0
REV3L,-0.459127222222222
ADIPOR2,-2.9494833333333297
PGK1,68.17299444444444
FAM86A,1.9044088888888888
SNORA5B,1.755
PCDHGA6,-0.012878055555555545
DPYD,-2.604403888888889
MIR3661,0.0
SNORD43,0.0
TMEM205,9.825866666666663
UBE2E3,0.019555555555552218
CLSTN1,-14.46563888888889
BANF1,22.706455555555543
WBP1,-4.203844444444439
COL27A1,2.551203777777778
C19orf52,1.0066972222222228
RPL13AP6,-0.011765527777777784
OR2T29,-0.0011964166666666668
PRR20B,0.0
RCAN3,0.5005688888888882
TMEM14C,1.6316777777777816
WISP2,-1.5311515555555553
LINC00461,-0.05475182222222222
TEX12,-0.02685325555555554
AMIGO3,-0.09314116666666661
ADA,1.0791066666666667
MIR596,0.0
TESPA1,-0.3980677166666667
LCA5,0.16426727777777778
LOC401127,-0.03147079444444445
CYP2F1,0.004747550000000003
FOXRED2,0.8545388333333332
LINC00470,-0.018459349999999996
OVGP1,0.7330914444444444
DAB2IP,-7.899377777777779
SERPINB9,1.4324177777777765
TFB1M,1.259379444444444
MIR378D1,0.0
CLCN4,0.6513107222222223
HMGN3,0.20833333333333215
DPP7,11.775188888888898
MIR4752,0.0
GJB7,-0.006906961111111115
LOC100507299,-0.04622897777777779
MT2A,-463.97286666666673
LOC100128252,-0.774256777777778
LOC440905,0.05617126266666667
FGGY,3.213790555555555
MYCL1,-0.5028526666666666
POLR3C,2.645451111111112
PKD1,-0.6205183333333313
SLC30A7,0.8290655555555553
FOXD2,-3.0845902777777763
SNAPC3,1.85066611111111
SPATS2,1.6873038888888878
ZNF830,0.23922222222222267
LOC96610,-5.624618333333332
MIR4723,0.0
ADCY5,-2.4345247222222213
DNER,-0.4677649055555555
CST3,-22.722000000000094
MARVELD3,-17.654698166666662
ACTR3BP5,0.0
CXorf36,1.4594338333333337
MIR517C,0.0
ALOX12P2,0.03164037777777778
FUNDC2,2.23308888888889
OR5B12,0.0003690055555555555
RPGRIP1,-0.029293448333333333
SLC16A12,-0.05017197222222223
PARVB,6.986361666666667
RPS6KA5,-1.4464872222222223
SPEF1,0.015428027777777777
TINAGL1,7.2026111111111035
AIDA,4.461377777777777
PWP1,4.132794444444444
LOC100271832,0.004901344444444445
KDM5A,0.15208277777777823
RREB1,-1.3880383333333324
KCTD6,0.7292261111111111
LOC285484,-0.029030183333333327
MIR138-1,0.0
NDUFAF5,0.664306666666667
LOC152742,0.0040389611111111105
OPRK1,-0.011724260555555557
CCDC102A,0.31305099999999975
HPGDS,-2.025215961111111
GZMH,0.02277555555555555
HIST1H3H,0.654544722222222
COX6B2,-0.9416246277777782
TBC1D19,0.22964166666666697
MAML1,-0.09293833333333357
FAM73A,-0.6810694444444447
NKX2-1,2.6478811777777778
PARK7,22.018544444444444
XRCC6BP1,-2.7021227777777783
CHRM4,-0.44472583888888895
MTL5,0.5797442777777779
ETV1,0.13086849999999983
GAL3ST2,-2.704444494444445
KIAA1432,-0.3332811111111105
HARS,0.6909333333333336
CEPT1,1.5706061111111111
PEBP1,-4.9524499999999705
GUSB,-3.2048222222222194
USP44,-0.029567827777777778
OR4K13,0.0
ENOPH1,9.266416666666665
HNRNPK,46.72177777777779
BGN,60.15783722222222
FAM46C,-12.526425555555555
MGP,10.613806111111117
12-Sep,-0.0032034944444444442
SLC7A4,0.1571879444444444
CBLN3,0.027643611111111133
GUCY2D,-0.0019223988888888884
SOAT2,0.04078596666666668
COMMD8,0.15237388888889036
VNN1,0.7510071111111112
MIR301A,0.0
RIC8B,0.08997055555555544
DGCR2,-9.749211111111105
MIR1227,0.0
LRRK2,-0.17353922222222218
MSS51,-0.06379866666666667
MIR4456,0.0
GNL2,5.260336111111108
SHF,0.6398106666666665
SNORA46,5.062288888888889
BGLAP,-2.192292293888889
LOC100130987,0.4760836111111115
OR5T1,0.0
RGS12,0.17079666666666737
CTPS2,2.975505
HECW2,0.4868368333333333
C11orf82,1.0154477611111112
LOC100130301,0.049745577777777786
FLJ46066,0.0
NBPF9,-0.435468888888888
SPTSSB,0.1547989555555555
TIGD4,0.12515556111111115
FANK1,-0.11473744444444467
IGFBP2,23.558182222222214
DDB2,0.14083388888888937
TRAK2,-4.082543888888889
NADK,-9.786111111111111
WNT4,0.05713450000000009
C9orf11,-0.0034052888888888924
SAMD1,0.8060072222222185
TBPL1,2.036840555555555
CLEC14A,1.232184444444445
EMC9,-0.21775611111111104
MIR499A,0.0
SERINC3,15.261294444444445
MIR1193,0.0
SFT2D1,2.956094444444446
SPARC,244.40934444444446
VHLL,0.006788438888888889
DISP2,-1.5045903888888892
LOC144742,0.0
ZNF560,0.0004901861111111106
PGR,-0.10145655
IL5,0.08085533333333333
ZNF264,-0.1165856666666667
MPP4,0.030081718888888886
PKDCC,-1.4670044444444414
TIAL1,0.0648377777777771
KIAA0930,1.83176888888889
MUT,-3.330880555555554
PLEKHB1,9.217583888888889
C19orf42,-0.5058388888888956
C3orf67,0.5342792000000001
S100A4,5.300794444444421
MIR18A,0.0
C9orf9,0.0767347777777776
LOC100506046,-0.1589991111111111
GTF2A1L,-0.14165782222222223
METRNL,-9.908682777777777
MIR33A,0.0
MLC1,0.045469522777777764
AKIRIN2-AS1,1.1903188888888891
PRMT10,-0.09310666666666645
ANKRD53,-0.08183927777777779
HIST1H4G,0.0
DAPL1,0.26880185
B3GNT7,-42.19373538888889
NKRF,2.5735650000000003
PADI2,-46.17280650000001
PPIH,10.784222222222223
MS4A6A,-6.66769166666667
TBC1D1,-1.990851666666666
ERI3,2.3795005555555573
HEBP2,5.054544444444446
SCARNA15,10.68811111111111
SLC10A5,-0.3364971944444446
ASPRV1,-0.09775983333333332
AKAP10,-0.8287172222222221
HSD17B4,2.3711111111111123
KIF11,2.7597456666666664
USH1G,-0.04695910944444445
TEKT1,-0.0008405999999999999
CAMKK1,0.6636016666666671
C17orf110,-2.3685640055555557
HDAC10,-0.4661416666666671
CIB2,-0.6503231111111112
PFKL,-19.888427777777764
FTSJD2,2.0473527777777747
PNPLA1,0.12046651666666666
FAM194A,-0.007650627777777776
LDHAL6A,0.0004672333333333341
RXFP3,0.02284742777777778
SEMG2,0.0013763611111111116
DHX15,9.791249999999998
FUT1,0.9838929444444446
LHFPL4,-0.2074269033333334
PLCXD1,-0.5107861111111114
RANBP3,1.6902611111111092
ZNF652,-0.33384166666666637
RAB43,-1.0415705555555546
LRRC1,-8.638399444444444
HBM,-0.029677944444444444
SNORA36A,7.603211111111111
FAM9A,-0.0018508222222222222
SLC4A1,-0.002437408888888889
GSTTP2,0.0020676444444444448
FIS1,7.893894444444442
LOC202781,0.9642088888888889
CTPS1,5.474815555555555
RANBP6,0.7975927777777772
SNORD32B,0.0
PDZD11,1.8630222222222237
LINC00552,0.008879460000000002
ACO1,1.0939477777777764
TARBP1,2.818388888888889
FAM159B,-0.0005869722222222214
ZMPSTE24,1.5909111111111116
SLC38A4,-1.218702772222222
NCKAP5,-0.15891895
IDI1,2.282845000000002
JUNB,-0.20732777777777756
LSMD1,-2.9434366666666687
CD59,4.399511111111114
LSP1P3,0.0
MIR198,0.0
CAV3,-0.04817191666666667
KCNT1,0.10817306333333332
ADCK1,0.5518261111111102
MIR3688-2,0.0
MAPRE3,-2.1791205555555555
OR2A42,-0.025256433333333342
MELK,5.619148388888888
FTCD,0.011258061111111106
RHAG,-0.02205287777777778
ARMC2,0.23896666666666672
DAZAP2,-38.20253333333335
LOC100506025,0.005076799999999999
SPATA13,2.9196216666666652
ATP8B3,-0.004898261111111135
AEBP2,1.2302788888888898
CCNG2,-4.676605000000002
DNAI1,-0.002069419444444445
KIAA0895,0.8891726666666666
NCF2,1.949545555555555
FAM24B-CUZD1,0.006754560555555546
FAM45B,-1.4064244444444451
OR2J2,0.0
ABT1,3.5104055555555522
PPIE,0.8489777777777796
CDS2,0.3690605555555555
ARHGAP36,-0.03654351111111112
SLC25A32,5.685921666666666
SEL1L,-5.179965555555555
GFM2,-0.8525344444444434
IL1R2,-19.106002055555557
CBWD5,1.371661
FLJ43663,0.41576388888888893
PARP1,5.371527777777779
SLC22A13,-0.004716738888888884
CNTN1,-1.0023558233333334
MIR3609,0.0
SRSF8,-0.46673111111111076
STAM2,-1.040350000000001
DCX,0.00036893444444444437
ARGFXP2,0.01196302222222221
BST1,-2.120119166666667
IFIT5,0.1711349999999996
HSD52,0.0584017388888889
TMEM80,-1.1939977777777786
LOC100506888,0.0
ZMYM5,1.3805566666666658
ZNF12,1.6416161111111114
RNASEH1,2.279679444444443
RPRM,0.011853105555555521
HSD11B1L,0.2095255555555553
GPR149,-0.006648594444444444
GPR75-ASB3,0.015117251666666666
LIAS,-0.7316983333333322
LMO7,7.744363333333334
FCHSD2,0.3054622222222214
LOC641746,0.0
OR1L3,0.0
AEN,3.89105
NOM1,1.402629444444444
FREM3,-0.0012244955555555557
PARD6G,-0.024672555555555586
QRICH2,-0.04147566666666669
RAB27A,-5.252826111111112
FAM109A,-0.8012055555555548
RCBTB2,-0.28696500000000036
GIPR,-0.914625222222222
ISL2,-0.12039713888888887
PCP2,0.05217141111111112
TMEM211,1.9788341666666667
ZNF827,0.09472388888888883
DPYSL3,6.719081111111112
MIR4686,0.0
MUC21,0.0018157094444444443
OR8G5,-0.040197
SLC37A3,3.9304611111111143
ZSCAN5A,-0.06473083333333318
STARD6,0.007306000000000001
PHF5A,5.229105555555556
GAPDH,415.8753333333334
MIR125B2,0.0
TRAF4,2.1824455555555566
MAGEA10,0.0006966999999999999
SCARF2,2.0743375
H2AFZ,55.05011111111108
ZNF362,-0.37858500000000017
BBS2,-0.13989222222222075
ERCC2,1.289641111111112
HSPA8,166.62016666666676
LY6G6F,0.09685725555555555
PLA2G4A,0.1794858888888884
LINC00282,0.010140375555555563
LOC285629,0.0561907888888889
LOC390858,0.032814888888888886
FNDC8,0.08020247222222221
LRRC37A4P,-0.053220555555555826
MYOC,-1.2746588722222225
PRR5-ARHGAP8,-0.027264053500000007
TAF7L,0.02085678888888889
DENND1C,-4.412416111111112
VDAC1,24.446388888888904
LOC100130155,0.0
ZIC2,0.22220257777777774
LOC100507240,0.002559161111111114
PDE10A,0.23913861111111112
ITM2B,-62.35588888888887
RNF26,1.167323333333334
CRYGB,0.0
HSF5,-0.0004644327777777787
FAM215A,0.02261146111111112
GPATCH8,0.5296927777777771
KIAA1751,0.07921589277777778
TG,0.5177373666666666
TMEM185A,-0.35169999999999924
TUBB2A,-2.4738488888888917
PTPN14,0.5156324444444444
MXD4,-4.861908333333336
POLR3K,10.907493333333335
FAM174B,-0.7665861111111116
C4orf19,-7.362071833333334
SLC16A7,-0.08231466111111119
C11orf74,0.6349805555555559
LOC100506462,0.008967916666666666
WDR16,0.01615716111111111
PAFAH1B2,3.4303999999999952
NF1,0.768515555555557
SLITRK3,-0.16969657222222229
DOK6,0.01992966111111108
ARHGEF15,0.8513693333333334
MIR572,0.0
ZNF20,-0.038270222222222205
FBXO31,-0.11229777777777628
SNORD49A,0.0
GON4L,0.43879944444444297
WARS,11.060749999999999
PDLIM7,2.720310000000005
PIGP,2.9602972222222252
ZCCHC4,0.3680194444444447
KRTAP19-5,0.0
BOC,0.8828294444444444
ABHD4,-2.4709488888888904
ALDH1A2,0.1632825333333333
MIR4329,0.0
MYOM3,1.3655264444444444
RASAL3,-1.3530936666666662
ARHGEF26-AS1,-0.04151533333333334
SLFNL1,0.01988953888888889
TAS2R3,0.006090083333333336
RPL6,80.54183333333333
CPXCR1,0.0
AHCY,65.2311888888889
ASF1A,0.020796666666665686
C12orf75,5.671231111111112
LOC145216,-0.01280892777777777
MRPL23,7.479305555555555
LOC730755,0.013908122222222223
PES1,7.0201777777777785
ENDOG,-2.303811111111111
RESP18,0.0
GJA3,0.07377878888888889
MIR589,0.0
PTPLA,0.2911951666666668
SCN4B,-0.6514348333333333
SNORD58C,0.0
TAF5L,-0.04790777777777855
C1orf216,0.40378500000000006
TTC26,1.2700675000000001
NPFF,-0.12426872222222224
TAF11,0.8140944444444447
WNK4,0.6311964444444431
SNORD35A,0.0
OGFOD1,4.026577222222223
PPP1R36,-1.682970555555555
CACNG2,-0.008405277777777777
CNIH3,0.5317126333333333
SLC7A14,-0.11638941166666665
NBPF24,-1.1616805555555554
SNORA15,55.110633333333325
C19orf80,-0.019900388888888898
MIR520H,0.0
TMEM117,0.7280344444444444
CSDC2,0.5091730944444445
DSTNP2,0.667159111111111
LOC100130238,0.02367121555555554
USP17,0.0005932828333333334
ZNF648,0.0015382438888888877
LOC100286793,0.5508316111111107
PFAS,1.2394722222222216
CST4,0.19132191611111113
HIBCH,-5.395127222222225
LOC100505666,0.11717838888888865
HMGA1,94.17293333333333
LOC100506393,0.023966999999999995
LRP1,1.2466555555555594
RAB28,-0.2898522222222226
CROT,-2.3337249999999994
JOSD2,-0.23778111111111144
TBC1D9,-2.125145555555556
CAMSAP1,1.4429600000000002
ATP6V0E2,-0.004232944444444442
C16orf86,-0.21376822222222225
LOC728463,0.004878672222222222
C2orf82,8.755166944444444
CCDC42B,0.4923240555555557
WRAP53,0.20706444444444427
KRBA1,-0.06971144444444444
SNORD46,0.0
CDK11B,-2.2071611111111125
LOC641367,0.01345515555555556
KLHDC10,1.8346405555555565
MIR5688,0.0
MIR4470,0.0
OCSTAMP,0.003700244444444444
GMPPA,0.31901111111110936
MAPKAPK5-AS1,-0.03651944444444233
TBX5,0.005208069999999999
AJUBA,3.9423799444444447
APEH,2.3030277777777783
DHCR24,-4.493987222222216
C7orf65,0.001235511111111111
C11orf2,-11.57204444444443
DNAJB6,12.526472222222225
FOXI1,-0.04165320555555556
CLMP,-0.9291736111111106
IKBIP,1.5664383333333332
LOC255654,-0.0020910666666666667
MMP8,0.18402487222222222
PIK3C2G,-0.04083869999999999
SARM1,-0.10578555555555536
SMYD4,-0.3415672222222228
AMDHD1,0.04091954999999997
HES3,0.0
APOA5,-0.001640355555555556
TPTE2P6,-0.03717132777777776
SPRN,-0.1111376666666668
MSH4,-0.0006063261111111107
WDHD1,1.045046277777778
LIF,2.9575394444444445
AURKAIP1,-10.170799999999993
LOC284100,-0.022806083333333338
RASGEF1B,-0.523549444444444
FBXW12,-0.003875311111111111
WDSUB1,0.025484999999999758
LILRB1,-0.7246506111111106
SCAF4,0.9303427777777795
EHMT1,0.8145611111111091
CHAT,-0.18619926666666667
LOC375196,0.028283311111111098
NCBP1,3.6331249999999997
PARVG,-1.8362633333333336
ADRA2C,0.766671733333333
SLC25A13,1.0531344444444457
SPIN1,1.8872611111111155
CHI3L2,0.6630338611111111
MIR4754,0.0
OR12D3,0.0
ACOT2,-6.265067777777777
MIR186,0.0
OR7G3,0.0
ALKBH4,-0.11482166666666682
TUBB6,4.188402222222223
SPEG,-2.261958777777777
MIR483,0.0
BEX4,-4.67146611111111
MGC16142,0.06406697777777781
SNORD57,0.0
TIMM8A,3.3585938888888887
LOC400027,-1.247121666666665
MAB21L2,-1.7068728888888902
MIR200C,0.0
LMAN2,1.3845000000000027
CPSF3L,-1.8450666666666642
GABRG1,-0.024233405555555556
GNAI3,1.051283333333334
DIO1,-0.007402527777777775
HERC1,-0.637607222222222
CORT,-0.040334783333333346
METTL2A,0.5904016666666676
MGC45922,-0.01906063333333334
AKR1C3,-26.846372777777773
KBTBD13,-0.022402319444444447
PPP2R4,9.409866666666666
FABP12,0.0
MGST3,-33.53311666666666
MUC6,0.0632724888888889
LOC646278,-0.03295612222222216
HAS2-AS1,0.014246055555555581
OR9G1,0.0
STAG3L1,0.11434222222222212
SYNJ2BP,-2.7357000000000014
ZNF512B,-0.15820616666666654
GCA,1.1675361111111089
LOC100505676,-0.026037022222222227
ELANE,-0.2702556833333333
MIR624,0.0
LOC100287765,0.16476138888888892
PP2D1,-0.02019212222222222
ANTXRL,-0.0033576722222222223
ZNF708,0.2522857222222221
CRYM,-1.4228428333333332
LOC643733,-0.6800118333333329
NDUFB10,-20.400644444444453
CDC42,-29.02028333333334
DPYS,0.07688282777777775
HNRNPM,19.16013333333332
GPR31,-0.055032472222222226
CCDC150,0.15859470555555555
C17orf57,0.061619849999999976
SCG5,-0.9483618333333332
SOX6,0.19612497222222225
VOPP1,4.500422222222227
MIR1179,0.0
SLA,-0.21455666666666673
RNF182,0.5022078055555557
ABCG8,0.03117249444444445
TMEM69,0.641483333333337
ASF1B,8.701931666666665
MIR9-1,0.0
FAM163A,-0.16943007222222223
SNORA13,5.0922833333333335
SNRK,-0.5720294444444454
KDM4A,-2.8843433333333337
ITGA2,7.413862777777778
DUSP10,1.956992944444444
KIF1C,-12.126577777777776
LOC285074,0.23966777777777626
MIR613,0.0
MIR377,0.0
PDCD10,1.3310055555555564
LOC100505659,0.002023272222222222
HMGCS2,-161.4405717777778
PEG10,-0.37072650000000007
ZNF653,0.07639833333333357
LINC00535,0.00390002777777778
LRRC73,0.27532208333333336
NDUFC2,-2.90870555555556
OR7D2,0.0010071316666666712
ZFP30,0.28787283333333336
ZDHHC7,-10.340511111111116
RSAD2,-0.01854961111111031
LIPF,0.0
ANKS1B,-0.18130566944444448
EMP1,-32.571638888888884
MAGEC3,-0.0010134333333333334
CARS2,6.426571111111111
KIF6,-0.016666207222222215
ECRP,-0.0050795244444444484
MEGF10,-0.08386606333333334
OR2H2,-0.010891555555555552
LOC283033,0.00226985
ILK,-2.3481888888888847
RPL21,110.19433277777776
FAM115A,1.6517722222222222
MIR301B,0.0
TMEM206,2.3738738888888893
WNT11,2.792009666666666
DEFA6,16.143215888888886
GUCY1B3,1.704010555555556
KRTAP12-4,0.0
RPN2,49.865255555555564
SLC25A6,3.353444444444392
SMC1B,0.04906903944444444
OR5AC2,0.0
WDR85,1.1121861111111109
CEP70,-2.360934666666667
FLT4,0.6533264444444447
LOC100289673,0.0001418055555555556
ZNF621,0.507363888888889
MRPL11,2.1943388888888897
SERPINE1,12.58104938888889
XPNPEP1,1.8177499999999966
MIR5189,0.0
ERO1L,9.41869
LIG1,3.064232222222225
MIMT1,-0.006899627777777776
IL1RL2,0.3601797777777778
MAGEB16,0.0
RPL13AP3,0.003041509577777778
MIR521-2,0.0
WBP2,-9.522372222222216
KRT83,0.020800888888888886
SNORD113-1,0.0
CHST5,-15.70320622222222
FOXO4,-4.741671111111113
GFI1,-1.582473388888889
APITD1-CORT,0.013453713499999992
KRTAP5-7,-0.011206572222222221
TREML3P,0.05212248333333333
LOC400043,-0.33721992777777776
PAK1IP1,5.595765
LGI2,0.39997927777777775
PIR,1.1374994444444444
BASP1P1,0.0010749222222222223
LONRF2,-0.1730517272222222
LOC732275,0.0011518116666666665
ZNF48,0.6227038888888883
MITF,-0.07236788888888923
PEX7,1.8058361111111116
FBXO9,-0.40718666666666703
ZNF625-ZNF20,0.042168996277777766
LRRC14,1.1123450000000012
MRPL32,12.774200000000004
LOC284215,0.003316794444444445
KIF21A,-0.5001699999999998
AIFM2,-0.44360111111111244
TIMM10,10.908194444444447
TP53I11,7.43396111111111
LOC644242,0.11817883333333334
MIR548Y,0.0
CHST6,-0.13124385555555557
CLCF1,1.2376461111111112
UQCRC1,-60.650861111111084
IL1RAPL1,-0.02008942222222223
LOC151009,1.0255383333333334
LEPR,-0.2942606666666665
LOC283553,-0.007232744444444442
LOC285768,0.030728027777777785
LOC283914,0.0
MARK3,0.12251055555555368
METTL20,-0.27694705555555554
MIR3193,0.0
HIST1H3D,0.7902856611111111
CALML3,0.20029731666666667
ECHS1,-18.12885
AVEN,1.7895938888888887
MIR4267,0.0
LOC284889,13.694611111111108
ATP5D,-21.29677777777779
EXOC8,-0.11121055555555559
C1orf35,1.100639444444444
FAM20C,2.6661744444444446
LOC145837,-0.0568399166666671
LOC257358,-0.013325300000000002
MIR4450,0.0
MIR504,0.0
NUMB,-6.479938888888892
SPINK8,-0.007581722222222222
UBAP1,3.1866611111111105
ARMCX5-GPRASP2,0.14042327777777786
ZFR2,-0.05313515944444445
CD27-AS1,0.3525966666666669
RELN,-0.17258004111111103
ABHD14A-ACY1,0.08087685761111114
ABCF3,0.7237111111111112
GIN1,-0.16391066666666676
NEGR1-IT1,0.0
UPF2,0.6959194444444439
ZGPAT,3.039800555555553
ATP6V1G2,-0.04943473333333333
AIPL1,0.0007795833333333333
CEP41,0.8665827777777775
OR2T35,0.004446877777777778
UBE2W,1.8532205555555565
GRIN2C,0.10890319444444446
LOC100287036,0.020757472222222226
DLST,-9.631061111111116
MCHR1,0.05335075555555559
LOC100506060,-0.031604444444444546
NDRG2,-30.993583333333333
GLDN,-2.1909397555555556
H3F3AP4,-17.01750000000004
ZNF699,0.03861216666666667
PARP2,1.7820288888888882
LOC284294,0.0033818
BPIFB2,0.039126527777777774
QSOX1,-16.45487777777778
SNORD83A,0.0
KIAA1324L,-1.058737277777778
CLEC1B,0.011147866666666666
KRTAP10-12,-0.00421633888888889
RHOG,-5.812594444444439
SNORD36A,0.0
ST7L,0.2854983333333334
ZDHHC1,1.1202761111111115
MIR548D2,0.0
NANOS2,-0.0003262166666666666
SPATA8,0.00327355
DGCR11,-0.10336705555555559
C9orf139,-0.0014788422222222278
EIF3B,32.3544
HIST1H3F,0.005813555555555544
LOC348761,0.09301882777777776
TCEA2,-0.1704190555555556
LAX1,-0.9438185000000002
LINC00441,0.02661219444444444
MIR4458,0.0
GALNT8,-0.943034622222223
PSORS1C1,0.059848772222222124
LOC100133315,-0.00784561111111115
SCRN1,6.331980000000001
RAPSN,-0.026525511111111115
LOC100240734,-0.014947888888888887
STMN2,-9.002842833333334
HIST1H2AA,0.0
MIR4722,0.0
FSCN1,13.540709999999999
TMPRSS7,0.011872016666666665
XRCC1,3.7150744444444452
BEGAIN,-0.08863234444444446
LAMC1,5.951456111111112
LOC100506033,-0.039343888888888845
LOC149086,-0.011929783333333333
MIR4479,0.0
TAF3,0.21314555555555592
AHSA2,-0.34740277777777884
TBC1D15,0.21565999999999974
FANCF,2.986590555555556
CTAGE4,-0.06380644444444394
TOP2A,10.894691111111113
TPRA1,1.8329722222222244
NCKAP5L,0.661254833333333
MTERFD3,-0.27128333333333376
LOC728407,0.21553461111111116
FLJ40194,0.0
FASLG,-0.44805837777777774
LOC100505806,2.9471194444444446
MIR657,0.0
DMKN,2.0042759444444447
LOC286367,-0.052334405555555574
PHF16,2.281099444444444
PPL,1.42809
PPP1R10,-0.2792483333333351
RHPN1,3.636732111111111
TBC1D7,2.4060655555555543
C14orf23,-0.013580227777777776
TPX2,15.054568888888888
PCDH15,0.0011626461111111114
ZNF26,0.23499000000000003
CCNA1,-0.05494736111111111
PLEKHG4,2.904841666666667
R3HDM1,2.1272094444444436
RPS24,339.52461111111097
FOXN3,-3.910877222222224
SLC25A38,-2.8396066666666684
HOXD-AS1,-5.692904944444444
LOC283194,0.003107144444444449
PLEKHH1,-1.977678888888887
L3MBTL1,0.14332238888888893
ABCD4,-2.341690555555557
CALCR,-0.0056719611111111165
LOC100505695,0.41051692777777776
PAR5,-0.11953340555555553
PCDH8,0.07319926111111111
CLIC3,1.8211929444444435
EFCAB3,0.10605065000000001
TRIM3,-1.609064444444443
YIPF7,0.004278294444444445
NLRP3,0.04159194444444436
TLE1,-0.4507327777777803
ZDHHC22,-0.1299617938888889
CNIH4,8.03671666666667
DEFT1P2,0.0
DAGLA,0.6246972222222236
ADIG,0.0
FKBP1B,-2.8101450000000003
LOC100507140,0.005629222222222223
LYVE1,-4.521871388888889
PLCD1,-10.544032222222224
CC2D1B,-1.0452500000000002
ZNF862,-0.3798933888888889
TNFRSF8,0.2188563944444445
HIST1H2AH,0.16622105555555555
KNTC1,0.8674871111111109
PWWP2B,-6.3346011111111125
CHGB,0.16943082222222206
HSCB,-0.46525444444444375
OR11L1,0.0
RUNDC3B,-1.2209423222222218
PPID,4.850341666666669
KCNH6,-0.06579568333333333
SEC14L1,-0.6817577777777775
CALU,18.89473944444445
OR5B21,-0.00033213333333333324
APBA2,0.13301333333333332
RBM26,3.9561022222222224
LOC283688,0.0
NR1H2,-8.218788888888888
CD44,22.66132777777777
PNPO,2.9252822222222203
NCR3LG1,1.551454555555556
SNORD56B,0.0
LOC146481,0.0
CYTH3,-0.21811833333333297
SLC35C2,6.086738888888888
OR1J1,0.004187605555555555
DNAJC25,0.3321983333333334
OAZ3,0.36493461111111136
RASL10B,0.7546377555555555
ANKRD13B,2.1369882777777773
CMAHP,-2.338552166666667
C10orf67,0.05145315000000002
MS4A5,0.0
NXF5,0.0056676344444444434
PRUNE2,0.8149368333333338
SLC22A17,-2.185900611111112
CCDC56,-7.575838888888882
CCDC88C,-1.7309872222222218
CD300LF,-0.391081
H2AFY,13.750161111111098
C20orf173,0.0034257666666666665
FGFR1OP,1.446348333333333
ASGR2,-0.008854016666666631
GLRX3,12.569377777777778
CCL11,3.464733333333333
LTBP2,2.5382977777777773
MIR375,0.0
DDX1,4.496977777777779
KIAA1967,-0.4220777777777798
BRS3,-0.0047367
LOC100288814,-0.0032079111111111124
ACSL1,2.965601666666667
NOP10,2.930500000000009
DMWD,0.5265372222222213
PRPF3,2.6063827777777773
SIGLEC5,0.06381950000000003
SNORD113-9,0.0
TUBA4A,12.091027777777775
NBN,3.7929255555555565
NIPAL4,0.07425654999999998
DHX32,-2.954113888888891
TMEM72-AS1,-0.004847051666666671
KRTAP4-12,-0.0030673555555555555
APLNR,4.983626666666668
CLEC4G,0.3550761055555557
MMP15,-11.99169055555555
CPAMD8,-0.090056835
PDIK1L,-0.5619877777777784
DKFZP434H168,0.0018352
TASP1,1.8573216666666674
TRIAP1,4.054483333333332
SNORD87,0.0
MIR4482-1,0.0
RFC2,3.815750555555554
CORO6,-0.2573104388888889
KCNJ18,-0.030357671388888893
C1orf100,-0.016357216666666667
CCDC120,0.9536366666666662
CEP85L,-0.2883503333333334
HSBP1,7.584722222222219
HYDIN,0.08087641166666666
UVSSA,-0.06959361111111106
DRG2,0.05222722222222487
APLN,2.2019357777777775
PPP4R4,0.011721155555555557
CSDA,16.17369444444445
TLR8,-0.16643527222222232
UNG,0.6368583333333326
LOC339685,0.0
MTG1,-0.9114049999999985
LAPTM4A,-0.11288888888884685
BCAR1,-6.141372222222223
AVP,0.0
HSPH1,28.16567666666667
C8orf44-SGK3,0.012885277777777704
MIR323B,0.0
MIR3529,0.0
SAP30,2.25891888888889
TYROBP,-5.157896666666666
ZNHIT1,3.601738888888889
HTATIP2,-10.264599999999994
LOC100130849,0.0
CTAGE5,-3.8830644444444413
LILRA2,0.12446088888888879
LRP5,0.864849999999997
GPR173,-0.004696722222222227
CTBP2,4.303416666666667
C17orf69,-0.021771944444444302
SEL1L3,-0.9904888888888905
TMEM168,-0.3040705555555512
SEC16A,2.9726538888888907
MAP1LC3B2,0.07814588888888918
MIR3165,0.0
MAGEA4,0.055053594444444444
FAM122A,-0.2965327777777773
RNF40,0.49695555555555515
GFPT1,2.039972222222225
MIR4280,0.0
METTL1,5.5258166666666675
ZNFX1-AS1,60.81373333333332
ANKS6,2.027374444444444
CSTF3,7.0324944444444455
C7orf55,-4.108944444444447
EIF2AK1,11.812022222222229
IP6K1,-0.47991444444444475
LMBR1,4.130328888888888
MST4,2.213541111111109
TH1L,22.925183333333333
GPR137B,1.2856427777777775
TMEM74B,2.547907611111112
SIGLEC6,-0.5153835
GTF2H2C,-0.1251325000000003
ADAMTSL3,-0.544550122222222
LOC728066,0.29632893683333306
TRIM47,0.42903388888888827
IFI6,66.95185000000001
MIR3127,0.0
FAM20A,0.35981988888888883
DNAJB7,-0.00762963333333333
TFAP2E,0.03678508333333341
LUC7L2,5.506155555555559
PIK3CA,0.35716388888888817
RPL8,744.7322222222224
SHQ1,0.8182783333333328
C2orf91,0.00207713611111111
ALDH3B2,0.30323164444444445
GCDH,1.452386111111112
MIR3198-2,0.0
STK35,1.678399999999999
HTR1D,1.574228888888889
LOC100506385,0.035608099999999976
EIF3CL,0.2891653009444444
FIGNL1,2.5252972222222216
KLHL5,0.9276943888888889
C1QTNF1,3.13318111111111
C5orf49,0.003299161111111122
GPER,-2.664454111111111
MYH7,-0.0026910438888888884
CMPK1,-4.359083333333345
SYTL2,-15.466820555555557
HERPUD1,-19.6669611111111
TPSB2,-20.448492222222225
UBASH3B,0.2172928888888891
PPP1R16B,-1.350033222222222
FLJ42627,-0.6822171111111113
GRSF1,1.4756583333333353
EFCAB7,0.32060255555555517
ZDHHC17,-0.09691944444444545
TMEM182,0.713361611111111
LOC643837,-0.2141746666666664
ZNF335,0.4151166666666666
ZNF234,0.09927666666666668
FSD2,0.0011448983333333335
GRIN2D,3.1011142944444448
FEZ2,-5.539247777777778
LINC00085,0.059812444444444446
PHIP,0.2548477777777771
TMEM26,0.05002405555555556
DNAJC21,0.9508516666666686
DNAJC9-AS1,-0.013650877777777778
MIR4748,0.0
HTRA3,10.463786666666664
EIF1AX,13.364888888888885
GGT8P,-0.3391478611111111
LRRC72,0.0
KIAA1257,0.6671627833333332
SYN2,-0.27314984944444454
CIAPIN1,5.049261111111109
PPP2R1B,1.9285344444444448
CDX1,-29.95675322222222
SCN10A,-0.0011673694444444445
TMC7,0.7852029999999997
PRKAG3,0.000736661111111111
TBC1D5,1.2615699999999999
BTBD9,-0.8017550000000009
KRTAP6-1,0.0
CCDC65,-0.01929031111111111
CFD,-86.38961888888889
OBP2A,0.022467916666666667
C10orf120,0.0
CCKBR,-0.0007002222222222245
NCOR2,2.588281666666669
SNORD115-25,0.0
AGXT2L2,-13.100476111111107
LEPRE1,3.9402455555555567
SMR3A,0.0
PEX5L,-0.001505105555555556
SUZ12,1.8670800000000014
FGD5-AS1,-7.10748333333332
C2CD4C,0.09457958888888884
FAM86EP,0.14074733333333345
MBIP,2.368066111111111
SLC6A10P,-0.03625254833333333
SNORD54,0.0
LOC100507489,0.0026239166666666668
MC3R,0.0
ZNF343,1.0318183333333333
ITPRIPL1,0.008935777777777876
MITD1,2.0908516666666674
SREBF2,-6.9299555555555585
FAM198B,3.9004605555555543
CCNB3,-0.008782880000000007
MSH2,3.5348644444444437
SNORD108,0.0
NLGN1,-0.048416537222222195
SPACA5,-0.004964231166666666
SHANK1,0.02450168333333333
RBM22,0.6571366666666645
TBC1D17,-3.001899444444444
ZNF239,1.7110466666666664
EML3,0.6892511111111119
RPS5,123.83394444444451
MIR4480,0.0
CREG1,4.665866666666666
CRP,-0.2648125555555555
ALDH4A1,3.8087750000000007
GDI2,18.26620555555556
POTEE,0.01033763722222222
DNAJC5G,-0.009254516666666667
PMEL,-0.0024121111111112814
C7orf49,0.9117283333333344
DIRAS1,-0.32513025000000007
C5orf43,-0.19941666666665725
LHX4,-0.1501371333333334
MNDA,0.9948518888888889
IRF5,-0.4585016111111111
NXT1,7.253657222222222
PRKAR1B,7.192338333333334
MRFAP1,3.971211111111117
AMY1B,0.00007807467777777778
FAM86DP,0.5727359444444446
SEMA7A,0.6394305
SLC16A5,-3.484429444444446
SLC6A6,9.593740555555557
PKD2L2,-0.13938966666666652
LINC00499,0.008613833333333333
TBRG1,-0.430773888888889
TMPO,4.845111111111116
FAM83D,8.431266666666668
PGM3,4.819497222222219
ZBTB43,-0.02357722222222236
SSTR1,-2.677767888888889
FAM116B,-0.6502336666666668
DUSP23,-0.2849444444444451
SPNS2,4.258848888888889
ZNF354A,0.39681722222222193
EYA3,0.6863388888888888
ZNF658,-0.23950661111111116
ZNF696,1.1597261111111106
PNISR,-1.870118888888891
RAB11B,-6.376122222222222
APCDD1L,-0.0985677722222223
PLAC8,-115.17481277777779
TRIM69,-0.08635278888888892
SLC26A1,-0.073224611111111
SNORD115-14,0.0
ANAPC13,8.449294444444444
CYP2D6,-1.5434284999999999
CIRBP,-40.31835000000001
DAZ1,-0.00015523327777777784
DCTN2,-5.729577777777777
FLJ44511,0.0870312555555555
PEX11A,-5.147323888888889
CLDN23,-39.657493333333335
CYP2G1P,-0.00040350555555555487
SLC6A9,-3.5095583333333327
CLEC4F,-0.05122881111111108
WDR33,1.2590183333333336
SLC12A1,-0.012482672777777778
AP4S1,-0.34876483333333375
MPLKIP,12.986488888888886
PCSK9,6.096520222222221
DCAF4L1,0.00017738555555555507
DPP3,2.557782777777774
APOE,-20.877977777777772
LOC100132832,-0.2681283333333333
OR5M3,0.0
HOXD-AS2,-0.22541512222222226
ETV4,22.338979055555555
MIR3914-1,0.0
PRCC,1.6622611111111105
TM4SF1,39.763466666666666
PRTFDC1,2.919966666666668
TMEM38A,-0.26464866666666653
CIDEC,-3.5566988111111115
TTTY21B,0.0
FCRL6,-0.16891261111111117
SNRK-AS1,-0.816122222222222
RANBP2,2.712401111111113
ITGA10,-0.02134958333333334
ENSA,-4.33307777777776
AMELY,-0.003907594444444445
PRAMEF17,0.0
CRY1,0.768728888888889
HMGB4,0.0
LOC728643,-0.42079429655555545
COA1,8.601680555555559
N6AMT2,3.234877222222222
NUDT7,-1.6156233333333327
WDR81,-0.5984405555555554
NAV2-AS4,0.0017825888888888888
PCLO,-0.14220011111111114
CADM4,0.6534194444444443
NCRNA00185,-0.06323297777777775
OR4F4,0.0
TMEM143,-0.6315283333333337
OMG,-0.027472877777777793
TMEM87B,-2.2297027777777814
CCDC78,0.42817856666666654
RAD21L1,0.0
TSPO2,0.22325859444444446
GOT1L1,0.0
CDC5L,2.467567777777778
MCOLN2,-3.585474722222222
CCDC36,0.0015645499999999979
ARPC1B,37.5056888888889
OPALIN,0.0
C17orf98,0.006283944444444444
KCNB2,-0.014520375555555562
LOC100505776,0.0
CHP2,-111.18262472222222
MIR329-2,0.0
NAP1L4,7.330661111111105
PHYHD1,-0.06417055555555562
PDIA3,25.461666666666645
RPS8,66.96333333333348
LOC729020,-0.00026942844444444516
BYSL,5.491586111111111
DLG2,-0.11750301111111114
MIR1277,0.0
GALM,-9.702978333333338
LOC100130899,0.07434188888888915
ASPH,11.753666666666668
MIR512-1,0.0
TCF12,2.580238333333334
MIR2053,0.0
USP40,1.0438005555555554
MDH1,-14.956277777777771
C11orf52,-1.167270499999999
EXOSC6,1.622337777777778
CD7,-4.287415
03-Mar,-3.292791666666667
MIR3620,0.0
OR7E37P,0.02048876694444443
PACS1,2.7580633333333333
RPS2P32,0.0047523722222222176
COMMD6,12.990972222222211
EIF3J,8.113149999999997
GRIPAP1,-0.049157222222222074
C15orf63,6.865905555555557
EIF4EBP1,15.684822222222223
LRRC7,-0.05177146444444444
MCCC2,3.66246111111111
OR6S1,0.0
PPP2R2B,-0.22315818888888883
LOC284837,0.15018218333333339
MIR3615,0.0
ADCYAP1R1,-0.12512518333333328
FADS2,4.191840555555555
SPATA7,0.2526333333333337
MPHOSPH9,0.3005271666666667
ZNF429,-0.13325699999999996
DDHD2,-0.23252111111111162
AAMP,1.9828166666666576
OR10J5,0.0
NT5C1A,0.00426537777777778
OR10A2,0.0038857888888888885
CEACAM4,0.15288452777777778
AKT1,-1.8084388888888867
CASP10,-2.3258122222222246
HLA-B,-306.84916666666663
RSL24D1,12.807394444444448
ZNF600,0.5031283333333332
SNORA70G,0.0
DDN,0.42017573722222223
LIPA,-5.780566666666669
FGF20,0.3396546611111111
LOC151475,-0.01711197777777778
CACNA2D4,-0.21380738888888884
IL17RE,-5.49420111111111
ARL5A,3.9481288888888866
UROS,2.83119111111111
CMC2,3.808458888888886
SNORD115-5,0.0
PSME4,3.2184977777777766
TMTC2,0.7797350000000014
ARHGAP24,0.041199333333333366
C14orf39,-0.005127316666666664
CAPN6,2.0384259444444446
GLUD1P3,-0.1224993333333333
HDAC4,-0.001995000000000413
ARL14,-11.449340211111107
LOC642236,0.013833072777777788
HSD17B7,3.2181516666666665
PGM5,-7.342015999999999
NUF2,3.363493888888889
SVEP1,-0.46962544444444454
TSHZ3,-0.13611127777777754
NAAA,-31.157197222222226
FSTL4,0.016940242222222228
FLJ46300,0.0018077866666666666
EEF1DP3,-0.028817877777777806
GOLGA8E,-0.045543420000000015
ATP13A2,1.9775372222222227
MGST2,-4.710705555555549
C4orf29,-0.2788303333333326
RBM25,0.5330499999999994
THNSL2,1.1590966666666658
OR13C2,0.0
TSPAN6,19.25413388888888
WDR61,3.2800111111111114
WDR6,-2.233715
ARMC9,0.8130100555555559
VIP,-11.733471222222224
OSCAR,0.736579888888889
CYC1,-23.32210000000002
CEBPB,12.84216888888889
CD164L2,0.007460538888888882
EZH2,4.23610111111111
GABRQ,-0.009780994444444443
SNORD50A,0.0
SNORD7,0.0
IDO1,1.8382902222222222
MIR4288,0.0
COPS8,4.748278333333333
PHF19,5.703607222222221
FAM216B,-0.03013551222222223
FBXL6,3.506231111111113
KLK7,0.4291003611111111
MIR3606,0.0
PIRT,-0.8417287883333333
EID3,-0.13955477777777775
MIR641,0.0
IFNB1,-0.001084216666666667
PCDHB6,0.0073921166666666704
RERGL,-1.8726300611111113
SLC19A1,3.0837972222222225
FMNL2,2.6100116666666664
DNAH10,0.03350550944444444
ADSSL1,-0.20258516666666648
TEX11,-0.426782561111111
TMEM179,-0.06460786111111111
CHODL-AS1,0.0
TPRG1,0.04641228333333334
TTC12,0.5565405555555554
C1orf64,0.0032116444444444444
ALDOA,-3.045333333333417
C1orf43,12.436194444444439
LY6H,-0.29455011111111107
LINC00281,0.0010927591666666666
MED13L,-1.2178622222222213
PDS5A,0.7949361111111113
RBM38,-1.2422527777777788
ATF7IP2,0.5005522222222222
MAST2,-8.445029444444446
RFWD2,1.0669466666666647
C19orf69,0.01025906666666667
OR10G9,-0.014642377777777778
TSC22D2,-0.15380611111111087
MIR548AV,0.0
TMEM35,-2.8638285777777783
NUP153,3.0919605555555574
ESAM,4.656685555555554
HSDL1,1.0073688888888892
MIR425,0.0
CMIP,2.540416666666669
AADACL4,-0.012743272222222221
JUN,-33.569544444444475
DOLK,2.429517777777777
MIR548AQ,0.0
ZC3H12A,1.4491788888888895
OR8K1,0.0
KBTBD6,1.2284891666666664
LEPREL4,3.404502777777778
MIR1224,0.0
EXTL2,0.5022055555555558
OR2A12,0.0
FLRT3,0.0571151833333331
TRAF1,0.44850511111111135
SYN1,-0.02250207777777774
CGN,-18.775190999999996
LINC00514,0.007089917777777767
COL4A1,51.59190166666667
C17orf56,-0.6992011111111109
MIR182,0.0
MRPL16,3.1931666666666665
ASB10,-0.0012028277777777778
MRGPRX2,-0.07742819444444445
MYO9A,-0.313755111111111
P4HB,38.232500000000016
ZFP36L2,2.3799444444444333
BTG2,-2.773738888888893
TMEM45A,1.7740372222222218
MIR892B,0.0
MTHFSD,0.07265500000000014
MYF5,0.0
SPON1,-8.745513333333331
XXYLT1,1.052465555555556
OR10V2P,0.07869680555555555
FLJ20518,-0.0008589705555555556
FLJ34503,-0.006993844444444439
LUM,62.87343888888886
MCM4,9.487481111111112
MIR222,0.0
CRYL1,-6.289322222222211
DBI,8.870522222222178
NID1,5.762747222222222
GAGE2D,0.0
PAGE5,-0.08926936111111111
POP4,0.015902222222223372
BLID,0.007584744444444446
MIR5008,0.0
C15orf27,0.019797194444444458
ZRANB2,-0.19958888888888637
MIR4484,0.0
FRMPD2P1,-0.0079834161111111
SNORD60,0.0
MIR501,0.0
ACSM1,-0.39567040555555544
TRIM29,12.451212111111111
HOXB-AS5,-2.873745222222222
POTEB,0.0
KLHL8,-0.49197944444444364
SOSTDC1,-4.0817290944444435
ANKRD45,-0.005435377777777778
PODNL1,1.2257176666666667
RBMY1A1,-0.000025302333333333344
CPE,1.1048677777777733
MIR378F,0.0
NEFL,-0.6888880116666665
CD24,-248.55193666666673
FAM219B,-3.7679605555555575
FOSB,-15.728073555555556
GPRASP1,-0.5353715000000001
SRP14,-18.929611111111143
LOC400238,0.0
BIRC3,-0.6672161111111095
LOC645752,-0.0010486666666666665
METTL5,6.289669999999999
MIR1264,0.0
MIR132,0.0
MRPL42P5,0.018394611111111014
MIR4658,0.0
ADAM21,0.0021444016666666704
CNPY1,0.001053588888888889
MIR92B,0.0
PMS2P5,0.26159388888888824
IRX4,0.002900977777777778
POLR2J,3.215488888888885
RNU6-35,0.0
RPL13AP5,107.94388888888943
TTTY6B,-0.005340466666666667
KIAA1755,0.3817042222222221
MIR611,0.0
LOC647946,0.08435480555555556
SIDT2,-4.235693333333332
DCAF6,-1.1277055555555577
CELF2,-1.1722633333333343
C20orf78,-0.0029886055555555556
MIR4303,0.0
C7,-8.935722661111111
PDGFD,-3.3678456666666663
GFAP,0.06942213777777778
ILVBL,0.42135000000000034
HGC6.3,-0.04078368333333333
EID1,-9.362722222222239
SYCE2,0.14517870555555554
RGNEF,0.3191050000000004
IMPACT,-0.031611111111111256
FAM92B,-0.014212916666666665
ZNF638,0.19888555555555776
HIST1H4L,0.09830244444444443
ZBTB10,-0.903545555555556
DNM2,-28.505916666666664
WDR63,-0.0035492833333333404
CADPS2,1.2352255555555556
VILL,-18.549541666666666
KIAA0040,0.7742327777777787
LOC147646,-0.005231722222222224
C5orf25,0.17791111111111224
LOC100131496,0.014289794444444448
OR8B3,-0.005449422222222222
CGB,0.09320945333333333
FAM98B,2.0027261111111088
MIR1283-1,0.0
MIR522,0.0
MOB3B,-5.506646111111111
FOXE3,-0.014676888888888878
FYN,-1.3963427777777762
PRPF40B,0.943276111111111
ALAD,-6.142066666666668
DPYSL5,-0.08312401666666668
GPR179,-0.0030959188888888874
LINC00474,0.0
LRRC24,-0.04834083333333333
AGPAT5,0.5923199999999991
MIR2467,0.0
NDRG3,1.4576422222222245
PDIA6,32.46998888888888
LOC100507203,0.011148155555555553
LYPLA1,11.774044444444442
C12orf77,-0.010447761111111111
NTM,1.817317388888889
SNX16,0.572813333333333
CCDC169,0.01977688166666669
TAF4B,0.5139300555555557
KDM5C,3.4733500000000017
MIR3187,0.0
SNORA76,41.03107777777777
FCGR1B,0.34613534444444444
ECE1,-9.680305555555552
SYNM,-7.212764666666672
MIR4683,0.0
CSF3R,1.3088562777777777
BAK1,-6.636116111111118
RNF138P1,-0.01810524833333333
FGL1,-0.08662642222222233
RAB15,7.260321111111111
TMED1,2.473983333333333
PPP1CB,-14.368550000000006
ATG14,-0.5592788888888887
MEG3,0.40751333333333317
COG8,-0.23510222222222232
GK2,0.0
STK17B,-6.150092777777777
ZNF354C,-0.007801666666666596
NFKBIE,1.5046727777777775
CFL2,-2.187480166666666
FRMD1,-6.232145961111112
KAZN,0.3317811111111113
CRBN,-1.6767855555555542
IGLL1,-0.0316870553888889
RMRP,15.378546666666665
PCDHA5,0.0008867499999999987
LINC00229,0.0
NCAPH,1.676271722222222
SLIT2,-0.20394424444444437
ZNF517,0.42918722222222216
KCNC3,-0.01520724999999995
CNBD1,0.002967766666666667
MIR650,0.0
BCAT1,0.5667602777777777
HIST2H4A,3.911085555555556
TAPT1,-1.7959244444444455
XRRA1,0.11056772222222233
DECR1,-14.604061111111115
MMP10,1.9131298277777777
ADAM1,-0.19017311111111113
C1orf133,-0.1780265555555558
GSTM4,-6.902709444444442
IL29,0.003955161111111112
LOC284751,0.1543599222222222
NBEAL2,4.363668333333333
BCL3,-0.46216111111111147
CASP6,-1.9781244444444503
PPIP5K1,-1.6336866666666667
RNU6-81,0.0
DLK2,0.01918069444444445
SLC2A9,0.5012216666666667
FAM13A-AS1,-0.04034751111111107
MLL2,0.5243011111111109
LOC283174,-0.09624678888888916
NAB2,0.5400900000000002
MIR302C,0.0
BRIP1,0.4005964444444442
FLJ13197,0.04362694999999994
OR5W2,0.0
KDELC2,2.6125372222222207
TEX10,3.663263333333333
TOM1L2,-4.845088888888888
UNC50,2.709294444444442
UPF3A,3.652706666666665
ZNF93,0.70986
ANXA6,4.841311111111111
C3orf79,0.0
CDC37L1,0.05883722222222243
KLHL31,0.25856277222222224
RAD51AP1,3.2412638888888896
TAKR,-0.0011573166666666674
MIR4659A,0.0
LGALS3BP,-41.88578888888884
DDR2,0.24652766666666626
PDE4D,-1.1703073333333336
DNAJB8-AS1,0.0
SBSPON,0.23055178333333337
FRRS1L,-0.10491276666666668
EPPK1,2.613129999999998
ABHD14A,-0.4640822222222214
CBLN4,0.002938777777777773
ARNT,-1.481143888888889
BAI2,-0.003914611111111133
DIDO1,5.000344444444442
C3orf18,-0.43442433333333286
ANKRD36BP1,0.07002388888888889
HSBP1L1,-7.809042777777778
LOC100129034,0.145185555555555
LOC100286844,0.014143827777777798
LOC154860,0.7500359833333334
MIR769,0.0
LRRC26,-6.766208277777778
ORC4,1.3604572222222213
DPY19L2P1,0.006468871166666664
NAA16,1.3653950000000001
DCLRE1A,0.7281105555555558
EEFSEC,1.7137322222222222
CLUAP1,1.651590555555556
GATS,-0.2988080555555559
MTCH2,3.749838888888881
AMH,0.3972817055555556
MIR3942,0.0
OR10W1,0.0027271555555555558
OR4K17,0.0
GAP43,-0.9103245055555558
GPR22,-0.013314672222222223
MIR130B,0.0
OR52W1,-0.010966794444444442
LOC253039,0.4278994444444457
PRPF18,-0.8615422222222229
PTPMT1,2.206702222222223
SGCB,0.006011666666667637
SLC12A9,4.531560555555558
SNHG7,13.272316666666665
FAM138B,-0.005880122222222224
TACC1,1.567105555555555
KRTAP13-1,0.0
TACC3,3.9318822222222236
SKINTL,0.0032541277777777787
H1FX-AS1,-0.07839711111111108
IGFBP6,-7.616580000000003
RYR1,-0.07355346111111111
SRSF12,-0.008310205555555547
AQP3,0.23948166666666815
SLC22A16,-0.00017579444444443953
SLC35F4,-0.0050732388888888895
STK38L,4.724782777777776
COLEC10,0.05180491666666669
CD4,-3.13996222222222
P2RX5-TAX1BP3,-0.07380384444444442
TFEC,-0.07200916666666657
ZDHHC21,-0.4121549999999998
ZNF702P,-0.29119422222222235
LOC100128682,-0.0039198233333333325
LIPJ,-0.007977500000000002
HSD17B3,-0.14580036111111114
MKNK1,-2.6532349999999987
TCEAL5,-0.19585380555555557
ZNF419,0.07655583333333316
KRTAP8-1,0.0
C6orf226,-1.403589444444445
PDK2,-9.425357222222223
ANKRD63,-0.030560788888888888
F8,0.4432415555555558
CXorf64,0.0
LCE2B,0.0
FGFBP1,-3.582392555555554
SNORA70D,0.0
SNTB2,0.5126666666666666
TIGD2,0.6699023333333332
PAQR5,-6.4956309999999995
IFIT1B,-0.00034338888888888874
CYFIP2,-0.4081511111111098
GUCY2E,-0.0005817605555555557
NUP160,4.106935555555557
LOC219347,-0.0016245000000000287
RELL2,1.2185716111111113
FKBP1AP1,0.014657189444444448
RBMY2EP,0.24323966666666666
RASA2,0.3154433333333335
FKBP8,-5.204633333333334
LINC00525,0.3636195444444444
UBN2,0.37137944444444426
ALDH16A1,-0.4009233333333313
BBIP1,-7.256148888888887
BANK1,-1.2305332777777778
FUT4,2.4354650000000007
MGC23270,0.02613364999999998
C22orf42,-0.011824116666666665
MIR4297,0.0
PCDHGA5,-0.009715799999999969
PPP1R3D,1.7968538888888888
CASP7,-30.092977777777772
RGPD5,-0.20005294444444477
DMRT2,-0.31871502222222203
RPL13,55.05555555555554
SLCO4C1,-0.24016104999999993
COX11,-0.6265833333333326
ABI3BP,-3.738073166666667
ZNF319,0.07911888888888852
C1orf233,1.2176493333333336
LOC646719,-0.04925522222222245
RFX3,0.16768322222222232
MIR5695,0.0
HMP19,-1.2884990500000002
IGSF9B,0.16254900000000005
BET1L,3.2782277777777757
ALKBH3,1.031355555555555
C5AR1,1.6990847777777782
LOC100288181,0.022353008333333337
LOC200726,0.0
CYP19A1,0.011809916666666666
MAPK15,1.3721591444444443
NAA35,0.16132722222222284
SNORD115-20,0.0
SNORA40,399.5894277777778
LYSMD2,0.6894516666666672
ABCC6,-0.4300822777777791
LRRC70,0.05332872222222218
MIR891B,0.0
TRIM77P,0.0
ATMIN,-0.788218333333333
UBE2J1,-11.275705555555561
GPR158,-0.09677495833333336
GINS4,1.2044568333333334
AURKB,4.6047916666666655
OR7E91P,0.021872361111111113
TSPAN32,-0.3097445388888888
ACIN1,0.8388166666666663
INSL5,-52.04974772222222
SERPINB1,25.96889444444443
TXNDC17,-0.45694833333333307
RNF10,-7.3648833333333386
PPIL2,-2.1926016666666666
AARS,11.782177777777775
RAB26,-1.8149310555555553
CDV3,5.2406944444444505
HPGD,-49.168778888888895
WDR72,0.5151737988888888
TOR1B,-0.9768483333333329
UGT2B28,0.002587077777777777
MIR3650,0.0
ZNF557,-0.05715983333333352
PPM1D,-0.6039761111111117
TLR10,-0.5967524499999999
ETNK1,-6.82333777777778
TMEM9B,-16.594005555555555
KLHL12,0.0063577777777776845
SYNDIG1,0.41641133333333324
TTI2,0.30553388888888877
IGBP1P1,-0.007814529222222217
MIR4276,0.0
SCN1B,-0.1725466111111107
DHRS1,-11.260275555555559
LSM5,7.794503333333333
KHSRP,17.012227777777774
BCL7A,1.0937749999999995
CLDN15,5.0028749999999995
FAM131C,0.04874305000000001
USP32P1,-0.2355597
NANS,-35.32165555555555
METTL21A,-0.05244499999999963
EPM2A,-0.35127544444444436
SH3BGRL3,-15.48333888888888
TSPYL1,-2.6138277777777787
C1S,25.51507222222223
PATE2,0.007736794444444445
HIATL1,6.399116666666664
MAML2,-0.5981533333333333
SLC7A13,-0.0025454944444444445
TPCN2,-0.33150666666666684
MIR5090,0.0
FANCL,1.7651444444444442
GJC2,0.3241379444444443
ZNF114,-0.0030563555555555566
POTEM,0.0014853400000000004
LOC100507537,0.001858222222222223
CXCL5,10.07662015
C11orf87,-0.0027893705555555558
ITGB6,-0.6647821
ELK3,4.200413333333331
F2RL2,2.2965102777777777
ZNF483,-0.0610454666666667
HCG23,-0.057767338888888894
IFIT3,1.9969438888888886
COX5B,-150.95155555555561
HNRNPAB,4.068033333333332
FAM154A,0.0009708666666666662
CLDN19,-0.016260266666666665
MIR134,0.0
TMEM198B,-0.09376111111111118
WDFY3-AS2,-0.08781594444444446
GLIPR2,-11.96098611111111
TSHZ2,0.23053538888888886
LOC729264,-0.026050516111111102
MIR4508,0.0
KHNYN,-1.0985416666666676
RPL32P3,0.0420083333333332
PRPH,-4.020327433333334
OR8U8,0.0
CXCR2P1,-0.36418275
LOC100287792,0.0
SERINC1,-16.88889444444444
FSTL5,-0.053772348333333324
NBR2,-0.2732166111111112
L3MBTL4,0.020212777777777746
DDX12P,0.463821333333333
MRAP,0.07130527222222222
AUH,-5.347561111111112
DHX8,1.5100916666666668
GPR12,-0.030836891666666665
CD300LB,0.061537683333333315
AGAP5,-0.09564955555555543
ADCY1,0.14782134444444447
HSPE1-MOB4,0.06995894666666667
KRTAP11-1,0.0
RAB14,-0.7532555555555582
ATPBD4,1.8811638888888877
EGFLAM,0.435219
STARD5,-4.703066666666668
BTNL2,0.0010251777777777775
COMMD4,-1.0333055555555575
MEF2C,-1.8994794444444443
TMED6,-1.0373462500000001
MEF2D,-3.716344444444445
ULBP3,0.7475569444444443
PSTPIP1,-0.4340285555555554
RAD51,1.7442734444444454
KIR2DS5,0.004126091777777778
BHMT,-0.02040258888888888
NIPSNAP1,5.599891111111116
TET3,-0.1595038888888891
HCN2,-0.0635364638888889
TMEM212,-0.02505228333333334
SERPINI1,0.24691944444444447
MASP1,-1.2018199055555554
SPG20OS,-0.007432861111111105
FKBP4,12.653238888888893
TMPRSS6,-0.7432509277777778
CASK,2.641202777777778
ZSCAN16,0.3046055555555549
NELF,10.283101666666663
LOC100129917,0.4201906111111111
KCNAB2,1.2296399999999998
DDX3Y,-1.3561218888888877
C19orf60,2.659600000000001
MIR4434,0.0
CDNF,-0.08746861111111115
BNC1,0.08935722555555557
FNIP2,-3.6074888888888887
LOC100507605,0.0
KIAA1644,-0.2525619333333333
CXorf38,0.7178094444444447
SLITRK1,-0.005983174444444446
LOC286189,0.007557677777777778
SNORD11,0.0
PRPSAP2,-0.874337777777777
IGSF3,-2.414375555555555
LOC100192426,-0.0010409833333333337
LOC645206,-0.059363877777777775
LTB4R,0.48551900000000003
ABI1,1.3571722222222213
PSME2,19.836472222222213
SGK3,-0.353139722222223
MNT,0.8657688888888906
SNORD49B,0.0
ZCCHC5,-0.010012562777777775
CD163,1.4847399999999968
FBXO3,-1.1774500000000003
RGMB,1.8242227777777735
XPOT,9.679186666666668
ATR,1.5527316666666664
CALM2,-82.2195000000001
SLC36A2,0.0010106555555555556
LOC100507584,-0.029192423333333335
LOC643529,-0.5468218333333335
MTCP1NB,1.2848061111111102
BMP15,-0.005508622222222222
LRP4,0.3235147777777767
MTX2,1.5556944444444447
STXBP6,2.4863061111111113
ZC4H2,0.8092055555555557
ZNF771,0.5616727777777777
C8orf48,0.017899311111111094
ACAP1,-2.4389187222222226
KCNJ16,0.1594230777777778
ESD,21.678500000000007
N4BP3,0.052444388888889026
LOC100507334,0.03842791722222222
ASPDH,-0.03040487222222223
FAM22G,0.1024393111111111
SF3A1,-0.676055555555557
SIGLEC8,-0.7329960000000002
MAT2A,8.4734388888889
ZNF790,0.6477270555555552
MIR216A,0.0
PPIF,6.608916666666666
KDM1B,2.981285555555555
PDLIM5,-1.1964333333333315
CALB1,0.2915846888888889
MPRIP,-0.451007777777777
YOD1,0.3457772222222222
PILRA,0.29098916666666685
TMEM59L,-0.8559681888888888
CA3,-0.02480653888888895
SNORD37,0.0
BAIAP3,-0.8621122222222223
LOC100190938,-0.009700572222222204
MIR4523,0.0
TSN,7.440516666666674
MIR1184-1,0.0
LOC285033,-0.12052333333333465
MIR3619,0.0
NUDT2,1.0568272222222213
TREX1,-0.3683055555555548
PBXIP1,-6.557192777777772
PCDHAC2,-0.024245255555555567
HELZ,-0.1167527777777777
TUBA8,-0.15782827777777775
C19orf71,0.20412572222222214
FERMT2,0.9137622222222213
C10orf125,2.3744288888888896
LOC100507391,0.004407738888888888
G6PD,2.119070555555556
MCC,-0.13253183333333352
TMEM189,5.980924444444444
ACRV1,0.03578138333333335
BCRP2,-0.09601805555555543
ZNF616,0.07728722222222206
EXPH5,-1.0734110722222217
ADD3,-1.8937555555555576
GLS,1.8264555555555582
ZNF230,-0.1089740555555555
AGPAT6,2.328807222222224
GDAP1,0.5856354444444445
LINGO4,-0.01351507222222223
OR11G2,0.0
KIF22,0.4476016666666709
LOC100129407,0.0027292444444444444
CDC34,3.009366666666672
LOC646862,0.04400979444444444
IFT74,1.0061416666666663
ARHGEF10,0.45208894444444425
CCDC75,-0.3697366666666668
PRDX6,-90.20495000000001
LOC100508120,-0.005751444444444642
CLEC4D,0.06670953888888889
PCDH9-AS3,0.0
MIR4690,0.0
KRT4,0.009765857222222219
EPS8L2,-9.062761666666667
OLFML3,-0.1910644444444447
CHRNG,0.01481161111111111
TEAD4,6.191911666666667
C20orf94,0.3965156666666668
HMCN1,0.18345894444444438
CHCHD2,142.12755555555555
ATP6V1E1,-3.262916666666662
WFIKKN2,-0.011982115555555582
C11orf46,1.9491138888888884
KDM1A,6.481533333333337
MIR4672,0.0
CSPG4,0.8040848888888896
EPAS1,-10.12853888888889
FBP1,5.078317222222218
SNRNP200,6.978133333333336
TBC1D28,-0.0010042872222222222
EHBP1,0.4338372222222233
LOC100505738,-0.3109389444444446
MS4A10,-0.4586263277777778
ZNF574,0.38110055555555533
ZSWIM4,1.6310547222222223
PTH1R,-0.5177652111111111
SHPRH,0.10635499999999998
DLX6,0.16470336666666668
LRIG1,1.3857138888888905
ISOC1,-1.5692322222222224
PPCS,-9.624766666666666
NUP107,3.9459999999999997
STARD8,0.2054434444444445
SLC2A13,-2.7857666666666674
STYXL1,1.9338966666666657
TTTY18,0.04865116666666666
ZNF542,-0.25234355555555554
MIR4666A,0.0
HADH,-29.600749999999998
BCAS2,0.8535888888888863
GDPGP1,-0.6848978333333331
RBM45,0.1304622222222216
AKAP3,-0.06430760555555556
KIAA1107,-0.03221688888888896
PSMD4,14.298872222222215
SRGAP1,-0.3415110555555556
KIR2DL5B,0.0
TRIP10,1.6467333333333336
TRIM68,0.4485711111111108
DENND2C,-0.09787633333333329
C1orf194,-0.018510544444444443
DRG1,6.858677777777778
LOC400604,0.22902544444444461
RALGAPA1,-1.0404161111111128
TMEM120A,-12.272344444444443
CLIP3,-1.367427055555555
OR52K2,0.012704844444444446
LINC00293,0.0
KCNQ2,-0.005163075555555556
FLJ27352,-0.4383325
TRAPPC2L,6.026399999999995
PLAA,3.0360861111111115
GOLGA8B,-0.8321977777777785
SLC8A2,-0.20620017111111116
LOC644145,-0.005230222222222223
GPR33,0.0006011944444444424
E2F6,1.5964361111111107
NEDD9,-8.975988888888892
RFPL3,-0.0012695055555555536
LOC650368,0.30170747222222216
RLTPR,-0.7587118888888891
RPL17,-94.16394444444472
DUSP12,1.0658866666666684
CLUL1,0.014898733333333334
DPP6,-0.8472966822222223
LOC100271722,-0.07216724444444444
PMF1-BGLAP,0.2927669444444445
H2BFXP,0.002255161111111126
CDH24,0.8477777777777777
RBMXL1,0.15066055555555602
NOSTRIN,-1.116888333333332
SPINK4,156.7556066666666
RAI2,-1.0012930000000009
MIR4436A,0.0
ADRBK2,0.15430066666666664
TPGS2,1.65300222222222
LOC728875,0.013228302777777777
GSC2,0.0
HTRA2,0.386679444444443
OR2A9P,-0.38905422222222197
SLC25A25,1.0756672222222203
RPL23,255.23211111111084
SNORD17,10.176914444444439
SPANXN3,0.004327833333333333
LOC100506314,0.23262767222222214
NAA30,0.5763394444444447
CKM,-0.3753485000000001
CES3,-24.782999722222222
BPIFA3,0.0
LOC100286938,-0.06050198333333334
TAF8,0.47705888888888737
SHROOM2,-0.18548311111111127
ZFP3,-1.3605350000000003
KRTAP13-3,0.0
OGN,-5.661516844444444
PPYR1,-3.3326232777777784
RTCA,0.46770777777777717
LAMP1,28.52030000000002
TOR1A,1.616416666666666
LINC00568,0.0855090111111111
VANGL2,1.3754166666666672
TMUB2,-3.5986777777777803
LOC151484,-0.018423483333333338
LOC100498859,-0.007828761111111124
MAP3K8,0.8635011111111108
SEL1L2,0.0022327166666666655
LOC100500938,0.0039024444444444445
AZGP1P1,0.06282862222222223
KIAA0146,1.535397222222226
C11orf41,0.24089760000000002
CACNA1C-IT3,0.0
ST8SIA1,-0.11676808888888884
KRTAP19-4,0.0
MAGEE2,-0.02430642777777777
AUP1,-3.51357222222223
ZNF692,1.5176566666666673
APOL3,-0.5289794444444453
ERCC8,0.29180666666666655
FBRS,-0.16588333333333338
DDX43,0.05828539444444447
FAM124B,0.21483622777777778
FLJ43390,-0.007089165555555551
GRIA4,-0.20440981944444442
KAT8,-0.8664749999999994
KCNMB4,0.23419977777777767
LOC148413,-0.012406111111110896
STC2,3.1821928833333333
TBC1D23,0.8554433333333336
CHRNA1,-0.5856528777777777
PTBP3,10.213856111111113
PACRG,0.014872527777777755
XKRY,0.0
GPRC5B,1.1242533333333342
MIR320A,0.0
PEBP4,-0.029134138888888883
RAMP2,4.863836111111109
SLC7A3,-0.019586772222222222
ZC3H11A,1.1302444444444433
CEP250,1.3866550000000002
TCERG1L,-0.006894427777777774
TDP1,1.1962838888888885
VHL,-0.7044861111111107
YIPF3,1.8489277777777815
RNASE12,0.0
C9orf89,2.093382222222221
DSG3,1.9039853276111114
C6orf195,0.013470966666666667
ORC3,1.9554766666666659
SNORD109B,0.0
ANKHD1,1.6857427777777794
AFM,0.012083388888888894
SLC25A14,0.9098422222222227
IKBKG,0.16097444444444164
RFPL4A,-0.06367780555555555
TMEM51,-1.5535405555555588
RPL36A,300.54561111111116
MUM1,-0.6034205555555534
WNT16,-0.004572922222222206
MESDC1,-1.0237044444444479
SLC1A7,1.3629965166666667
TMIGD1,-86.46820753333331
KDM6A,-0.9376983333333335
ATOH8,-0.3644964055555553
HIST1H2BC,2.500202777777778
PPP1R26,0.8109466666666663
RAP1A,-10.990611111111107
ZNF562,1.158691666666667
CH25H,0.2965946111111113
GUSBP4,0.11249605555555564
LOC255130,-0.008384388888888886
EMR2,0.506345888888889
MMS22L,0.5993144444444446
IQCE,1.129226666666666
CDYL,0.3092994444444468
HLA-F,-29.824355555555528
LOC100132163,-0.05826744444444443
EMILIN3,-0.3386618333333331
MKRN1,-12.981333333333325
ARG2,-0.5987588888888888
ABCC12,0.00038641277777777777
ST7-OT3,0.024812983333333337
EIF2C1,-0.6058872222222229
MDM1,-0.17282999999999982
MIR4698,0.0
GDAP2,-0.1507399444444446
GANAB,16.98684444444443
MIDN,-5.832699999999992
WWP2,-3.2527722222222266
MTVR2,-0.0396625388888889
PSIP1,-0.20288222222222352
CSAG2,0.14296908277777776
EPHX1,-11.725891666666662
MIR622,0.0
FAM209A,-0.004047250000000009
ARL11,0.46168422222222194
CLEC12B,0.011143416666666663
C18orf34,-0.0021717233333333405
CYP4A22,-0.016776838888888892
FLJ33534,0.0005718166666666673
DOT1L,-0.24064111111111064
LOC646851,0.08904376111111109
PGAM5,5.313772777777778
CPNE6,-0.08902271111111112
RPL10A,115.08827777777788
VPS4A,-2.2969222222222214
ZNF30,0.16212250000000006
FAM59B,-0.7858458888888891
LOC643714,-0.03583259444444445
MTSS1L,1.429956111111112
HPDL,3.3083014999999993
P2RX6,-0.11557169444444444
SEC61B,27.21817222222225
SLC1A1,-6.63243711111111
CUTC,-0.3874611111111115
FTX,0.22811116666666664
PASD1,-0.0013624166666666667
CLDN2,13.995222250000003
FAF2,1.155745555555555
TRMU,0.5477066666666666
CLIC4,3.838199999999997
ACVR2A,-0.560507777777778
MARK2,-4.269905555555557
DRGX,-0.1565960944444444
ZNF598,4.8726938888888895
ZSWIM2,-0.0007390777777777776
CATSPER3,0.06925449444444443
LOC401010,-0.1156767088888889
EEF1B2,81.22700000000003
LOC253962,-0.004195461111111113
MIR614,0.0
OR2W1,0.0
SNORD115-48,0.0
ZNF341,0.0500288888888889
MIR4659B,0.0
CCHCR1,0.10582166666666737
PRMT6,0.27708666666666737
MIR645,0.0
PIGB,-0.3387988888888902
RAD50,2.431059444444444
RD3,0.00939444388888889
TUBA3E,-0.005161982777777775
LRRC55,-0.10084557000000001
IL1RN,9.81588538888889
LOC100133461,-0.002647511111111111
SNTG2,-0.04912925555555557
PTRH2,4.95073277777778
GAGE13,0.0
OBP2B,0.06286524444444444
CHST3,0.8697125555555555
C14orf2,-17.00270000000002
HOXB13,-21.103037388888893
AMDHD2,-1.3672422222222211
ALG10B,0.12193577777777787
MIR642B,0.0
OPN5,0.001462172222222222
RASGRP2,-1.290740111111111
LOC100128164,-0.0055348855555555545
SUGT1P1,0.08850277222222225
CTAGE1,0.0003488572222222221
CSTF2,3.0919205555555553
TMEM198,0.9018427222222226
CD8A,-5.059106611111113
IPW,-0.13200761111111092
PCDH7,-0.24154838888888897
SNORD94,-1.8535294444444421
CHMP4A,-2.138766666666669
ANP32B,20.670550000000006
GRIN2B,0.188426645
GRM3,-0.0069892877777777765
SNORD38A,0.0
LTF,-1.0519828888888887
ERGIC2,5.247738888888888
CABP4,0.05955895
KPRP,0.0
MIR520F,0.0
CREBRF,-0.8780583333333332
FRG1B,0.9967830000000006
LYSMD1,0.23453666666666706
OR10C1,0.0
RIBC1,0.08067137777777772
TRPV1,-0.8132699999999997
SLC30A2,0.39153069444444444
UNC45B,-0.002194636111111108
COQ3,0.11677333333333362
TMLHE,-0.47077111111111236
KCTD19,-0.0015012022222222199
ATRIP,0.9274966666666664
RBM20,-0.06872930666666663
SMAD6,0.9221922222222219
IL20RA,2.566707555555556
DNAAF3,0.19616228888888892
DNTTIP2,2.73653777777778
MIR4446,0.0
PABPN1,-0.17143333333333288
DIO3OS,-0.10343689444444443
RPL35A,331.655277777778
SLC25A40,0.21312166666666688
NUDT14,0.5556655555555547
IER3IP1,-2.1263833333333437
GPKOW,0.19158111111111165
MED8,-0.23509444444444227
CHST7,-0.13467738888888925
RHOU,-8.833573888888889
RNPEPL1,-5.295716666666664
NID2,3.6613894444444437
RTL1,0.002560104444444444
RWDD3,-0.7777455555555557
SYNE2,-6.051253333333332
VEZT,0.442582777777778
LOC100287327,0.0002619356111111111
MIR708,0.0
RAB2B,-0.24277333333333395
SRD5A2,-0.004129372222222221
WDR41,0.7292549999999993
ZSWIM6,-1.9297633333333328
MIR5190,0.0
PDF,3.3709138888888903
GSDMC,0.08882756111111112
OR56B1,0.003024227777777778
CNR1,-0.5862477883333332
G2E3,0.712209444444444
LYRM7,-0.6354944444444444
DYNLL1,0.19861111111111995
FAM117B,0.033917777777777935
DUSP15,0.9619011166666667
MPP6,1.3938393333333334
MBOAT2,-1.5523682222222224
MICAL3,-3.4152716666666674
KLK9,0.0025511055555555557
KRT85,0.003883348666666667
NCLN,7.003994444444437
PIM2,-5.905150555555556
LOC100128398,0.01687472777777782
SRRM1,0.04665888888888858
TBC1D3P5,0.0
SLC6A1-AS1,0.002424977777777777
LOC400654,0.0
RPL34-AS1,-0.004769877777777778
CABP7,0.0018596777777777629
TMEM150A,2.2229777777777775
SNORD78,0.0
RAPH1,0.14276444444444447
MET,9.63687388888889
NLRP8,0.0
TARSL2,-0.19192522222222186
NUDT11,-0.06871079999999996
TRNAU1AP,-0.4396938888888897
AKAP12,0.2517997777777774
MYH3,-0.09857348333333332
HLA-DPB2,0.06486081666666665
SFT2D3,0.43132777777777864
SGMS1,0.8521394444444441
SLC10A3,0.6055516666666652
MRPS27,3.379466666666662
CTNNB1,37.83949444444444
IL34,0.3918748333333335
APOBEC1,1.6480399999999997
GORASP1,-2.039022777777774
MIR4515,0.0
C5orf48,-0.14019861111111115
LINC00359,0.010313022222222228
PROK2,0.24412027777777778
TP53I13,-2.5118005555555563
LEF1,2.986077166666666
VCP,23.076649999999994
GCFC1,1.3636694444444446
MAPK6,-4.958928333333333
USP50,0.03728704999999999
SWAP70,1.4756338888888907
TH,0.15985094444444442
MIR5705,0.0
NXPH1,0.017675644444444444
PRR14,1.0615694444444443
CHL1,-1.0341657333333332
KANSL1L,0.4372651666666667
SCARNA3,-2.93705
CST2,1.184622735
SS18L1,1.534959444444444
SNRPB,82.84810555555555
HHLA2,-42.20517861111112
AKD1,0.43148766666666694
MIR5579,0.0
DAP3,10.252722222222225
CCSAP,0.5985061111111112
MSLN,9.748075222222221
LOC100507178,0.03520897222222221
TAF6L,0.41512499999999886
ACOT11,-6.542333333333332
UBE2B,0.37428888888889134
OCLM,0.05486769999999999
ALG6,0.0018933333333341906
ARPC4,0.9679333333333489
HCCS,-2.011052777777781
LOC100129138,-0.060153426055555556
OR10H4,0.0
FAM98A,6.203577222222226
DBX2,-0.0020384277777777786
GNL3,15.839546111111101
SERPINE3,-0.004402605555555556
FEZF2,0.0012277722222222222
BMP6,-1.7727868333333334
ST6GALNAC5,0.5105242777777776
LOC100132146,0.008153094444444444
IFNA17,0.0
LOC400794,-0.0062932388888888875
FZD10,0.7345525777777777
C1orf162,0.2925661666666661
NDUFAF1,-0.7684099999999994
ZNF496,0.15733111111111153
FAM207A,1.787227222222226
PFDN2,21.539944444444444
ENPEP,0.44151122222222217
MUC2,24.23880322222223
GIGYF2,0.4318283333333319
PYHIN1,-0.4569399222222222
SH2D4A,0.68713761111111
ZNF717,0.09749677777777788
LOC400891,-0.005661482833333333
SORCS1,-0.2969734555555556
CRIM1,-1.2270944444444467
HINT2,-5.663461111111115
ZFP2,-0.09632777777777779
LOC100129726,0.11920195
TGM3,-0.05278965555555548
C16orf57,0.3101944444444449
CXCL11,2.928759388888889
C1orf201,-2.472228333333333
CARM1,6.372366666666668
EIF2C3,0.1893341111111111
EMC6,-0.018072222222222933
FZD6,2.864688888888889
LRRC27,0.2507405555555553
DYDC2,0.052652105555555544
RND2,-0.18767541111111113
CTRC,0.0045547833333333294
DONSON,2.055882222222223
OR4L1,0.0
RNU6-53,0.0
CDH15,0.027874231111111106
C3orf24,0.014782350000000001
TLR6,-0.44865472222222225
RHOJ,0.6293843333333338
CACUL1,0.7023288888888883
MYO1B,4.9052355555555565
RXFP2,0.0
TNXA,-0.5321470616666668
LYRM2,-0.7900811111111095
MBD6,0.7006888888888874
MIR5095,0.0
SLC9A7P1,-0.003530177777777782
TUB,-0.3383897777777778
PIGU,11.16099611111111
VPS29,4.3567555555555515
ZNF250,0.3653266666666666
KCNC2,0.028336655555555555
KLHL21,1.8004705555555551
LECT1,-0.0316337
RGS7,-0.013504188888888886
DSTN,-2.429727777777771
CACNA1E,0.015106595
RABGGTA,-0.43567888888888895
KCNS2,0.00032614499999999297
SCNN1D,-0.1250597444444445
SMCHD1,-3.271235555555556
FAAH2,1.1003028888888888
NAALADL1,-5.639393166666666
STK33,-0.053455472222222244
PKD2L1,-0.040002576666666664
ANO1,2.3497716666666664
C17orf90,0.4410061111111112
MPP3,0.20863488888888904
FAM210B,5.1355833333333365
TMCO6,0.15409999999999968
SNX25,0.708476666666666
HLTF,0.8541644444444447
ATOH1,-6.843667416666666
PAQR7,0.7631405555555557
MIR4257,0.0
MIR3689E,0.0
FAM108B1,-1.4769661111111088
CCDC28B,1.1130387222222224
GPR141,0.09356552222222225
GZMB,3.1023292222222225
ACTL8,0.4068737833333334
MRPL47,5.711255555555553
CDH26,0.06374641666666667
B4GALNT1,-0.11818266666666671
TRPC5-AS1,0.0010361944444444446
TTLL13,0.0037457222222222267
NPPC,-0.0694001777777778
OR5AS1,0.0
UQCRHL,-0.20370323333333334
PHOSPHO2-KLHL23,0.17121198972222218
RNF5P1,-7.127411111111115
WBP4,2.076605555555557
LSM2,13.077266666666667
MIR4519,0.0
C1orf168,-0.05962991666666667
MIR4730,0.0
NAGK,-2.2226888888888894
KCTD11,0.16604111111111042
GUCY2F,-0.0002739944444444444
SNORD115-16,0.0
SPATA5L1,0.469797777777778
TM4SF5,-0.8053609999999978
LMNB1,6.831763333333333
RBM33,0.15335222222222278
ORC6,3.1641098333333333
FBLN5,-0.9957772222222232
MIR4424,0.0
PWRN1,-0.023280016666666667
MIR4529,0.0
ABTB1,-2.7445699999999977
CYP4F2,-0.15784391111111162
KCNQ1,13.441057222222216
MIR203,0.0
SLC20A2,-4.656712222222218
ASB9,1.8713347222222225
BEND5,-0.3979704444444443
ARHGAP1,2.9361999999999995
IRF2,-4.4428222222222225
LOC440704,0.0
SYNJ1,-0.3719894444444445
TXNDC8,0.0
DIS3,3.4577922222222224
DIAPH3-AS1,0.0
OAF,-25.118672222222223
GLUL,7.361177777777783
NFKBIB,-1.1249555555555588
ACADSB,-3.6419661111111123
OR52R1,0.0
RUNX2,-0.7689425000000001
CHRM2,0.13366465055555554
LGALS9B,-12.775287500000003
FAM72D,1.815678944444444
OSTC,19.187777777777775
RNU6-71,0.0
TRAPPC3,-1.5246666666666684
RPS6KA6,-0.8072786666666667
CDIPT,-6.018838888888894
PLAC1L,0.0
FNIP1,0.5655622222222223
MLLT10P1,-0.04667822222222218
CLOCK,0.6240927777777774
TNKS,0.27550222222222187
PKP2,-11.149781666666662
ZFP42,0.008281205555555556
BACH1,0.6736044444444449
DHX34,1.779917777777778
PPIL4,1.8484449999999981
DIO2,1.1511458888888888
CFC1,-0.012891008500000002
TBX19,-0.006568499999999977
LRRC3C,-0.010461333333333333
ANAPC4,0.3772477777777796
MIR630,0.0
GJA8,0.001516927777777778
MIR3605,0.0
MIR4427,0.0
CCND1,20.96089833333334
GAS2L3,0.19979744444444458
LOC154092,0.001993005555555552
DTWD1,0.5854750000000006
MIR4757,0.0
CUL2,1.7193416666666668
LOC100134317,-0.01806444111111112
RLN1,0.009766316666666663
SNX10,1.864041666666667
TRIM2,5.712138333333332
FAM110A,1.9757144444444448
INHBE,0.0407959111111111
OR5K2,0.004740083333333336
FLT3LG,-1.3270516666666667
HIGD1C,0.03208266666666667
SLC35F1,-0.2214745111111111
SNORD41,0.0
ZNF675,-0.13929505555555588
DAOA-AS1,0.0
FAM19A3,0.03584478888888889
TTC37,0.6211594444444444
LOC100499467,-2.9935996111111107
DEFA3,0.0368416275
IMPAD1,3.6269188888888877
SSR4,-18.038483333333375
VAX1,0.058463706111111124
S100A1,-0.7569875555555559
SNORD1C,0.0
AHRR,-0.42190655555555545
C18orf25,-0.8624272222222231
PLEKHM1P,-1.0112533333333342
TLX1,0.7173582944444443
ZNF470,0.20508933333333335
ARHGEF6,-1.2253705
LSM14B,7.178411111111112
SOGA2,0.29389172222222215
ZKSCAN4,0.008101666666666452
HMGN5,-0.4488456666666665
ANKRD29,0.04808716666666657
MIR5692B,0.0
ADAM23,0.28290968333333344
CYB561,4.122905555555555
C19orf66,0.9697738888888896
HOXA10,5.889991666666667
KRTAP5-3,-0.0037499111111111098
LIN28A,-0.0017963533333333335
LYRM5,-0.9274694444444425
MDGA2,-0.006235016111111112
OC90,0.0
PDXDC1,-2.6467555555555506
PFDN4,11.050167222222225
RPL23P8,0.040104372222222226
SIRPA,1.597589444444445
SNX32,-0.17181604444444443
MIR1287,0.0
SOX13,-0.9467961111111105
NUDT16L1,-2.6733833333333337
NSDHL,7.051180555555556
TMEM8C,0.017375316666666668
CCDC54,0.0058187222222222225
LOC440944,1.29638888888889
MIR4773-2,0.0
TRIM52,-0.5937205555555551
MIR561,0.0
ARHGAP5-AS1,0.11479499999999998
MIRLET7I,0.0
CYP4F35P,-0.030655311111111083
MIR4324,0.0
FGFR1OP2,-0.848279999999999
GP1BA,-0.2694045611111111
LAMB1,10.868038888888893
LCE1E,0.014476538888888887
PRSS1,0.39950798888888883
NFYA,1.976532777777777
PYCR2,5.06958333333333
KTN1-AS1,0.03476716666666663
YTHDF2,1.2630555555555532
MPDU1,-7.770099999999996
TAAR3,0.008915583333333331
KIAA1239,-0.10780161111111111
SNORD114-12,0.0
ALG2,2.4007572222222233
ENAM,-0.004590310000000004
GLRX5,-8.913038888888892
MIR1908,0.0
MIR346,0.0
SHC4,-0.008754205555555589
ACP2,-5.80602
PSMC1,6.002477777777784
AGPAT9,-8.215164055555556
DNAH12,-0.0016195344444444437
RSPO1,-0.10259027777777774
S1PR5,0.1314354388888889
SLC9A2,-10.312653677777782
FLJ41649,-0.0007575383333333335
C10orf76,-1.5442066666666658
CARD6,0.6381327777777777
NUDT3,3.5224816666666676
SLC31A1,2.9890027777777757
HS3ST6,-1.0659467666666669
SNORD115-34,0.0
TMTC4,5.081712777777778
MIR302F,0.0
SSB,26.51015000000001
FCER2,-0.9462354444444443
ANAPC10,1.3485594444444438
FAM166A,0.04292411666666668
C1orf38,-1.392234444444444
HNF1A-AS1,-0.4349068888888885
NUDT5,9.907101666666666
MIR802,0.0
ZNF865,-0.33862111111111126
B4GALT7,1.9559599999999993
CKAP4,1.8760499999999958
COL7A1,2.3464702777777777
INSR,-1.542834444444443
MIR4646,0.0
PTPN13,1.1898177777777779
C6orf99,0.2036984111111111
LRRC4C,-0.030683477777777773
SCNN1G,-1.4395741050000004
SLC5A1,6.754620933333333
LIX1L,-0.2952177777777778
VWDE,-0.02783408333333333
MYBPH,0.016669922222222223
BARD1,0.8242951666666669
NIPSNAP3A,-3.8911166666666617
RNU6-72,0.0
SIRPG,-0.7283725555555556
LOC100507401,0.0133330611111111
CDC14A,-3.3072412777777784
CLPB,1.7108294444444443
SNX22,1.1540761111111122
TIMM50,4.498920555555555
ASS1,4.663705555555509
SETD9,-1.0231133888888886
TNK2,2.663098333333334
LOC283089,-0.007497383333333333
VRTN,-0.00559261888888888
ZIC5,0.07036381555555556
LOC400958,-0.036835130555555554
APC2,-0.04776697777777776
PDE6D,0.34524666666666803
PRM1,0.010084000000000001
PLS1,-48.53637355555555
TRUB2,3.57681777777778
LOC728342,-0.022729399999999997
SLC25A45,-0.5356550555555557
CALML4,-7.6878899999999994
HELLS,1.6411601666666664
RDH12,0.07023622222222224
MIR5681A,0.0
RBPJL,0.0
ZC3H7A,-0.18984555555555716
ZMYM4,0.9097588888888897
LOC100130000,-0.006167649999999997
MIR3591,0.0
UCN2,0.3418051888888889
ZNRF2P1,0.3580630555555555
GAGE12B,0.0
SAPCD1,-0.061936577777777835
ARL17B,-0.23833611111111086
TROVE2,0.3381133333333328
CAMTA1,-4.408022222222225
HK1,1.644994444444439
CRISP1,0.0
IGSF6,-1.8284305555555544
KRT72,-0.006071700000000001
CNRIP1,-1.1684911666666657
LOC100131825,0.015019261111111126
MIR4692,0.0
NT5DC2,8.08297388888889
SPANXN2,0.0
ANKRD20A9P,0.012689605555555553
BNIP3,7.364251666666668
FLII,-6.896050000000006
HNRNPA0,12.512888888888895
HOXD8,-1.0356603888888891
C12orf68,-0.06152420000000003
UBA5,1.2210311111111132
ZNF266,-0.14911111111111097
NAPSA,0.1741261055555554
SNORD114-2,0.0
ZNF774,-0.49598966666666655
MIR1323,0.0
SMARCA2,-1.5737611111111107
OR4K15,0.0
CPLX4,-0.0006095277777777774
EVPLL,-0.11371776166666668
RNU11,21.813568888888888
UQCRH,-31.390444444444427
LOC100506233,0.1776200000000001
ASB13,-4.023803888888889
FAM189B,2.2825572222222235
MCEE,-0.9636827777777786
PLP2,45.42154444444442
SBSN,0.3653903944444444
IL4I1,1.245179666666667
NKX2-2,-0.13020619999999994
LAMP5,0.2058280555555555
CRISP3,0.0037751999999999994
ANAPC15,0.13078055555555324
T,-0.0024566722222222215
MIR30C1,0.0
OSTBETA,-26.36550316666667
HSD3BP4,0.010046088888888886
TCERG1,3.21051111111111
CLSTN3,2.1575799999999985
LTBP3,1.2095883333333308
LGALS16,0.0
MIR620,0.0
DEFB126,-0.012028333333333335
B4GALT6,0.5118494444444444
KRTAP20-4,0.0
RAB21,0.1901500000000027
SNORD98,0.0
DAZ2,0.03685085333333333
MIR93,0.0
UXT,10.605888888888884
FAM96A,-4.7461833333333345
VARS2,1.2760188888888893
LARGE,-3.7567022222222226
ADAMTS6,0.25595256666666666
EFHB,0.005605994444444443
NUDT6,-1.427120222222222
SNAR-C3,0.0
SNORA72,-6.18316666666667
ZNRF2P2,0.08934498333333334
RBBP8,0.5156683333333332
GOLT1B,4.804752222222222
CLLU1OS,0.1051392222222222
SQRDL,-64.77294999999998
DKFZP434L187,-0.0005844061111111111
DNAJB12,0.5645422222222223
ADC,-0.6210962777777782
ENTPD1,1.2317616666666669
FAM75D3,-0.00027857444444444443
MAP3K5,-0.026862777777776792
PSG6,0.0
SYT14,0.015447231111111109
GUSBP9,-0.6775041666666666
VSTM4,-0.561165611111111
FLJ10661,-0.010351444444444469
SSTR5,0.8077806000000001
FAM127A,1.7310061111111033
HELT,0.0
ATP5J2,65.81627777777777
DLL3,-0.0027876944444444537
LOC440354,0.1566305555555556
NTF3,-0.13946106111111106
LINC00472,-0.02211294444444445
ANKRD18DP,-0.0016147166666666659
BARHL1,0.002461411111111111
LPP,-1.9207777777777757
PHF6,2.887172777777778
BCHE,-1.9973295611111115
SOCS3,9.359898333333334
C18orf42,-0.004641711111111113
ROBO1,1.687998888888889
SYNGAP1,0.48621944444444454
ATP5SL,-2.7691916666666714
LOC100129716,-0.08698478333333337
HCFC1R1,-0.26229999999999976
ASB3,0.5395422222222224
CABP1,0.12364043333333319
FKBP3,2.2258944444444424
MYO1E,-2.7295872222222215
POP7,5.152861111111108
DDX5,2.076855555555568
LOC100128054,-0.013816494444444438
BBS7,0.1154155555555545
GAS8,0.9708583333333336
CDH4,0.021784061111111114
DGKE,0.01455861111111112
LOC100287015,0.07399905555555542
MIS12,-0.373817777777778
MUTED,0.8346727777777776
GPR32,0.0025357166666666667
TMEM161B-AS1,-0.12445822222222214
HOXB7,-2.0911594444444432
USP17L7,0.0
CASQ2,-1.75961978888889
PIGX,1.098478888888888
KRTAP10-9,0.006893699999999999
MICAL2,-3.19375277777778
SI,-5.6986100833333335
PIAS1,-1.4785527777777787
SPINT1,-40.66591
KCNJ3,0.3633941277777777
MIR3143,0.0
PCM1,-0.4509866666666671
AMICA1,-3.0410072222222215
SNAPC5,0.05078833333333321
DUS2L,0.046627777777779045
SNORD114-19,0.0
PSMD7,12.894494444444447
LOC283683,-0.06854635
SPG11,-1.6062838888888864
CCDC110,-0.05249323333333333
LOC146513,-0.01507786111111111
PIK3CB,-0.48758944444444197
TTYH3,21.194059999999997
VPS4B,-10.96522777777778
ERAP1,-2.1286555555555537
MIR3618,0.0
ICAM1,6.038045555555555
MUM1L1,0.03494260222222223
MIR4469,0.0
UNC5D,-0.09559402055555556
RORC,-2.821326611111112
WDTC1,-3.8557905555555543
ASPHD2,-0.03917555555555596
MOBP,-0.09809759444444441
DPPA3,-0.00879282777777778
KLF13,-5.837769444444444
CCNB2,5.643584444444444
GGA1,-2.679181666666665
C20orf197,-0.018245533333333324
METTL9,4.238922222222218
OLFML2A,-0.4985427777777782
SERBP1,10.835338888888899
DHX38,-0.07510555555555598
NEFM,-0.22723352777777778
SSX2,0.00010754655555555558
C1QTNF5,4.734724444444444
UTP18,5.58179
ZNF438,0.07479555555555506
MYOCD,-0.20108050000000022
LOC723809,0.047300988888888784
PLEK2,6.983837888888893
RARS2,2.109798333333332
SLX1A,-0.5537833333333317
TNFAIP1,3.669793333333331
LINC00460,0.5215895388888889
TOB1,-7.184044444444439
MIR644B,0.0
GNPTAB,-8.214394444444444
MAPK8IP3,0.2793450000000002
CD53,-7.640713333333338
UQCRBP1,-0.03273984833333333
EDN2,-2.873747872222222
LOC91149,0.00043486111111111107
RGS4,0.9715711666666667
LOC440563,0.0
BIVM,1.6533055555555558
RIPPLY1,0.023342555555555557
SETD6,1.6741255555555563
CACNB2,-0.4076091666666666
LRRC16B,0.13466341111111113
RNU6-57,0.0
TEFM,0.18085111111111107
ZNF32-AS2,0.05126151666666667
MIR4272,0.0
SDK1,-0.1616386666666667
GJA4,3.178427777777777
ITGA9,0.7016644444444449
DCLK2,-0.5733801166666667
LINC00353,0.0
PLEKHM1,-2.329920555555555
MIR4689,0.0
KRTAP10-4,0.020680005555555554
SERPINA12,0.0011575666666666666
MINPP1,-0.303362222222221
MAPK10,-0.4636662222222221
PNMA3,-0.04895922444444444
REG3G,0.1777871333333333
MIR1244-1,0.0
SGIP1,0.350214611111111
CNST,-1.9126483333333324
DPYSL4,0.06022796111111113
EGFL8,-0.08035816666666662
LOC440131,0.0
PWWP2A,-1.6019749999999995
FUZ,-0.3902352777777782
CD28,-0.24405777777777782
FOXA3,-0.7410101666666691
NPPB,0.007545605555555555
POU5F1P3,0.022091205555555556
RAD21,12.617449999999998
SNORD121A,0.0
USP30,-2.4204727777777792
PTPRVP,-0.01367160722222222
RIC3,-0.16489506666666665
ACPP,0.1529477222222222
IL20RB,0.03654554999999998
CORO2A,-3.2424016666666677
MARVELD2,-1.0057546111111106
BRWD1-IT2,-0.04775237222222223
GTSF1,-0.23486486111111113
ANGPTL1,-1.3194795500000003
GUCA2B,-134.56816483333336
MIR4728,0.0
SNORD114-30,0.0
ZFP161,-0.33338
CYP2S1,15.834198888888892
MC4R,-0.00543903888888889
C1orf227,-0.06671166666666664
CLDND1,2.2392444444444486
LOC100129427,-0.0053909500000000055
AIFM3,-12.631841166666668
MIR3180-3,0.0
ATG4D,-6.95116611111111
AP5Z1,2.2863000000000007
HCG27,-0.17200394444444445
MED4-AS1,1.2779144444444444
NLRP12,0.06583820111111113
PHF10,1.674266666666668
SMG8,0.6876538888888892
TMEM242,-0.3505977777777778
A2MP1,-0.02885516666666666
COX10,-1.6120827777777755
ETS2,34.00667777777779
UBTF,-1.60306111111111
XCR1,-0.19454331111111112
EPM2AIP1,-0.2804388888888889
C1GALT1C1,5.80112444444444
FGFRL1,5.608177777777779
HEATR6,0.1191805555555554
SNORD36B,0.0
EIF1,0.23638888888891074
DTWD2,-0.46539555555555534
FOXI3,0.0017848
GPR132,-0.12295927777777793
GRID2IP,0.013569155555555601
MIR520B,0.0
SCGB1D4,0.0
SNORD102,0.0
ZNF860,0.2790508277777778
FGF10,0.4600063833333333
PI3,48.154072777777756
GCGR,-0.09371353333333332
C2orf66,0.00787053888888889
KLHDC7A,-0.13259393888888893
TPRG1L,-14.490927777777777
ZNF845,-0.06920666666666708
TTC13,-0.25557722222222257
POTEG,-0.0010089677777777777
DET1,-0.34468055555555566
ENC1,12.855902777777777
LINC00326,0.0
KPNA1,1.2414872222222213
MRPL28,-0.40633333333333255
ANKRD12,-1.6991100000000001
C10orf71,0.0010773983333333332
SNORA7B,-4.592872222222221
LINC00442,0.0
PRODH2,-0.01421127777777778
TMC8,-2.2977
IL2RG,-16.769006666666684
RGS7BP,-0.07013409444444446
CBX7,-7.569733333333334
KCNQ5-AS1,0.0
KCNIP4,-0.8302457388888889
FAM71D,-0.0038064333333333333
GAGE12F,0.0
FAM91A2,0.14513194444444455
MIR3922,0.0
DKKL1,0.010015305555555548
MYH14,-9.38352050000001
PI4KA,-2.7033433333333345
PRRG1,1.2150949999999998
ZNF729,0.0004352027777777778
LCN6,-0.09499774999999999
LOC100652909,0.0
MIR1229,0.0
MIR3654,0.0
MRPL1,2.7335461111111066
LOC100287704,0.0
ZNF274,-0.5727827777777783
TRIM62,-0.1331602777777776
BIRC7,0.25241186666666665
TSTD1,-13.022209444444442
FPR1,4.594527444444444
GPR78,0.011360847777777778
MRPS10,4.758766666666663
TNS1,-0.9516105555555612
RABL5,1.807221666666666
SLC25A18,-0.00313663888888889
GALNTL6,0.17263845055555554
SCN3B,-0.09279114277777778
ZMYND10,0.014698905555555572
FITM1,-0.18314328333333335
LRRC56,-0.036877722222222076
MIR152,0.0
PLEKHA8P1,0.526169388888889
CGB8,0.07754041222222223
DHRS4L1,-0.15108140000000003
SYT11,0.045407222222222376
RALGAPA2,3.286136666666666
PLA2R1,0.16419705555555542
UBE3C,4.286172222222223
ITFG1,-5.689033333333327
DYNLL2,-4.5914777777777545
MIR4739,0.0
ANKRA2,-0.43253611111111123
KCNV1,-0.08449473333333335
PITRM1,3.877984444444442
IFI44,3.4740955555555555
SNRPD3,6.594677777777775
TM9SF4,15.232722222222222
CNTN4,-1.1177422222222222
MIR4719,0.0
CIB3,-0.024850227777777782
ZNF207,13.242783333333335
EPB41L2,18.109827777777767
KHDRBS2,-0.31169745000000004
NGFR,-0.2786725722222225
CEP164,0.8556349999999995
ASMT,-0.010327627777777772
MGAT4A,-7.062388888888885
TTLL9,0.07325495000000003
MIR148A,0.0
MIR2113,0.0
GADD45GIP1,11.413377777777775
MRGPRE,0.002668577777777771
TMX2,0.15679444444443646
TPP2,3.1283005555555548
KRT73,-0.008545649999999998
LOC731789,0.004237667833333334
SNORD45A,0.0
C5orf28,1.6397661111111121
LOC283332,0.0012280555555555556
HS3ST3A1,0.251611
KIF5A,-0.5238490666666666
OR6Q1,0.0
WIPI1,-2.5257966666666682
CASP14,0.0
SMAP2,-2.755156111111111
ASB18,-0.00006601111111111113
C1orf9,2.0248111111111102
ANKRD20A3,-0.014677247777777775
DLEU1,1.3518049999999997
NOB1,14.263850000000005
OR51T1,0.0
RBM24,-1.445130461111111
MTRNR2L3,0.0037196666666666663
PDE6H,0.0010628666666666672
C2orf83,0.0010458833333333334
MIR4791,0.0
TSR3,-1.2071000000000005
PDPK1,-0.072175555555555
CALR3,0.008743333333333332
GUCA1C,0.0
NF1P2,0.0
ARHGEF37,-2.0449040000000007
RPL31,448.1788888888889
ST20,0.25988888888888795
VN1R1,-0.03092905
CCDC38,-0.0022049388888888887
FAM50B,-0.8949087777777787
SNORD15A,-1.4992416666666668
UACA,-0.17168000000000028
MFSD6,0.03849333333333149
MIR3151,0.0
ODF2L,0.012559666666666303
HGSNAT,1.0599405555555546
LOC645431,0.0965941944444445
OR7E2P,0.020244072222222225
C6orf130,1.5264711111111104
CEP63,0.16145333333333411
EBP,11.37249222222222
NRG1,-0.8029139999999999
TTLL10,0.006765738888888886
MIR515-2,0.0
PRY2,-0.0015016833333333338
MYH7B,0.02554418333333336
MIR135A2,0.0
C2orf51,0.0
BANCR,0.004188111111111113
CALR,106.74444444444447
MGC16121,0.5264558388888889
MAK16,1.3913577777777775
MYSM1,-0.4209216666666671
MIR3692,0.0
NHSL2,0.08234344444444447
LOC729080,0.012829600000000007
GLA,5.191407222222221
MEP1A,-99.17327499999998
PRR13,-39.66259444444444
SLC43A1,4.637431833333334
UNQ6975,0.00155945
MIR4509-3,0.0
LOC284276,-0.08131591111111112
ANGPT1,-0.3239089444444443
DYNLT3,2.5557444444444446
SLC18A3,-0.02555293888888885
SLC25A29,2.062517222222221
VAMP8,-47.433527777777755
FGL2,-15.836300000000001
NPLOC4,0.31673333333333353
INPP5K,-3.925187222222223
HTR2C,-0.0007456888888888888
MIR1913,0.0
SYNC,-0.12698166666666655
EGR4,0.06869731666666667
ISY1,0.8014505555555553
KIF24,0.591016111111111
HCG11,1.0698822222222226
CASP3,-2.905172777777782
PRX,-0.2607394999999998
FAM65A,2.3391111111111123
KCTD12,-5.3036049999999975
RSPH1,0.8140508944444442
NAPB,0.23314111111111124
MTOR,-0.4815583333333322
CCDC19,0.09739908888888887
PGRMC2,-2.64002833333333
STAB1,-5.511801111111112
TNS4,7.273651500000001
ANKRD20A5P,-0.01331831666666669
CHMP1A,-9.345761111111102
GALNT11,1.3732922222222204
SLC22A6,0.0022609277777777778
SSTR3,-0.19116897222222226
HSD3B1,0.007790144444444452
TTTY20,0.0
TBC1D24,0.9091777777777774
RPSAP58,1.2686877777777816
ATOX1,10.654044444444445
LINC00364,-0.010742944444444444
FLJ12334,-0.023198183333333372
ZUFSP,0.8141722222222221
MGST1,-13.671616666666694
ASPM,1.0956579999999998
RASGRF2,0.43832277777777795
RPL26L1,6.037499999999998
CENPW,22.132251666666665
FOXQ1,10.520428872222222
KCNA3,-1.3836700888888886
SMCR5,0.0011029649999999992
SCRG1,0.0752006999999999
SPOP,-1.3340500000000013
SDHD,-56.49054444444444
SLC22A18,-12.625262777777785
DKFZP564C196,0.06547108888888889
MS4A1,-2.7862730055555556
PRR19,1.1250263888888892
CLTB,-20.277783333333325
XYLB,0.2802027777777778
PDE4A,0.01934166666666748
MIR3120,0.0
SOD2,38.84096666666666
HLA-DQA1,-8.132809666666667
BAG2,1.7624395555555559
MTAP,2.8571638888888895
FAN1,-0.1130205555555559
C2orf27B,0.025277353888888895
TCEAL3,-0.3927555555555564
H1FNT,-0.014544305555555557
FAM162A,-52.04537777777777
KLHL13,1.3632350555555552
PSMA5,7.185638888888896
ZBTB2,0.48827777777777825
BAP1,-2.654288888888889
LOC100506343,0.009958894444444442
GALNTL1,-0.36100885000000005
MPO,0.04241334055555556
GPSM2,8.124893166666666
TIGD1,0.8677947222222224
LOC100505658,-0.0032613333333333335
SAP30L,-1.7998055555555563
ST8SIA5,-0.003621855555555553
FOLR2,-6.648537777777776
FAM173A,0.04051888888888655
RPL10,75.93938888888886
FAM84B,6.137595000000001
SNAI1,2.2327701666666666
SSU72,-0.5173944444444416
GTPBP6,-1.7890166666666687
RTP3,0.0006649944444444434
BACH2,-0.18767837222222228
FLJ45445,0.5349857777777779
SLC37A2,-3.1315661111111126
SNORD2,0.0
SHISA8,-0.06636129999999998
OR11H12,0.0
ABHD12,8.933711111111116
C2orf77,0.003133167777777779
CREB5,0.28035494444444453
DDX54,2.8361561111111104
LRRN4CL,-0.4578948333333335
FSTL3,8.324641111111113
MIR345,0.0
EFCAB4A,-2.9803899999999963
GSTM2P1,-0.002475638888888889
SLC4A10,-0.4566332872222222
BUD31,4.595327777777776
WDR66,0.30272998333333334
SDPR,-2.516890222222223
DYX1C1,0.35290602777777774
MAP3K14,-0.7458672222222225
OR13C3,0.0
LOC283403,0.0
OR5M9,0.0
PITPNA,-1.6203611111111123
NPS,0.0
PEX13,-0.12400277777777635
RPIA,9.32622277777778
NCF4,-3.167476111111111
MIR5011,0.0
PLXNC1,-0.6242199999999998
GSTK1,-13.327272222222192
CPA3,-5.30060127777778
LOC100130348,0.014596333333333334
LOC401321,0.6946467777777781
METTL4,-0.02171666666666683
SEC24B,0.08253333333333401
SPATA25,0.27218033333333347
MSMP,-0.3261477777777775
CACNA1F,-0.046526413888888896
COL10A1,3.936128344444444
TBX6,0.13206285
CLEC5A,0.7128620111111111
LOC148824,-0.008679150000000002
KNCN,-0.004108716666666667
LOC100507377,0.0027341333333333333
PRDM1,-1.8468217222222219
TECRL,0.0
TTF1,0.8947055555555554
FBXO47,-0.0006056777777777777
ADAM17,1.9010394444444447
IL21,-0.006884266666666666
MIR19B2,0.0
MINA,1.614699444444443
TOR2A,-1.654551111111111
MDH2,16.961177777777777
LOC283856,-0.0031450777777777827
FAM203A,2.909932777777777
MIR4489,0.0
PPY,-0.9428881666666666
TBC1D9B,-0.7124055555555557
TMEM25,-0.8462940555555558
GPN1,3.1191666666666684
ANKHD1-EIF4EBP3,-1.005357611111111
RBPMS2,-2.2198135555555565
HLA-DMA,-10.999022222222223
LONP1,6.427216666666666
TMEM116,-0.24864500000000023
LOC100216545,0.06680672222222217
FRS3,0.18299500000000002
LINC00575,0.0
DHFR,3.7480777777777785
RPL32,83.15161111111112
MKKS,1.0293927777777725
LOC100507404,0.011833966666666668
GDE1,-8.71178888888889
SLC2A10,-0.2532854444444439
SNORD116-3,0.0
ETF1,6.418266666666664
MYNN,0.2698038888888892
ANKRD65,-0.3160651166666666
RNF187,2.080827777777774
MIR4328,0.0
CYYR1,0.889858888888889
FKBPL,0.6586911111111116
KERA,0.02555776111111111
DYNLRB2,-0.11651588888888892
DNM1P35,0.013080105555555555
KRT19,-358.7946555555556
PLEKHM2,-1.09076611111111
WDR74,8.387879444444444
SELK,-0.108205555555557
SMAD4,-1.7030844444444444
FAM154B,0.012833072222222214
LRG1,0.1513888888888868
ADAM22,-0.14866927777777772
MIR3148,0.0
BNIP3L,-0.11069888888889068
MIR3910-2,0.0
SPESP1,-0.15262008888888878
SPZ1,0.018375005555555556
BRD2,5.1665722222222215
ST13P4,-0.0039936033333333315
LGI3,-0.11962061444444443
C9orf96,-0.006244083333333331
KIAA1383,-0.08872248333333321
FAM46A,-3.2875588888888894
PPIAL4E,-0.001672540111111111
PHKA2,-0.29605000000000015
MIR3123,0.0
VSTM2A,-2.6948626722222224
ZNF385A,-0.1097738888888884
PF4V1,0.016536227777777746
C21orf7,0.5911206666666666
ANKS4B,-4.132763966666669
CLSTN2,0.12393247777777777
TSPAN18,1.7022211111111103
UQCRQ,-5.015738888888883
LRRC3,0.07602988888888884
MEX3B,0.31854138888888894
MST1P9,-3.909851611111111
SGK223,-1.9244038888888895
WNT8B,0.11260679444444445
SNORA8,28.62966666666665
RIPK4,-0.4192114444444437
GYPA,-0.0007262166666666667
UG0898H09,-0.05143062944444443
CBX4,4.112235555555555
SGOL1,1.357799722222222
DEFB103A,0.0
LOC100628307,0.0
DLGAP4,8.817150000000002
LOC90499,-0.010450677777777778
IRAK1,16.13296666666666
CD274,-0.030022888888888932
SH3GL1P2,0.0011486072222222365
MIR205,0.0
FBXO7,-0.876994444444442
FABP3,1.0522544444444444
NCR1,-0.08029753888888892
SERPINA6,0.03351795555555559
DPY19L3,1.2023755555555558
NACA2,0.005331916666666667
RIPPLY2,-0.017508600000000003
SLC46A3,-8.274213333333334
PBOV1,-0.0001946222222222226
HSPB11,0.29817777777778076
APOBEC3H,-0.17693780555555555
CD81,39.2313611111111
HIST2H2BE,5.1916038888888885
JMJD7-PLA2G4B,-0.16358204888888905
MMD,1.2393111111111104
POC5,0.9237899999999994
SNORD113-7,0.0
ZNF613,-0.22342355555555526
SH2B3,-1.0575138888888889
PHF14,6.347899999999999
GPC1,1.890845555555556
PAK2,4.2689611111111105
SH3GL2,-0.14475806111111114
GDA,-1.3979906999999994
SPG21,6.782272222222225
DDX39B,20.805327777777777
KIAA0182,2.2896238888888885
SSTR2,-0.2569849833333334
KRTAP5-2,0.7684083888888882
MIR4693,0.0
DNAH14,0.9452241111111112
MEIG1,-0.0011682888888888895
CTNNBL1,9.72377222222222
MIR1248,440.21944444444443
PFN3,0.0029487333333333334
UBE2M,3.1906833333333324
REREP3,-0.001397239222222249
TRIM61,-0.13330501111111115
OAZ2,0.3961166666666678
GNAT2,0.0523012111111111
CPS1-IT1,0.0
DNAH9,-0.033425244444444446
HECA,-1.9692277777777756
MIR194-1,0.0
ALDH8A1,-0.017522316666666635
PCDHGA10,0.6353743333333332
SRMS,1.730212622222222
BBOX1,0.0012240277777777735
KRTAP12-3,0.0
BAD,-10.613767222222226
PLK3,1.1597038888888886
SERTAD2,-0.7848844444444438
KISS1R,0.06051914444444446
THEM5,-0.04885211666666669
LAIR1,-0.3974061111111107
TTC39B,-0.1356511111111116
MRPL13,9.965022222222224
LOC401397,6.937533333333331
ZNF404,-0.1923532944444445
KRTAP5-6,-0.004664222222222224
GNRHR,0.004860381111111114
MIRLET7E,0.0
ENPP5,0.3101141666666667
ADAM20P1,-0.006902344444444444
SLC6A13,0.0027502333333333344
IFT80,0.7060800000000005
DESI1,2.878621111111112
PNMA6A,-0.010696346111111105
ACTL7A,0.0
LINC00273,0.0
MIR4253,0.0
MIR4475,0.0
DCBLD2,1.5912922222222217
MIR634,0.0
ANKLE1,-0.02072216666666668
MIR890,0.0
PLAC1,0.14260494999999998
TCEAL8,2.4020277777777785
ADI1,-6.45560555555555
RPS27A,92.88666666666671
CILP2,0.34339173888888885
LOC388630,0.00939540555555557
NHS,0.3514870000000001
FOXD4L6,0.0027007616666666623
SBF1,0.9856627777777796
KAT5,-1.5562833333333348
LIPI,0.0029091222222222216
LOC100499227,0.37368546666666663
NAGA,-2.6856466666666687
KLHL32,0.045209416666666724
SLC25A44,-0.5873372222222226
LINC00246B,0.08589138888888892
KRTAP4-1,0.10566716666666665
ULK3,-8.265120000000001
POM121L12,0.0
TAS2R10,0.02874528888888889
PTP4A1,-24.95236666666667
LOC643650,-0.14410032777777776
C3orf80,0.9181433888888886
PRR23C,0.0009762449999999999
NMD3,6.210282777777781
TRIM51,0.0015828944444444444
HSFY2,0.0013926266666666666
ZNF594,0.023255055555555626
SYK,1.092620555555559
KRTAP9-2,0.0
HBA2,-20.248068888888888
CASC1,0.010600757222222229
DHRS9,-17.395327222222225
LOC100507582,0.19303385000000003
LOC389043,0.0013566555555555556
DMRTA1,-0.5021027888888889
MAGEA12,0.7156534722222222
GH1,-0.012481655555555558
MIR3938,0.0
SLC25A43,-0.6489272222222198
CHI3L1,5.789481111111111
GALNTL4,2.4632233333333327
KBTBD7,0.5203955555555559
SLC45A1,0.06238772777777779
MINK1,-13.25750555555555
ATP8A2,0.9761537111111114
SNORD58B,0.0
TMEM63B,-8.759437222222218
CDC73,1.3894938888888895
MIR888,0.0
MORN3,0.07154961111111113
XG,0.0299879111111111
PIR-FIGF,0.005318111166666669
ZNF683,-0.060549811111111185
ADNP,7.470338888888888
GAPVD1,0.839443888888888
TCP11L2,-1.0810340555555558
GOLGA7B,0.6461332222222221
KRT86,0.004375450000000003
FAM86FP,0.007306622222222198
SH3RF1,-3.500098888888889
MIR4706,0.0
NBLA00301,-0.677675572222222
NFE2,0.3228567888888889
CDK3,-2.6078402999999994
CCDC23,-0.6784611111111101
BAI3,-0.2010715166666667
PACSIN1,-0.12935241666666664
WWC2,0.3346660555555555
FREM1,0.16318402222222234
KRT16,0.24718408333333328
PRRX2,0.24933565555555548
ZNF718,-0.03356333333333339
MAGEB3,0.0
PABPC4,0.24054999999999893
SLC39A3,1.2113288888888878
SUGP1,0.5772266666666663
ZNF664,-3.1253888888888923
LOC285375,0.0
FLNB,-14.914344444444453
IFITM4P,-0.0016925555555555583
CELF5,-0.05923298333333332
HEPACAM,-0.06776193999999999
TP53RK,3.901757222222222
CDSN,0.3363323611111112
LOC644669,0.0021361222222222222
ZNF707,1.1439311111111117
LIMD1,0.08719444444444502
NFIX,4.322817777777777
ST6GALNAC3,-0.22790172222222238
KIR2DL2,-0.003453674444444445
ZNF536,-0.38837409833333336
CPSF4L,0.050600472222222234
REG1P,0.0
TULP1,0.00042590166666666915
DPAGT1,7.366266111111111
KAAG1,-0.23588025
LOC100505815,0.3574799444444445
SNORA32,42.309455555555566
ATAD3A,5.532493333333333
HDGFRP2,1.4945088888888876
PTENP1,-0.037613587222222224
C1QTNF3,-0.7489673333333329
GDF5,0.13134412777777776
TADA2A,0.8755255555555559
KLRD1,-0.21218194999999995
FCN1,1.4537996666666666
CLINT1,-2.3698222222222185
PRSS22,8.255043638888889
ATG3,2.6705111111111073
CDH5,4.240979444444445
CAMKMT,1.6281294444444447
FAF1,1.8162183333333317
LRMP,-2.6726976111111114
NIPA1,0.28805277777777816
TJP3,-19.45178077777777
TM2D1,-0.18233333333333235
JPH4,-0.2457537833333333
RNF32,0.8255945555555556
TNFSF12-TNFSF13,0.004057301944444442
USP6NL,2.59903888888889
ZBTB8B,0.0013204261111111107
LY75,2.124543888888887
PSMA3,19.250722222222223
IGSF21,0.0674381
MIR372,0.0
GABRB2,0.008287778888888875
SP140L,-0.8197399999999999
RAB23,2.5557266666666676
ZNF789,-0.10761833333333337
HIST3H3,0.003499422222222222
SNED1,-0.2996791666666665
IREB2,-1.09640388888889
FCGR1C,0.4620640611111111
ALDH7A1,-0.922345
HIST2H2AB,0.005795827777777776
TCL6,-0.01821811666666666
WDFY3,0.023475777777777207
LOC645949,0.0
MIR3202-1,0.0
SPANXB2,0.0
FFAR1,-0.035112922222222225
MTMR3,-1.617852222222222
GLMN,0.9885955555555554
PRR16,0.5490895
TPK1,-0.6642194444444431
HIF1A-AS2,3.6899155555555545
AQP8,-291.7576261666667
POU4F1,0.057659315
R3HCC1L,-0.4455716666666669
SIGLEC17P,-0.2858779777777778
APOC1,18.339599444444445
OGDH,-4.8201111111111175
SH3YL1,6.36861277777777
MIR761,0.0
MIR1180,0.0
SMPDL3A,-41.47832055555555
C1orf87,0.0006167277777777776
HOXA2,-0.0815562833333332
GBE1,0.9135988888888873
LOC643802,0.05910184444444447
FAM18B2-CDRT4,-0.33625055555555505
CXCR2,0.6335687222222224
MCMDC2,0.18874693888888894
LOC339298,0.0
ECE2,5.278926111111108
MIR1322,0.0
INTS4L1,0.024820972222222237
TMEM170B,0.11722611111111125
ZNF232,-0.11994416666666674
COL6A6,0.07849075944444445
B3GALTL,0.11048611111111084
C1orf112,1.4728075
ONECUT2,0.14068822833333336
BLOC1S2,-0.2695183333333331
CKMT2,5.998263333333332
FUT6,-1.3623434722222196
GAGE2E,0.0
GAS2L2,0.004817897222222225
ACER1,0.002577294444444444
OR11H2,0.0090275
PAFAH1B1,-5.0967333333333364
ABCE1,9.691892222222224
FAM180A,-0.11270792222222226
ASB4,0.007518833333333343
ARHGEF7,0.8651261111111097
C15orf42,0.5570963333333334
GGT5,2.9946683333333306
LOC100506779,1.4314955555555557
CDHR5,-72.55216433333334
FMR1-AS1,-0.026298783333333325
MIB2,-2.406396666666666
MIR101-2,0.0
OR6K6,0.0
DLX2,0.017827983333333346
LHFPL3,-0.0008007500000000167
THRAP3,-0.32188888888889267
LOC221122,0.0
TTYH2,-0.3810193333333334
UBE4B,-0.18001333333333314
ACTR3C,0.4003589999999999
MIR541,0.0
MIR4769,0.0
AKAP8,1.4026499999999995
MIR4649,0.0
HEG1,1.5631666666666666
PLEKHG4B,-0.015001964999999999
KLF5,-22.178196111111106
SH3RF3,0.5546941666666665
SNAP25,-0.5207625333333332
TMPRSS11A,-0.0019075111111111114
XIST,1.1374420677777783
TMEM136,0.03665099999999982
CRLF2,-0.04515086111111112
USO1,3.254427777777778
ZNF451,0.823822777777778
PADI6,0.0007266055555555555
FRAT2,-3.609522222222221
MT1IP,-0.004775627777777777
PDHB,-3.1476444444444454
BTBD1,-0.4380555555555574
LIPN,0.06584068888888889
MIR2276,0.0
METTL14,-0.36086055555555596
SRG7,0.01584765
TRIM55,-0.035173272222222225
C1orf111,0.0056271111111111174
ZFP82,-0.1180026111111111
CYP2E1,-0.1716334444444445
TSSK3,-0.47546299999999997
FGD3,-0.5238585000000002
SCARNA6,0.3316236111111111
MIR938,0.0
C10orf40,0.0
OPRM1,-0.016525411111111114
STAG1,-1.1279616666666676
ZNF655,-6.628193333333336
KRT19P2,0.014108299999999999
MIR143,-29.179888888888893
PAX9,0.19622607777777776
IWS1,2.286423888888889
RTN4RL1,-0.02509403333333332
SLMO2,22.07271666666668
TNFRSF1A,-13.04502222222223
MIR432,0.0
FAM127B,-0.4446333333333392
RGS13,-1.2889760166666666
HBQ1,-0.0016575999999999987
TUT1,1.490331666666667
EMC10,3.7332555555555516
SNORD117,0.0
XRCC3,1.0186788888888882
C1orf210,-20.263752500000006
BLOC1S1,-46.454783333333296
ARL8B,0.0009111111111117509
MIR4718,0.0
DPY19L2,-0.1057005777777778
SERPINB12,0.0015210333333333334
LINC00333,0.0
MIR877,0.0
GBP7,0.028357255555555558
ARID4A,-0.6626138888888891
MED10,5.740594444444447
SOX3,0.0010911888888888888
GH2,0.0
MORN4,-0.0073906666666667675
PPIAL4F,-0.001804691555555557
PTCHD1-AS,-0.031027000000000002
ARL4A,-2.7954105555555557
LINC00483,-10.082852094444446
ROBO2,0.4982758944444444
SLC22A14,-0.005625372222222216
DOCK10,-1.1238828888888888
C2orf70,1.1100130000000001
LOC100499484-C9ORF174,-0.10814457777777775
RNF5,-1.9140977777777746
EPHB6,1.763242388888889
HDX,-0.01732049999999996
SERPINF1,5.356267777777777
MIR3180-2,0.0
STX16,6.3117388888888915
DUX4L6,0.000847673611111111
SNORD116-29,0.0
MIR3142,0.0
TIFAB,-0.312842288888889
FMO4,-1.2592126111111113
UBE2D2,-2.116955555555549
BIRC6,-0.22801888888888744
ANXA8L1,0.0031112678888888896
PIM1,2.3815516666666667
LOC100505474,-0.007050655555555555
C1orf94,-0.0036679872222222217
ECT2,10.346191666666666
PYCARD,-10.082255555555548
CEP350,-0.21826499999999927
RAD23A,14.923011111111101
RLF,-0.047833888888888954
PCDHGB5,0.9215389999999999
GPSM1,0.10722594444444411
RAB1B,-20.504933333333327
RTN4,-27.283188888888887
SFR1,0.9436494444444441
UTP14C,1.3164144444444448
SLC32A1,-0.00841006111111111
MIR4746,0.0
CHST12,-0.2742444444444452
SAMD15,0.07518871111111108
FAM115C,-0.04631011111111116
LIPT2,0.15813833333333305
LRRN2,-9.710059833333336
RARA,-1.175075555555555
SYPL1,16.56376666666666
CCDC109B,1.57219
TTLL5,0.5806594444444446
ADAM19,2.5075983333333336
VPS53,0.20420499999999997
LGR5,8.012896833333334
MAGI3,-1.6443016666666672
ZEB2-AS1,-0.45302855555555577
MOB2,-5.3499405555555555
ZNF187,-0.40906333333333356
EGFR,-1.7104183333333323
ETFA,-41.41508888888889
CHD2,-0.9269633333333331
C11orf91,0.047935683333333326
ACVR1,2.0429794444444447
GNRH1,-0.24026716666666664
GSTA1,-1.8061739444444451
CYMP,0.0016874166666666667
ABCB11,-0.768093166111111
FBXO25,-2.8788944444444446
G0S2,7.5659888888888895
FGF17,-0.031269961111111105
LOC200772,-0.0015187499999999993
LOC653653,-0.009895055555555532
MIS18BP1,0.7813938888888883
SNORD114-22,0.0
OXSR1,-0.6733722222222234
TERC,0.26877516666666673
ETV6,0.4421061111111122
AVPI1,-5.886403888888889
HRASLS5,0.016138472222222172
TNNC1,-0.9097139611111114
GALNTL2,-0.1597806055555555
IQCK,0.33830555555555586
JOSD1,-11.075794444444444
MOB3C,-1.1005561111111097
TTC5,0.6508305555555545
PARN,3.100799999999998
SLC5A7,-0.15062373888888886
LOC283888,0.014196944444444415
GJB1,-0.07132311111111989
RMND5A,-3.920558333333334
SFRP5,-0.690424288888889
CENPF,2.288713111111111
VCX3B,0.0019082000000000005
UNC119B,0.9281805555555547
OR5AR1,0.0
VN1R4,0.0
ZNF131,1.4599622222222228
ZNF529,0.23644916666666616
PHF11,3.149036111111112
MATN4,-0.02614312222222221
CES1P1,-0.051686780111111094
CENPT,-0.39467555555555656
KIAA0754,0.4913602222222223
BIN1,5.437938888888894
LINC00343,0.0
RIMBP3B,-0.007273816666666662
CDKL4,-0.008774144444444444
DUSP5,-3.0938566666666665
SOX7,0.05576244444444445
NDUFS5,13.962999999999994
DDX59,0.4377872222222221
LOC284865,-0.0010323666666666662
CDK16,0.9701555555555572
EEF1G,201.43272222222208
FOXD4L2,0.003702737555555554
PPP4C,7.87553333333333
DUSP21,-0.08293287222222223
GLRA1,0.0015779722222222221
CCT5,34.14413888888889
FAM104B,-0.8879661111111119
LOC574538,-0.0027707555555555553
ATP1B2,-0.3332542055555556
GXYLT2,-0.42747849999999965
WDR27,0.03579505555555573
SYNE1,-0.29888199999999987
PLK4,1.2543326666666665
TREML5P,0.0
ANKRD55,-0.0051886000000000015
LAMB3,-1.111950555555552
MTRR,1.0651022222222206
VDR,-17.748068888888888
MIR10B,0.0
TRIM65,1.6492749999999994
SPINT3,0.0
SNORD110,0.0
SLC26A3,-662.02447
MGAT4C,-0.030311411111111103
SNORD53,0.0
PLIN1,-0.9172906777777776
ZNF300P1,-0.11292184999999999
CDK6,1.4927644444444432
RPS15,170.3943333333333
SCCPDH,2.2736833333333344
SLC39A9,0.12915666666666503
C19orf29-AS1,0.25888500000000025
ATP6AP2,7.71662222222222
OR2T11,0.0026672333333333333
PAN2,0.4634755555555543
ZNF284,-0.017133333333333334
LOC390940,-0.07857244444444444
DPF2,2.8353099999999998
RAPGEF2,-1.020148333333334
NBPF6,0.10555341666666662
OR4F16,0.004106611111111112
STK4,2.1175999999999995
CXorf41,0.0015961055555555556
SUPT4H1,6.426738888888892
ARHGAP25,-1.0861377777777776
POU6F1,-0.24879005555555544
POLD3,1.0781005555555563
SH3KBP1,-11.18024888888889
UBE2N,9.830733333333331
VMO1,0.5118973888888891
FAM153A,-0.016706412777777777
HMX2,-0.11194885555555556
KLK14,-0.07837952222222223
MIR31,0.0
OR1I1,0.0
ADORA3,-1.8282853333333333
ZBTB45,0.503243888888889
ZCCHC14,0.008206111111110914
FCGR3B,2.4672302777777775
NKX6-1,0.005841744444444444
ORC5,2.9796338888888902
CYB5A,-10.530605555555553
CSNK1A1,2.36406111111112
LRRC61,1.7693661111111112
KIAA1033,0.7326422222222204
CST9L,0.0
MAN2B2,-2.0736633333333323
GSK3B,1.6845855555555547
HIST1H3A,0.047534166666666655
KLF2,-2.903133333333333
SCARNA1,0.0
CYP4Z2P,-0.005323561111111111
C4orf27,0.053462222222221634
MIR92A1,0.0
C15orf41,0.7224228888888891
MIR199B,0.0
PSMG1,14.28282555555556
SYT16,0.0033103661111111115
C9orf100,0.9425429999999999
C8orf22,0.0
ATF3,-12.782625000000003
KCTD17,-0.053571111111112124
FLJ35946,0.11590871666666658
GLTSCR2,-25.23172222222223
AK7,0.010941111111110957
MOS,-0.0021892722222222223
FAM46B,-0.7284990777777778
FGF2,-0.1630101111111112
TMEM2,4.802835555555557
ZDHHC11,0.05545722222222216
C20orf201,-0.01698523333333333
EFHA1,2.733744444444447
PDYN,-0.003513327777777778
ADAMTS13,-0.2821496666666665
MIRLET7A3,0.0
FOXB1,-0.008773605555555557
TRAPPC1,-12.151366666666647
VTRNA1-3,0.0
ZNF443,0.7989411111111113
SNRNP35,-2.1445061111111112
LOC440910,0.06672722388888888
DHPS,1.2973277777777774
ALOX5AP,4.127439444444445
MIR493,0.0
CSNK2A1,8.381316666666667
INHA,0.08885172222222221
SERPINC1,-0.061212783333333354
MAF1,-0.31881111111111693
CAMK2A,-0.09071134055555555
MIR4323,0.0
TTC30A,-0.2892067222222219
HSFY1,0.004052828166666666
DIXDC1,-0.5498433333333339
RNF215,0.37570499999999996
HLA-DMB,-9.392077222222227
TULP3,2.195966111111111
CDH18,-0.0073061111111111104
LILRA1,0.018597411111111073
C9orf142,4.33674888888889
CRTAM,-0.17963167222222218
HSPG2,5.447968333333334
LOC145783,-0.09085799999999977
RRP15,1.0710777777777771
HPCAL1,-0.6119333333333365
CCR1,0.5499795555555562
LOC100505716,0.01268908333333333
MIR4318,0.0
OCRL,0.6167327777777771
PPHLN1,5.115772222222223
LSM10,-0.2070366666666672
SCGB1A1,0.0
SRGN,6.992416666666664
ST6GALNAC1,-43.76383722222219
HEATR5B,-0.6324116666666662
TGM1,-0.02381447777777776
DEFA1B,0.047918050000000004
GTPBP5,4.664316666666666
MIR106B,0.0
CBR3,1.6516483333333336
DHRS12,0.6861761111111111
BACE2,19.346352222222222
RAET1L,0.5968974238888889
LST1,0.8278216666666669
PI4K2A,0.37895111111111124
LOC389906,2.222796111111111
CTAGE11P,-0.00019924444444444425
IGDCC4,0.2027945000000002
IL17RB,0.9941068333333334
RNASEL,-2.629372222222222
TOMM5,24.961888888888893
SNORD114-5,0.0
WDR52-AS1,0.009631133333333333
WNT10B,-0.20046952777777766
ZNF487P,0.04997650000000009
MIR5004,0.0
CASR,-0.05899251111111109
SLC9A3R2,3.1148238888888855
ESCO2,1.2460365000000004
HRH1,0.3891633333333324
MIR22HG,-8.69840777777778
SCGB2B3P,0.14429999999999998
SREBF1,2.0298722222222203
TOMM22,3.5179388888888923
AMIGO2,2.6606815555555565
PANX3,0.000027272222222222238
OR9A4,-0.005050422222222223
MIR21,0.0
LINC00515,-0.03474361111111112
WASH7P,0.137081666666667
ARMC4,0.025443312222222236
PMCHL2,0.0
PTAR1,-0.4985088888888898
MUC12,-15.035237333333328
MAVS,-1.2705850000000005
C9orf171,0.005227777777777777
ROMO1,29.99560555555557
UBE2V1,27.91164444444445
CNR2,-0.30478011111111114
MIR1291,0.0
DEFB4A,1.2476915555555557
LOC100505696,-0.2753749999999995
PDGFRB,10.47156277777778
CSNK1E,7.862294444444448
FAM75D1,-0.00028988777777777774
SPC25,4.9352994444444445
ANHX,0.0
LOC653501,-0.10739917777777785
TNRC6B,-0.2836561111111111
ZNF345,-0.16152722222222216
MKRN7P,0.0012490500000000007
APOBEC4,0.007648633333333328
C2orf42,0.05926555555555568
C4orf45,0.0
GIPC2,-4.8007761111111105
RBM18,2.025110555555555
INTS9,0.12322777777777816
C15orf53,0.0040214333333333345
EEF2,125.88100000000009
FBP2,0.025408116666666675
GALT,-2.210118888888891
LENG1,-0.7748011111111106
MIR4526,0.0
GFRA3,-0.8453167055555555
ADH1A,-0.27437013333333327
LINC00256B,0.053742088888888886
MIR512-2,0.0
RHOBTB2,0.7452222222222225
ZNF649,0.3326072222222227
ZNF679,0.0
LOC100130964,0.0075645
AKAP6,-0.09272267222222225
BANP,0.3837516666666678
LOC644936,0.0
OR2M2,0.0
DIRC3,-0.022010258888888898
HILS1,-0.01768229999999999
MIR3924,0.0
STX5,-0.6627033333333312
PLEKHF2,-2.179878333333331
PCOLCE2,-2.236640244444444
OR1A2,0.0
GRIK1-AS1,-0.03800643333333333
TDGF1,7.763492333333334
DDI1,-0.0012886666666666667
CDKN2B,-31.446678611111118
BRK1,8.309572222222243
CNNM2,-6.189346111111111
HSP90AA6P,0.0
MIR2277,0.0
MIR4669,0.0
TUBB1,-0.0033191055555555765
LINC00210,0.0
PRKCB,-2.111282055555556
ZNF778,-0.07423394444444453
MKI67IP,9.254685
AMY1C,1.3385222222222224e-6
AGMAT,3.224499999999999
ATAD3C,0.47449657222222225
LOC283710,-0.280407166666667
PROC,0.0989065222222224
PTPN7,-0.8626938333333334
ZNF354B,0.207871666666666
BRD4,1.8045755555555534
UNQ6494,0.030627744444444435
API5,6.370216666666661
MASTL,1.4845761111111115
RFPL3-AS1,-0.0072007888888888875
KRT40,0.2242686611111111
GSDMA,0.2827395666666666
SNORD104,0.0
TAS1R3,0.27836336111111115
LOC727915,0.0
SMYD5,3.203999444444446
ARID4B,0.2671777777777784
CRELD1,-0.3291050000000002
SRCRB4D,0.10303208333333334
CDC42EP4,-6.1433383333333325
COL1A2,267.61556666666667
GRM1,-0.0033634500000000005
GABRP,0.28628351111111106
LOC389765,-0.11502483333333346
MIR4275,0.0
PNLIP,0.0
TPM4,96.18906666666669
RPL10L,-0.523304338888889
SESN1,7.216617777777776
CCDC140,0.0
KIFAP3,-1.5541444444444412
OR10K2,0.0
MIR499B,0.0
MIR3921,0.0
C2CD4B,2.092690222222222
CFHR5,-0.007083194444444444
LCE3C,0.0
CXCL17,0.37164994444444444
GTF2IP1,0.06647405555555563
LOH12CR2,-0.028647055555555412
FAM184A,0.06295414388888892
PXT1,0.005946322222222222
ASPHD1,1.8876466666666665
RAPGEF4,0.39605244444444443
SPATA17,0.4020915833333332
ZMAT2,-2.95677222222222
ZNF525,0.6250464999999998
ATP5F1,-25.464255555555567
OR52N4,-0.04317332222222223
DTX4,-5.873313333333332
ZNF546,-0.09210831666666666
HARS2,-1.086114444444446
FAM122C,0.045930722222222276
DDTL,-0.9102361111111112
ESPL1,0.9963102777777779
MIR656,0.0
MIR299,0.0
FBXO11,0.07956666666666834
LY86-AS1,-0.010858022222222223
WDR67,0.6493187222222225
ALCAM,2.3099572222222218
RBBP9,1.090599444444444
C2orf27A,0.2843600444444444
PLDN,1.7766755555555545
SLC9A3R1,-44.05734444444444
ALDH3A1,-1.5178493888888887
CCL15,-11.161106222222223
GOLIM4,-2.7302555555555585
FRMD4B,-1.2465172222222227
LRP12,-0.07605255555555601
CAPN12,1.3528027777777778
DHX36,2.0322394444444445
PADI1,0.27835837555555554
PER2,-0.2879794444444439
PLAUR,8.372166666666663
HSD11B1,0.833399722222222
GRAP2,-0.896694166666667
AKAP14,-0.026294088888888886
UBL4B,0.001642883333333333
FRMD6,0.27382566666666586
LOC100507500,0.006638955555555576
AOAH-IT1,0.0038745333333333326
MIR935,0.0
PABPC1L2B,-0.008602341111111115
UTS2R,-0.1820916277777777
GYG2,1.2470908888888892
ZNF703,16.45265555555556
RABGAP1,0.5918783333333337
CSNK1A1P1,-0.00869266111111111
VDAC3,1.2823333333333267
DACT3,-1.2712435555555563
GDPD4,0.003295555555555555
SPTY2D1,0.4725677777777779
FMN2,-0.41778183388888884
TMEM64,0.1983083333333333
RASGRF1,-0.031430244444444436
KCNJ14,0.1662048888888889
SLC25A3,-24.366222222222234
C3P1,0.029280337222222216
TTTY16,0.0
AXIN1,1.9184022222222215
ZNF84,0.23003277777777775
EXOC4,5.072744444444446
UMPS,1.6999138888888892
ATIC,17.426144444444446
CLCA4,-258.36524188888893
JTB,6.030383333333326
TAL1,0.017396444444444437
GDF11,0.8991454444444444
MRPL27,-8.566755555555552
OR8H3,0.0
NUP93,4.9227777777777755
RIT1,0.01462944444444414
LINS,-0.6657733333333338
ZG16B,5.226686000000001
ALG12,-2.21739
CC2D2A,0.1925417777777778
LOC729059,0.01646177777777778
BBC3,1.6249494444444448
THRSP,-0.08995348333333332
OR2T5,-0.0011689611111111112
MIR4654,0.0
BBS9,0.3070888888888894
RDH10,2.646974444444445
SDC4P,0.0
SNORA66,0.9138222222222223
UGT3A2,-0.021622872222222228
GNG3,-0.8435019722222223
FAM13C,-0.015122666666666618
SNORD113-6,0.0
ZNF407,-0.2953551666666665
BDNF,0.10292550555555552
GYPE,-0.002677699999999991
ARHGEF18,-4.375277777777777
STK32C,0.6140026666666665
GSTO2,2.140071222222222
KLF17,0.014006902777777778
PRKAG1,2.376799999999996
CNGA1,-0.8229885555555558
FAM75A1,0.00006173611111111111
MIR1266,0.0
MFSD2A,1.0572472222222205
MIR5680,0.0
ACTL9,0.0
UBXN2B,0.3683583333333331
FMO1,0.20006560555555553
MYBL1,-0.09624144444444449
MIR636,0.0
SAGE1,0.0008391777777777777
SLFN5,0.9495155555555557
CLEC16A,-0.3140722222222223
LOC100124692,0.6179705944444454
FMR1,0.8419227777777785
09-Mar,0.7277655555555556
RSPH10B2,0.005333443888888886
CACNA2D1,0.19626911111111134
ITPR3,5.154571666666666
LOC100506714,0.6037966666666668
BMP3,-7.346902538888888
CD1C,-0.5964084444444443
RHBDD2,1.9708111111111144
SNORD80,0.0
STX1A,1.1367154444444443
LCE2D,0.0
LOC100131320,-0.0314121111111111
PATE4,0.0
SETD1A,0.7245888888888885
SLC18A1,-0.22868853888888885
LINC00331,0.0
RBBP4,1.3261788888888901
TNFRSF4,0.7556515555555556
TUBA3C,-0.0004722416666666667
MYL12A,-45.06755555555554
FIGLA,0.012112344444444445
CACNB1,-1.4899560555555553
SHC2,1.4356852222222223
VPS13B,0.19758500000000012
EIF4ENIF1,-0.5845033333333332
DIO3,-0.12051180555555518
LCE1B,0.003123166666666667
LOC644714,-0.0894750000000002
SLC1A3,0.3937502222222222
OR51E1,0.8528295555555555
HIGD2A,-33.788283333333325
TRAFD1,-0.9196150000000038
MIR5007,0.0
KLHL34,-0.2935325833333333
NEK7,-1.5219927777777773
PIBF1,2.5881988888888894
ZNF37BP,0.10510088888888891
CALCOCO1,-4.77837222222222
LRRC37A5P,0.0
MIR551A,0.0
CUX1,4.248244444444442
TTC1,0.8262222222222206
P2RX3,0.03222304999999999
PCNXL2,0.5327706666666668
CALCB,-0.056998883333333375
HAGH,-4.054244444444446
PRAMEF1,0.0
DPY19L4,1.8574611111111112
PPY2,-0.009199277777777778
WDR83,0.5695699999999992
LOC375190,-0.0873233888888888
CPQ,-3.4380911111111097
AGAP2,-0.1379908333333335
ADAM11,-0.0287386161111111
BPNT1,-3.231333333333332
BPI,0.028476738888888894
GAA,-3.5654972222222234
CHPF,23.440827777777777
HIGD1B,0.14000756111111118
VASP,-7.559877777777778
SLITRK4,-0.035234461111111115
HERC5,-0.1564511111111111
CCBP2,-0.6300455222222223
FAM181B,-0.16163442222222218
TTC30B,-0.3681005555555559
HLA-DRB5,3.447593928722223
TRAPPC6A,1.1650133333333308
ATAD3B,2.1676294444444437
NANOGNB,0.0
RAD54L2,0.5377644444444445
CCT3,45.59250555555556
DEPTOR,5.2692961111111085
OR52L1,0.0
AGTPBP1,1.4802172222222225
SSX3,0.0
STX11,-0.205936388888889
HOXA-AS3,-0.19140133333333287
ATPAF1-AS1,-0.0004421944444444447
RAB40A,0.05931545555555556
ZNF236,-0.023136777777778006
DSCAM-IT1,0.0
DKFZP586I1420,-0.6601455555555558
SPAG8,-0.05567393333333334
CNTNAP3,0.06241503888888894
HLX,0.025433333333332975
SMAD5,1.5407205555555556
FLRT1,-0.18921782777777768
LRRC49,0.13210461111111116
MFGE8,8.104194444444445
LOC100505495,0.18389166666666656
NDUFA3,-7.069111111111084
RBMY2FP,0.0
RNASEH2B-AS1,-0.04612518333333335
GPR83,-0.010931302222222224
CNO,0.22119055555555533
SNORD113-2,0.0
LOC149373,0.0
SUSD2,0.22347394444444446
LOC100288524,-0.09102157777777778
MIR155,0.0
LOC729603,0.11607050000000002
COX6C,-20.17232222222222
LNX1-AS2,0.055939005555555574
LOC100652999,0.5605366666666662
LOC220729,-1.8440233333333342
MIR4697,0.0
PDE5A,-3.287199444444446
CXCR5,-0.8127901833333333
TEX21P,0.025081166666666682
NGEF,-2.4674935
BTBD10,0.15199444444444588
PCDHB16,0.5447261222222223
VSIG2,-61.717785944444444
ERF,6.533961666666663
PDLIM2,-5.658890555555555
TRIML2,0.0
FOXF1,-2.718366111111111
HAO1,-0.024387361111111117
ITPKC,-0.09404722222222262
EGFLAM-AS4,0.0015784277777777778
C22orf40,-0.4095150000000003
ZNF28,0.4655505555555557
ACMSD,0.003437138888888887
HMBS,3.316033888888887
BRD7P3,0.00049022
LOC440040,0.0
OR10H1,0.03696081666666667
AMOTL2,3.31651388888889
ADRB2,-0.728592216666667
GANC,-0.33282777777777817
BID,4.835816666666664
LOC100130673,0.13255609444444444
OR51A4,0.0
RWDD2B,0.588243888888889
TMC3,-0.001096830000000007
CREBZF,1.659213888888889
LOC389634,-0.08821985000000004
PTPN22,-1.0049662777777775
EHD1,-3.3331777777777774
VAV3-AS1,0.0038479944444444435
BTN3A1,-1.7112516666666657
NBPF22P,0.018749194444444443
ARMC12,-0.015583311111111109
CDRT1,0.054756627833333335
MYO5C,-0.5665483333333334
RANBP10,0.3842149999999993
COX17,4.663000000000011
PHOSPHO2,0.2697450000000008
MIR4708,0.0
NRBF2,-0.3424577777777795
OR7D4,0.002707211111111111
MIR4721,0.0
LRRC25,-0.1917534999999999
RBM26-AS1,0.1255254444444444
ACSL4,4.290036666666666
CCDC42,0.001591361111111112
PHACTR2,-0.21369499999999952
CAAP1,0.42743277777777955
SLC25A30,0.41824999999999957
GBF1,-1.771083888888887
SSTR4,-0.00032755000000000284
SYT6,-0.03829787777777778
LOC100294362,-0.024592255555555553
MDM2,0.6254288888888881
HBZ,-0.023525233333333336
MED27,3.614491111111114
PCNP,6.839683333333333
UBE3B,-1.9256161111111112
LOC100144595,-0.005440283333333331
CYP1B1-AS1,-0.09248137222222219
TMEM134,-0.9221233333333352
SH2D2A,0.3427229444444446
CXorf68,0.0
MIRLET7G,0.0
SASH3,-3.6029983333333337
CRYBA1,0.008006744444444444
NTPCR,-2.0094055555555563
SDF2L1,0.5898561111111071
DEFB116,0.0
SOWAHC,-2.240320555555554
FAM120A,0.4107999999999947
EBF2,0.18947957833333337
HSD3B2,-8.108358883333334
LEP,-0.06185601222222223
CBWD6,2.658248888888888
FCGR1A,1.1549767222222223
LOC100507055,0.006713694444444442
CD226,-0.3238817777777779
LOC100128511,0.1302430444444444
CD14,-14.74476666666667
PHACTR3,0.018055966666666645
PROL1,-0.0023596555555555556
C6orf147,-0.006111005555555563
FCRLB,0.006914577777777764
KLRC3,-0.5963853666666667
NUPL1,6.372222222222224
LIMA1,-36.270938888888885
KAT2A,6.260416111111111
TRAF6,0.06004555555555591
LOC283692,-0.003641827777777778
CDH13,2.3789390000000012
GDF9,-0.01740522222222221
MBLAC1,-0.16577572222222192
NOX5,-0.006204521666666671
TMEM121,0.05622388888888885
VWA3A,-0.006017213333333337
ZNF135,-0.14088689444444424
C16orf45,-0.8929
AGBL2,-0.1278350166666667
RPL13AP20,-0.3814901111111111
SFMBT2,-0.41194527777777756
LOC253573,0.0
SLC13A4,-0.007944650000000003
RXFP4,-0.7206704444444441
ZNF321P,-0.0609226666666669
SLC27A2,-3.3199496666666644
HTR1A,0.0012143444444444446
ADAT2,0.7872107777777779
KLHL25,0.380743888888889
MGAT5B,-0.07228725555555554
ZNF558,0.46018333333333317
SIRT3,-1.1820050000000002
TM7SF2,2.4752866666666664
NAA60,-5.556366666666666
OR2C1,-0.01616604444444445
CCDC71,-0.7595338888888898
HPR,-0.015487356666666674
APOA2,1.8645967777777774
ANKRD20A11P,-0.05455087222222223
CORO1A,-9.549055555555562
IMMP2L,3.814520000000001
OR4C3,0.0
SCN4A,0.025170115000000007
PCYT2,-0.33033999999999963
LOC731779,0.003468394444444446
SWSAP1,0.12449555555555558
C2orf80,-0.0034787555555555556
MIR648,0.0
HORMAD1,0.06700076111111111
POMT2,0.008451111111110965
MRPS14,0.02577277777777809
ABCA7,-0.39044166666666635
MSR1,2.874515944444444
IL17C,0.14337981666666666
DCUN1D4,-0.6712216666666659
PAAF1,3.2027277777777794
ST7,2.352637777777777
HUS1,-0.1686299999999994
MYADML,-0.0019263277777777778
ANXA3,18.609816666666664
BBS4,-0.08157944444444443
MIR940,0.0
RABGEF1,0.18589277777777902
TMEM97,11.40006666666667
MIR216B,0.0
KIF21B,1.0326856666666668
PDE8B,0.03598188888888898
POLR3F,1.6799433333333331
TSPAN9,2.867416111111112
LOC100190986,-0.09079999999999977
C6orf136,-7.931845000000001
MSL2,0.1065716666666674
LOC100505865,2.270388388888888
RAET1E,0.12922475555555557
AFAP1L2,-0.1328499999999999
MBP,-3.8480483333333346
DNAJB14,-1.0759655555555563
ABCC13,-1.0191362277777776
LBX2,-0.06562577777777778
DPH5,1.624443888888889
LOC643201,-0.11709752999999999
RRP8,1.8397322222222225
FCHO2,-2.6323727777777783
FLJ37505,0.0018932222222222221
GPR114,-0.050451500000000093
SEC63,3.069361111111112
SLC22A12,0.00003673333333333332
SRP9,16.87033333333335
SYCE3,0.01859072222222219
TSNARE1,0.7829983333333335
DHRS4L2,-2.2034833333333346
HP1BP3,-7.141599999999997
HEPH,-13.157438888888883
LOC100499177,1.1091677777777784
MOB1A,-3.0364611111111017
KHDRBS1,9.229622222222226
PHF21A,-0.0016783333333330042
VPS37A,-0.323496111111111
ZBTB48,-1.4371661111111118
GPR137C,-0.006463883333333309
HHIP,-0.6973613499999998
GEMIN8P4,-0.17645468888888893
MIR3925,0.0
MIR568,0.0
HDC,-0.3494879388888892
XRCC6,12.4142111111111
LOC153684,-0.0947302333333333
BACE1,1.8255966666666663
MLKL,2.1608022222222205
PCDHAC1,0.02473493333333332
MIR3910-1,0.0
NTMT1,7.0506716666666644
HIST1H2AJ,0.013519766666666655
PMEPA1,22.090289444444444
HNRNPUL2,-1.7445277777777832
HSPBP1,3.9235222222222195
RAB9B,-0.11607713333333336
RRH,0.019161800000000014
SLC35A1,-5.537782222222226
MS4A6E,-0.010420055555555556
PGPEP1L,-0.02828466111111111
PLAU,14.822982222222219
ANO4,-0.013415670000000005
MKRN2,0.6275272222222217
TBC1D2B,-0.6298588888888865
C2orf68,-0.9464733333333317
SCUBE1,-1.563012411111111
FAT3,0.0004591316666666609
LRRC48,-0.024466000000000043
CAPN13,-7.221104550000001
KLRB1,-9.491004333333333
NT5C,-4.467766666666666
RABGAP1L,-1.8012766666666664
LOC100133920,-0.010444693888888884
OSGIN1,-0.9946484444444446
SFTPB,0.9670330944444443
SYDE1,1.0581972222222222
TUBBP5,-0.11581547222222222
C20orf166-AS1,-0.3660276277777778
CAMK4,-0.5440379166666666
PHKG2,-0.5133244444444438
PCDHB15,0.21727722222222223
LOC503519,0.0
C18orf26,-0.0025709166666666667
RAD54L,1.3449200000000003
RAVER1,3.787076666666671
ST6GAL2,0.28928329944444453
AKR1C2,-1.5758529166666668
MIR3685,0.0
CAMK2N2,0.020796544444444454
GPR111,0.006576338888888889
HIST1H2AI,-0.17099666666666646
MIR215,0.0
ADAMTS5,0.2914175555555556
NCOA4,-17.00399444444445
AGAP7,-0.015263277777777806
MIR1343,0.0
NR0B2,0.9884097777777776
MAN2A1,-2.7883411111111087
ADCY9,-2.9805388888888897
CTAGE7P,0.03468132222222223
PPP1R3E,-0.3202864444444442
TATDN3,-0.6033355555555553
TIGD6,-0.050757777777778346
HIST1H4A,0.110068
ARSE,3.9913481111111135
CSAG3,-0.00012118405555555569
CCDC127,0.6326561111111122
SPHKAP,-0.02009153666666666
LOC400752,-0.09237988888888882
ZCCHC24,1.7090299999999994
ZNF728,-0.02010029444444444
ERCC1,0.9494016666666667
GATSL2,0.015057944444444582
SENP7,-0.41033722222222213
ANP32A-IT1,0.004590688888888889
CELF4,-0.1354042761111111
DGKI,0.029917917222222215
SELENBP1,-382.6370277777777
UBAC2,9.550111111111114
APBB2,1.024977777777778
PFN1P2,0.26922483333333314
CCNT1,1.1024600000000007
LOC338588,-0.008026477777777775
SIK3,-0.7362094444444454
FAM160B2,-1.3203294444444449
SYT14L,0.0011144333333333333
MIR1247,-37.02068388888891
RPS16,204.97827777777775
TMEM110-MUSTN1,0.06891808844444444
URGCP-MRPS24,0.032314242777777835
NECAP2,-2.254227777777775
RASA4P,-0.8934355555555564
ZNF383,-0.4773033333333334
AAK1,-0.36391166666666686
ZNF804A,-0.059214005555555546
LINC00323,0.008376277777777778
COL9A1,1.4091410555555552
C9orf173,0.1106313611111111
CCDC51,2.6347094444444448
DGCR14,0.004783000000000204
ZSCAN30,-0.3333980555555556
ZYX,25.937344444444456
RASSF3,-2.1318277777777794
SNORD116-4,0.0
ADAM6,0.0
LOC158376,-0.14216922222222217
CEP152,0.08586955555555542
MED1,1.7649038888888882
TTC29,-0.012396277777777777
LOC442459,-0.0010168670555555559
ATP6V1C2,0.9366217777777777
SLC22A2,0.01096093888888889
SAV1,0.6448261111111107
SCARNA8,3.485061111111111
COPS3,1.144216666666665
METRN,-0.49409666666666663
TMSB10,442.7936666666667
NAA20,25.527538888888884
RALYL,-0.05691455
ULK4P3,-0.011888989444444442
WDR64,-0.0077444455555555555
MUC7,0.0015088666666666674
OVCH2,-0.0012260444444444445
ADAM9,13.702322222222229
DNAL4,-1.1182749999999988
DAP,10.040216666666659
PRDX4,30.5058111111111
MIR3690,0.0
RRP1B,2.3219166666666666
ARSF,-0.00561245
CRYAB,-7.180974444444441
CACNA2D2,-0.4255312333333334
CEACAM8,-0.029200444444444446
GRM4,-0.002534446111111109
IL17A,0.30027271666666666
LOC145474,-0.005712072222222222
C1orf170,0.06555163611111112
FLJ16341,-0.003335511111111111
MIR3687,0.0
MRGPRF,-2.657891000000001
NICN1,-0.4950227777777787
DPP10,-0.43264987777777764
MIR4472-2,0.0
NF2,0.06602666666666579
LINC00251,0.0
HIST1H3E,-0.0550072777777777
LOC100507091,-0.005825833333333335
MIR4783,0.0
CHST13,-0.692702161111111
NKTR,0.16203388888888792
PCDHGA9,0.04904688888888886
C5orf54,0.4490721666666667
FAM217A,-0.00009577222222222244
FMR1NB,-0.0022493277777777777
MRPS23,8.273583333333331
PTPN6,-4.340500000000002
RECQL5,-0.4227544444444442
RPS20,171.05988888888885
TMCO7,0.7388438888888891
PPRC1,3.9368616666666654
WNT7B,0.08932720277777778
SPATA6L,0.051311388888888754
VWC2,-0.30275917222222226
ACTR3BP2,0.0
C1orf198,4.077568888888887
ARIH2,0.5847488888888908
F7,0.2794681555555556
NPRL2,-0.06034222222222052
RLIM,2.0448844444444445
DENND4A,-0.14480300000000002
NOL7,10.470722222222221
RAG1,0.15451302222222224
HES6,11.334813333333335
VAV3,-8.224202222222232
B2M,-2112.322777777778
TBC1D4,3.8466338888888894
LOC100653515,-0.004669666111111113
DKFZP434K028,0.006245138888888889
MIRLET7DHG,-0.16541401666666664
NMT2,-0.7487327777777777
MPND,-9.77743888888889
ERAS,0.0023460666666666637
LUST,-0.2999607777777782
ARSH,0.026673205555555555
MIR4696,0.0
GPRC5A,14.807528333333323
HTATSF1P2,0.09899972777777766
OCA2,0.7255121999999999
PMS2P3,0.5307077777777778
SLC39A14,-4.071116666666665
DEFB132,-0.003946127777777779
CALML5,0.0026225666666666665
SNORD115-4,0.0
STAC2,-0.062228579444444466
MIR127,0.0
PCED1A,1.3828111111111099
TCTN2,0.5661688888888889
LOC100288520,0.0014992112222222223
WASL,-12.754638888888888
PDPN,7.327975555555556
MIR548AO,0.0
RTN3,-4.120033333333325
GDNF,-0.2953535944444444
SLC52A2,22.733416666666667
CCNH,3.6755388888888874
KDM4D,0.048341694444444444
XK,-3.041607222222221
PCDHGC5,0.024233311111111107
NFU1,1.6142277777777814
MSRB3,-0.47786722222222267
ZNF815P,0.08675977777777777
CSF3,0.8625001444444444
HSPA6,-1.2079686111111114
MIR4511,0.0
BTBD11,0.12469452777777779
KRT13,0.0765830611111111
ITIH6,0.006078587222222221
LOC727924,0.0038188722222222225
LPXN,-2.40952222222222
PTPRB,0.10590833333333238
C6orf223,7.744538611111112
BRCA1,1.6397906111111107
CCNK,0.4714888888888815
C14orf183,0.004773422222222223
EFCAB9,0.0
FAM35B,0.022417005555555564
OSBPL3,2.383129166666666
TAGLN3,-1.0938867277777775
MIR4312,0.0
TMED5,-0.8875333333333355
GRB7,7.361584111111112
TMPRSS11F,0.0
YPEL4,-0.21207357777777774
AKR1CL1,0.009011277777777778
ZFC3H1,0.9197894444444445
SCAMP3,6.238477777777774
SLC16A2,0.2323927777777779
KGFLP2,0.038925777777777615
CTXN3,0.0021686
MRPL23-AS1,0.2659033055555556
SMG7,3.368142777777779
BARX1,0.29373832777777775
PNRC1,-0.45071499999999887
CDK5R2,-0.24325707222222223
DNASE1,0.602510444444444
LOC729444,0.003419053888888888
REM2,0.2640719999999999
C6orf15,0.833912611111111
TMEM236,-5.974392333333334
BLVRA,0.08713499999999996
HOXA-AS4,-0.017517322222222242
MIR599,0.0
OR5B17,0.0
HMGN2,-1.5927277777777817
SP110,-0.36868999999999996
MIR548AS,0.0
CDCA4,3.926657777777777
TTBK2,-0.11558316666666679
ORC2,1.3911305555555549
DPP8,-0.9410383333333332
CCRN4L,0.20299377777777772
MAP3K13,-0.7521550000000037
MIR487B,0.0
PEX11B,-1.689055555555555
HAPLN2,-0.008128477777777782
RGS9,-0.6037932222222223
NOMO2,5.565083333333332
TSG1,0.0005489411111111106
HOXB-AS3,0.9611213333333346
RGSL1,0.0002952833333333333
LOC100128568,-0.010288249999999999
FOXA2,4.557088594444446
CHML,0.5123383333333329
TPM3,4.463900000000024
LOC151171,0.0009625111111111113
PTX3,-0.47897923888888894
LINC00366,0.0
CPLX1,1.1389377777777774
RBMX,19.984361111111106
SNORA42,-1.0045055555555555
PQBP1,6.787272222222214
TDRD12,-0.005928322222222224
LOC100507634,0.039816061111111106
MIR221,0.0
B3GALNT2,1.5378155555555555
DLX5,0.050009088888888886
OR52K1,0.010425605555555556
GRK1,0.00014779444444444406
LINC00485,0.00023321688888888747
TBCC,-0.8661166666666666
GSG1,0.014256538888888892
NETO1,-0.021212886111111117
LOC440600,0.016996138888888866
VASH1,1.4090399999999996
C10orf122,0.0
C1orf228,-0.09393755000000001
MIR5700,0.0
PTPRG,1.1725150000000002
SLC6A17,0.010533922222222228
PLSCR4,-5.572266666666668
SAP130,0.33477111111111135
MIR663A,0.0
MIR4277,0.0
C10orf11,0.23124294444444482
RPAIN,0.6828683333333334
SLC31A2,-3.0795533333333314
ADAM30,0.0
C10orf116,-9.396403333333339
SNORA11B,0.0
SPRR2C,0.0
PSMB7,21.675238888888885
MIR3916,0.0
POLR2G,11.507794444444443
WHAMMP1,-0.19053833333333348
KIAA1683,-0.4130447555555556
LOC100499466,-1.0563099999999999
EXOC3L2,0.845831222222222
FAM21B,-1.5882038888888896
DNMT1,5.690819999999999
FUT5,-0.04802925555555557
CCDC147,0.0039404233333333386
CLEC4E,0.3422264666666667
CNBP,2.1953611111110973
MLF1,0.9922761111111109
MIR557,0.0
ACER3,-1.3808833333333341
NDUFAF3,0.37860555555555564
PITPNC1,0.6582183333333331
HLA-DPB1,-10.896518888888885
ORMDL1,1.3391794444444436
C20orf152,0.005495361111111107
MGC39584,0.0004455555555555558
C6orf222,1.853574527777777
LOC728024,-0.04374972222222223
C3orf70,-0.8404869444444443
SEH1L,3.935414999999999
KDSR,-0.22843888888888841
NUDT9P1,-0.0024033888888888855
PIK3R4,0.6286116666666652
SLC4A11,1.6704507944444447
POLR2M,0.13056555555555605
THAP3,-2.4793555555555553
AP4B1,0.7896477777777786
CHCHD7,3.9243500000000004
FAM221B,0.0014979755555555446
FLJ42280,0.0
RALY,7.332022222222214
RNF138,-5.633366111111112
TM9SF2,29.094433333333342
ZNF614,0.5327835555555556
FLJ25758,0.004789655555555556
MAP1LC3A,-0.6240300000000012
ZNF738,0.3354017222222221
SNORA33,1.225538888888889
TCN2,-11.65765166666667
ZNF622,-4.834833333333329
COL23A1,-0.10158490000000003
ATF6,1.1458372222222213
TIA1,2.2475966666666682
TSPAN2,0.5290631111111121
ZPBP2,-0.008565222222222222
GLB1L2,1.9760211111111108
C4orf51,0.0
TXNIP,-153.58818888888882
GPR3,0.3867536388888889
COL4A3BP,-1.9537522222222208
FAM208A,0.2178561111111117
OR56B4,-0.042589072222222246
AP2S1,4.027244444444435
FGR,0.9245947777777774
PSMA2,33.32855555555556
RIPK3,-2.8651677777777795
GDF10,-0.07918503333333335
SLAMF1,-0.832922388888889
FBXL18,0.6000999444444446
PSMB6,-2.903983333333322
BEST1,0.0024984444444444143
TMEM203,-0.6187222222222246
C1orf51,-0.09454116666666657
KLRC4,-0.5207937944444445
MSC,1.2696133333333328
DAZAP1,8.295638888888881
DCN,-52.14791111111113
DOK2,-1.4112011111111116
IFT46,0.7520116666666663
DSCC1,3.2959278888888894
LOC100507194,0.01495385555555556
PTPN2,-0.5437700000000003
EMC8,3.8193322222222212
RNF19B,-4.757092777777775
PRR18,-0.005143777777777778
SNORD126,0.0
LOC650293,0.062075299999999986
BTBD8,-0.05897599999999997
FER,-0.026157500000000056
MIR4661,0.0
AGXT2L1,0.001146927777777777
FMNL3,0.3519461111111113
COQ10B,-0.7298872222222244
MOCS3,3.5371911111111114
MPPED1,-0.046825588888888894
IL18RAP,-0.24773258888888883
CST8,0.0
LOC100129518,-0.12426477777777778
MFN2,-6.641344444444439
NAALAD2,-0.24884639444444442
NUDT18,-1.2987000000000002
PNMA5,0.00012401555555555457
SERF2-C15ORF63,0.03637244444444443
SMPD3,-7.936007222222221
SOCS7,1.0106916666666668
TBCD,2.1568155555555553
SNORD84,0.0
TNIP1,-16.96233333333334
UBE2J2,-2.0661661111111123
ANKUB1,0.0007286833333333331
LOC285796,-0.0025346000000000006
MIR585,0.0
LOC100130954,-0.003752298944444445
NYAP2,-0.006185388333333332
RAMP1,9.382369722222222
TXNL4B,0.6504199999999996
RPGR,0.7289911111111111
PPP2R2A,2.5164177777777788
RPL3L,0.0036832333333333333
C6orf70,0.5186322222222222
FAM83A,0.2737261555555556
GBP5,0.08970994444444447
MBD3L3,0.0
MIR891A,0.0
IGLON5,0.04356077222222221
PIEZO2,0.2534011277777778
PRSS41,0.09215471666666666
QKI,0.1849666666666665
ZCCHC7,2.8868922222222233
DNAH11,-0.003856092777777778
GRM5-AS1,0.012815241666666668
IPMK,-1.1313605555555553
RGPD3,-0.003880066666666626
OR4D11,0.0
ZNF91,-1.4894599999999985
TMPRSS4,-13.889323388888883
GMCL1,-0.5896394444444475
RHBDL3,-0.05432575555555555
LRRC20,2.2437777777777783
DOK1,0.21867999999999999
PDCD5,29.643899999999995
POLR3A,0.9840416666666667
CDKL3,0.04308387777777781
STAT1,11.200161111111111
TP53INP1,-4.102988333333334
GCNT4,-0.7355161277777778
SMG6,-1.3592544444444465
TMEM37,-29.65130166666666
WDR77,10.711776666666665
FAM131A,-0.8487949444444443
MIRLET7C,0.0
OR6N2,0.0
LOC283761,-0.0034538166666666674
MPZL1,6.628150000000005
MRPS18A,-0.36137777777776847
FCRL3,-0.49115472222222223
PRAMEF15,0.0
TERT,0.0884426166666667
HSPB8,-7.440769777777774
TIGD3,0.06454952222222224
MIR3655,0.0
HOXB9,6.330509277777779
SIDT1,-2.794152722222222
ANP32D,0.0
LOC642361,-0.4821105555555554
LPL,0.8181569444444445
TMEM8A,-5.309161111111116
ALAS2,-0.03713834444444444
ATP6V0A4,-0.003801846111111112
ISLR,14.14231722222222
B3GNT3,-1.366818777777766
INO80B,2.1065072222222216
LOC146336,0.03905152722222219
MGC2889,0.0005797944444444446
MRGPRX1,0.0
PCNA-AS1,0.0
LOC647107,0.0
MVD,3.380561111111117
H2AFV,16.772005555555552
AKR7A2P1,0.04314732222222222
ESCO1,0.109782222222222
FCGR2B,-1.5161419444444442
IQCF4,0.0
FOXN1,-0.06877721111111113
MIR302A,0.0
AATK,0.18089433333333327
CASP8AP2,0.18017722222222243
SNORA21,48.04930555555556
FPGT-TNNI3K,-0.1435123611111111
MIR4716,0.0
MIR423,0.0
POU6F2-AS1,0.07337733333333334
WRN,0.2565700000000002
RAET1G,0.24780937777777778
LIX1,-0.06896618944444444
LCN10,-0.4356039777777777
MIR495,0.0
FLJ12825,0.0005023561111111123
NIT2,9.220083333333333
LOXHD1,0.02591909
WFDC3,0.6598280611111111
BTG1,-7.398207222222222
EN2,0.04931690555555555
RTF1,-0.5439794444444441
CEP170P1,0.05466594444444445
UBA1,9.352866666666657
DNAJC22,-1.279930722222221
NRL,-0.046106499999999995
SH2D1A,-0.21016988888888888
ACE2,-1.0520171666666656
YDJC,4.2001666666666715
KLRC4-KLRK1,-0.05003018477777779
LOC100506305,0.07396308888888889
NEGR1,-2.1238761666666672
RAB3GAP1,0.004166666666668206
PLA2G2C,0.010798388888888892
PEX10,-0.3690555555555566
TRAM2,0.034722777777778546
CYB5D2,-1.443711111111111
PCDHGB4,-0.0010729166666665901
SPHK1,4.284721333333333
LOC285692,0.000993388888888889
SRCIN1,0.2624980222222223
C2orf71,-0.005500170555555555
D4S234E,-1.0312941444444446
ENAH,2.5087433333333333
DPH1,-1.2552622222222212
MRAP2,-0.1166611111111111
WDR96,0.012281628333333336
CNTLN,-0.0814502777777778
MIR658,0.0
RIN2,2.117192222222224
STXBP4,0.11409816666666672
SELT,-1.6616166666666672
FAR1,-2.566482777777777
TEAD3,1.753917777777776
PLEKHG7,-0.10916882777777775
TXLNB,-0.10633863888888889
CXorf26,3.6557111111111116
FST,-0.05012355555555559
C10orf111,0.05008675
DPY19L2P2,-0.0155617611111111
HEPHL1,0.15702513277777777
MIR3941,0.0
NAP1L5,-0.016290666666666898
ATP2C1,3.9919277777777786
SNORD5,0.0
FBXO45,1.7057733333333336
PRPF6,12.540527777777779
PRRG3,-0.031808761111111084
PVRIG,-1.1770909999999999
TMEM218,-0.011412777777777272
ANXA2P3,0.0
PNO1,6.950947222222222
RNF103-CHMP3,0.02074050444444444
EMR3,0.2817976277777777
CSMD2,0.09308544944444444
GNG12-AS1,-0.19621051666666667
PTPLAD2,-1.3715072222222222
SNORA67,96.03992777777778
UHRF2,1.1751055555555565
PKIA,0.12700355555555576
TRAPPC2P1,1.6953972222222227
SNAP47,0.235813888888889
SGPL1,-1.1145755555555574
APPL1,-1.16161611111111
C3orf49,-0.012351066666666667
CBX3,60.4026888888889
EEF1A2,-0.8884304055555556
EPB41L1,2.478334444444444
RNF165,-0.007709163333333324
KIF25,0.05359693888888889
MIR5000,0.0
OR4S1,0.0
RASGEF1C,-0.1358788222222222
ALOX5,0.257967777777778
EP400,0.4760638888888895
MIR1204,0.0
DSPP,0.00012224944444444452
MIR548AI,0.0
CYP2C19,-0.02545216666666672
TM9SF3,-1.4068111111111108
CHAC1,1.1434072222222222
BMS1P4,-0.08583205555555562
HDAC9,-1.596372888888889
ICA1L,-0.007647822222222267
KLRC1,-0.6218635888888888
LOC100130872,-0.6333045555555554
ILKAP,1.3142372222222214
NAT16,0.04408308888888887
CCDC73,0.006134794444444452
OPN1LW,-0.00003383888888888872
SLC11A2,8.963788333333333
CDR2,3.0273216666666674
TAOK2,-1.0394755555555548
TKT,57.09615555555557
TSR2,5.019011111111109
WDPCP,0.14416655555555558
CD2,-2.8309964444444446
NAV2,1.2425773333333332
DEFA10P,0.0
SLC30A5,1.945894444444443
ADAMTS20,0.0002289911111111111
TRIM16,5.833392777777778
FBXL20,-0.2968200000000003
ESRRG,0.06752440555555558
COMMD9,0.6465649999999998
MIR548AJ2,0.0
RPL12,361.8216111111111
MEIS3P1,-1.4939099999999996
KCTD8,-0.0062065000000000176
TMEM183B,1.4018388888888857
KLC1,0.5359466666666677
PAPOLB,0.0005628338888888889
SYF2,-3.9172499999999957
EPB41L3,-5.946141833333334
LOC100289019,-2.1556490000000004
FCRLA,-1.541818327777778
IQCF2,0.00417835
GOLGA6C,0.0024225719444444438
CRY2,-1.8134916666666676
PAFAH1B3,7.7409511111111104
RSAD1,-1.7390872222222207
MS4A2,-0.7800033888888886
MUC16,0.0029746840000000004
MIR204,0.0
MIR1282,0.0
HR,-2.9008166666666675
PGBD3,-0.04138733333333333
RAB40B,-4.1952700000000025
HIST1H2BD,-3.5572494444444445
SMPX,-0.9695662444444444
MIR4486,0.0
LOC100287718,0.0042427666666666666
SNORA3,8.483638888888887
ITGAV,6.067397222222221
KRTAP5-8,0.0039694944444444435
C20orf4,4.472523333333335
DOCK8,-1.4349680555555553
FASTKD1,-2.0282350000000022
LOC100131726,0.0020851055555555567
ZBTB9,1.7077955555555553
AOC2,0.038061444444444426
ARL4D,-1.6379488333333327
PIK3C2A,2.08664111111111
LOC157381,0.00036265555555555634
DERL2,-2.7681444444444487
KIAA1656,-0.004484672222222236
SBK1,0.7879366111111111
ALDOC,1.1632611111111135
DEFB106B,0.0
CSH1,0.0
GLUD1,-4.006722222222216
TCEAL1,2.312441111111111
TTBK1,0.0153026277777778
EFNA2,-4.357584111111112
PPFIA1,-0.22851055555555533
RBP1,8.443404444444447
FXYD5,36.951367777777776
ADAMTSL2,0.9955325555555552
SYNJ2BP-COX16,-0.014845667222222227
ZNF211,-0.868795
C16orf62,-3.129480000000001
ADAM15,10.03874444444444
EPDR1,6.0457816666666675
UBFD1,4.418626111111111
MIR193B,0.0
C3orf37,-1.0307222222222236
LOC389831,4.575946111111113
DYRK4,0.6794083333333334
MAFA,-0.015008300000000002
PSENEN,2.7514611111111194
DACH1,4.7149869833333335
MIR551B,0.0
RN5S244,0.0
SPSB4,0.024116661111111118
CCDC47,-8.178383333333336
OR7A5,-0.002566622222222222
FBXO34,-4.748041111111114
C22orf46,-0.3865105555555557
RGAG1,-0.0006064144444444452
MIR491,0.0
SAMD14,0.33963616666666674
ITGB1BP2,0.03043159444444432
TNNI3K,-0.003274
VENTXP7,0.0
C21orf119,-0.11164722222222201
CCDC160,-0.018028344444444445
FAM111A,1.0890016666666646
LOC145663,0.025023140555555545
KEAP1,5.331455555555561
PRLH,0.0
PSMB2,5.277761111111113
LOC100134229,-0.29060722222222246
GLYCTK,-1.0719977777777787
AGRN,11.683944444444442
CAPN8,0.9093132833333328
BBS1,-0.7138988888888891
BIN2,-2.3426266666666673
RAB11FIP1,-1.9971477777777693
GNL3L,1.548085
NEIL2,1.2070616666666667
STAMBP,-0.3211077777777769
COL11A2,0.18370096111111114
ARMC5,0.4457444444444443
KCNN4,14.062375555555555
CARD11,0.6247578333333328
ZNF248,0.30271000000000026
HBBP1,-0.002295188888888888
KIR2DL4,-0.4731631061111111
DNAJC12,2.9122942777777774
TPR,2.1701766666666664
DDX55,1.49157111111111
NAGPA,-1.511331666666667
PCCB,-3.9610555555555607
SOWAHB,-2.9469629499999996
POLB,3.147229444444444
C1orf53,0.4158441111111113
DNAJB4,-1.4569144444444442
IFT122,-0.06327444444444374
SERPINA5,-0.1172662166666667
UBE2Q2P2,0.024959411111111093
NUFIP2,2.5944033333333323
KRTAP7-1,0.0
SPANXN1,0.0
LINC00290,0.0
NFE2L2,-2.428933333333333
GPATCH3,-1.4902494444444443
RPUSD1,2.7721444444444465
FOXA1,-4.857499777777777
NECAB1,-0.08951854388888886
FAM75A3,0.0
PRTN3,0.0022434000000000004
BCL2A1,4.802107833333333
DSCR8,0.008875777777777778
MIR548AN,0.0
IGFL3,0.040984383333333325
CES4A,-0.04714611111111089
ACAD8,-2.309253888888886
HS6ST2-AS1,0.0
MIR1226,0.0
CBFA2T3,-1.1170438333333335
MIR2052,0.0
MIR326,0.0
MRPL39,0.5398777777777788
PCGF2,1.1428205555555557
MIOS,2.389923333333331
TDO2,1.550781
APBB1,-1.510397444444445
NDRG1,-56.95572222222219
RMND1,2.325044444444445
YAE1D1,13.515275000000003
PAX1,0.0
ERAL1,3.146227777777778
LINC00616,-0.0003045611111111117
LOC284581,-0.0014527555555555564
PDCD1LG2,-0.1048336666666666
GCNT7,-0.008163677777777779
GIPC1,-45.55082222222225
LOC100144604,-0.11047462777777782
ABHD14B,-5.2283777777777765
HTT,-0.018879444444444005
SYT15,-0.047541888888888884
TMEM43,6.205794444444445
OR2T2,0.004485394444444445
CDR1,0.033460694444444466
RARB,0.413786
CD99L2,0.3152633333333341
MTR,1.0012911111111116
HK3,0.9241123333333332
ZNF442,-0.01511161111111109
PITPNB,6.384316666666667
RPL36AL,-58.22061111111111
PCDHB1,0.005093361111111112
SRF,2.1540588888888905
YTHDC2,-0.39095333333333393
IDI2,0.37893483333333344
KCNH4,0.06918174277777778
SNORD19,0.0
EIF5A2,1.1033551666666668
PDK1,-1.726272777777778
MIR4637,0.0
DCLRE1B,1.266410555555556
PIGY,1.1400444444444418
ARID5B,3.396402222222223
ZMAT4,-0.12546368333333335
MIR208A,0.0
SPRR2G,-0.005109677777777778
LGSN,-0.10082890388888888
PRPS2,8.820072222222219
NBR1,-10.742855555555558
AP2B1,9.971605555555556
CARD16,-4.7861022222222225
SIAH3,-0.007170366111111111
SKA2,2.0714316666666663
CCDC124,9.71223888888889
OR51F1,0.0
C13orf33,1.195989555555556
OSBPL6,-0.06256579444444443
SAC3D1,1.0890811111111098
MTO1,0.3730544444444446
DEFB109P1,0.737648888888889
C2orf74,-1.1780698888888885
MYO7B,-6.775325611111109
SPATA12,0.2361563611111111
SYT2,-0.06945715166666669
FAM54B,-4.014037222222223
ATP5L,-17.651627777777776
LOC100288748,0.11585805555555573
PTPN1,3.122755555555557
SPTLC3,-0.7401711666666666
IRX6,-0.027139749999999997
RPF2,9.843949444444442
TMUB1,1.3934111111111136
ACOT12,0.004725700000000003
PAX4,-0.028138761111111146
ZNF83,0.45675388888888957
PLA2G2D,-1.1937569277777778
ABCC3,-14.439852222222228
TMEM127,-9.479888888888887
ACSBG1,-0.10902020777777778
PRSS36,-0.39894572222222224
STYK1,-4.610412666666667
UBA52,27.103777777777765
MIR516B2,0.0
ALPPL2,3.969624872222223
MIR4804,0.0
FOXO1,-1.39470888888889
PPM1E,-0.014619961111111114
CAPRIN2,-0.09520111111111129
ACOT4,-0.7281501666666668
MIR519A2,0.0
MRVI1-AS1,-0.011310016666666665
MAP2K7,-0.33596499999999985
PIGT,13.981150000000007
NPHP1,0.150094611111111
RNF212,-0.19804873333333323
CYB561D2,-1.683328333333339
PFKFB4,1.1815638888888889
SPRR2B,0.00092956
TMEM220,-3.672501277777777
MIR665,0.0
TP53,5.891503333333336
ZBTB49,-0.10003394444444424
HTR1F,0.008961699999999989
DNMT3B,0.46520677777777786
HACE1,0.1578639444444443
PEX11G,-0.4554805555555559
EWSR1,7.926494444444458
ARGFX,-0.0008856188888888888
GTF2H2B,-0.3193983333333339
LRRC47,-0.032811111111110236
DENND3,-1.1609544444444446
PRRC2A,9.3004
MRPL46,-1.4483194444444454
NR5A2,-5.534218333333332
SLC6A19,-7.189376121666665
ZNF564,-0.6115722222222217
LSM11,-0.03042938888888891
POMT1,-1.849020000000003
MTDH,5.525388888888889
PARD3B,-0.2260611111111115
FOXO3B,0.018922055555555595
GLG1,3.161083333333334
MAGEA9B,0.0003183756111111111
PDHA2,0.0
MAPK1,-2.626955555555554
ITGBL1,2.8862628333333333
DNAH1,-0.29720094444444445
SLC2A12,0.927597277777778
SRRM4,-0.006722093888888889
GOSR2,1.7263222222222208
ZNF547,0.006358988888888917
LOC285889,-0.041235266666666714
CDC42EP2,2.4709194444444442
TXNDC2,0.000682988888888889
USP47,0.39035166666666665
PAG1,-4.547148333333334
CTNND2,-0.21422083333333336
CPT1B,-1.0783205000000002
RUNX3,-1.206008555555556
MIR4999,0.0
LINC00446,0.0
ISG20L2,4.139501111111112
WFDC10A,0.11625190555555555
LOC286114,0.0
LOC389332,-3.5241486888888893
DDX25,-0.034988205555555554
BMP2K,-0.9644344444444437
ERG,0.7620635555555555
KLK1,-16.710441111111102
MAGI1-AS1,0.0
LOC389033,-0.08909055555555555
HADHA,-25.39980555555556
DENR,4.975438888888888
MIR196A1,0.0
FAM160A1,-0.6889045000000005
FFAR2,0.4940256666666667
ABCB8,0.5272727777777781
LGI1,-0.73204365
PDLIM4,1.4516559999999994
ZMYND19,5.617753888888889
ARAP1,-1.35638333333333
CXCL16,16.22421111111111
OR5M11,0.007114877777777777
LOC646471,-0.6358531666666667
CMTM5,-0.48686246666666666
WDR83OS,1.062955555555547
EPOR,-0.2740189444444443
KRTAP1-1,0.006371877777777778
QDPR,1.8966777777777768
OVCA2,-3.7743638888888853
SLC9A9,-1.2035375555555554
LINC00617,-0.016443077777777777
MIR4530,0.0
DNAJC25-GNG10,0.05035839277777779
CHN1,1.8110295555555558
AMY1A,-0.002400032444444448
RGAG4,-0.3243356666666667
SNORD55,0.0
LOC100125556,0.35784672222222225
RPL23AP7,1.2698383333333334
PRSS16,-2.0927895666666663
VWF,8.386713888888888
LOC646498,0.0
KIAA1279,0.44373277777777886
LOC399829,0.002245086666666668
NBPF7,0.06741116666666669
MAZ,-10.802027777777766
MIR548AD,0.0
TNFRSF17,-12.438168333333335
C12orf43,0.3080999999999996
KIF3C,0.5979336666666668
ZBTB33,2.3577755555555546
MIR449A,0.0
MIR5003,0.0
LENG8,-4.247044444444441
C12orf5,0.7227300000000003
SPOCK3,-0.2663905166666667
ISM2,0.6919491577777778
PPP1R42,0.00015053333333333273
BDP1,0.31553944444444415
MIR199A1,0.0
FDPSL2A,0.004105138888888901
LOC100507341,-0.023458277777777776
TMPRSS11GP,0.0
CCDC130,-0.8176377777777777
DHRS2,0.4111975222222223
ABCA1,-1.296831
LPHN1,1.0581594444444447
FAM133B,1.2701083333333338
ARRDC4,-7.774384444444445
LRRC39,-0.02999102777777779
OSCP1,0.4780576111111108
PPM1J,0.26293000000000005
RNASE8,-0.0143195
MATN3,0.5144138888888888
SGPP1,-2.201016666666667
NCOA6,3.2861544444444455
STXBP1,2.5676255555555567
CDC20,8.470363333333335
IFT57,-2.199517222222223
PGBD1,0.0038090555555556627
SH3BP5,-0.11748627777777854
TMEM126A,2.6634500000000045
HIAT1,1.8868333333333354
TUBB4B,20.75028333333333
LOC284801,0.0004555055555555555
TBX4,0.15064886666666663
TEX33,-0.01458665
MIR4540,0.0
LMBRD2,-0.7350622222222221
TAF6,3.4794366666666665
APOL6,-1.4050549999999973
ATE1,-1.7721161111111083
MAPK7,-2.397875555555557
LOC728012,0.0
SLC35E3,-0.38634555555555616
MIR3920,0.0
LOC100507362,0.0
MIR181B1,0.0
SWT1,-0.22102544444444416
TUBB2B,-0.4173011666666673
TXNRD2,-0.6475683333333331
CACNG8,0.06737509333333333
MIR4490,0.0
CARS,2.4107694444444476
DKFZp686D0853,0.09534102444444445
CSNK1G2,4.536122222222222
BTF3L4,1.623880555555555
DSG4,0.12801819444444443
ECSCR,4.640169444444446
RAB27B,-0.6507521666666674
MIR3680-1,0.0
OR3A2,0.0
POLK,0.3952611111111115
SIRT6,-11.241567222222226
PATL2,-0.21552455555555566
CD19,-1.5285937166666668
SH2D6,-1.491697272222222
PGC,0.18087157222222222
FMO5,-12.842490555555555
GNPTG,-5.0816666666666634
MEIS1-AS3,0.019677466666666664
MTIF2,0.7231494444444433
C22orf13,-9.218799999999998
C14orf135,0.450952222222222
SHISA9,0.261068166666667
HIST1H4D,0.2880517777777778
ATP10A,0.2831543888888888
KLHDC5,0.5620327777777767
EBAG9,1.8204388888888872
CCNYL1,-5.010226111111111
PARP15,-0.3130667777777778
KIRREL,3.3158122222222217
HOTAIRM1,-1.4806751111111112
BPIFA4P,0.0
MIR4758,0.0
SENP6,0.715440000000001
TM6SF1,-0.07904727777777776
BTBD17,-0.01723205555555556
PLAC2,-1.289422011111111
MIR374A,0.0
S1PR4,-0.833507111111111
AP1M2,2.620235722222219
ZNF222,-0.05657722222222217
C6orf164,-0.014318572222222242
H2BFWT,0.0
SNCA,-0.3196078888888889
CACNA1B,-0.047873590555555574
C3orf38,-0.3051055555555555
LOC645355,0.0
LMBR1L,-0.7147027777777772
MKS1,0.6770044444444445
MPV17L,1.4666493666666665
AIMP1,2.7736166666666655
OR51I2,0.0
RGS19,-0.003081111111111312
IQCJ-SCHIP1,0.7235272777777777
LOC100134713,0.10941697777777779
KRT27,-0.010366866666666665
FAM206A,3.448633888888887
RRBP1,7.317122222222224
SERAC1,0.16230166666666657
DGAT2L6,-0.0009135388888888889
LCE1A,0.0
MIR548AR,0.0
MIR5580,0.0
OR5C1,-0.0006862111111111116
SHKBP1,1.7208222222222211
SLC25A42,-0.8939183333333336
SNORA7A,7.177341666666669
TNFSF4,0.6709151111111112
ZNF25,-0.06701394444444442
KGFLP1,0.09709677777777781
LYPD6,0.23035171111111097
MPZL2,-1.0641144444444457
NUS1,2.385628333333333
PPM1K,-0.1595293333333334
WBP11P1,1.4844444444444437e-6
BTNL8,-24.602823888888885
ZFPL1,-1.201116666666671
SUV39H2,2.0085355555555555
CCBL2,1.197536111111111
DVL2,-0.9727894444444445
LOC100506844,-0.18035233333333323
ASB14,-0.07810943888888894
RDH8,0.004753038888888891
LOC100505540,-0.0036620000000000003
MIR4320,0.0
TMEM70,2.399535
NHLRC1,0.04121544444444436
CAMK2D,-5.829453333333333
LOC728613,0.26809050000000034
OR52E4,0.0
OR7A10,0.0
BRMS1L,0.4842077777777778
PTCD1,0.9210222222222222
SLC17A9,9.665942777777781
IL6R,-6.811027222222221
HPSE2,-0.6508109055555557
BAZ2A,-1.575220555555557
SIK1,-1.1257094444444462
HOMER3,0.9860800000000003
MIR3183,0.0
COL6A1,30.917072222222224
BAGE3,-1.4470000000000003e-6
CDH7,0.005475271666666665
TAS2R50,0.005812944444444444
DCC,-0.004616288888888886
MIR4785,0.0
CECR7,-0.16247146055555556
CMTM3,2.705905555555555
KRTAP4-8,-0.004961427777777778
CMTM2,0.1141536611111111
MYBBP1A,2.8229211111111114
PHLDB1,-3.26749666666667
E2F3,2.7171794444444446
POTEC,-0.0037758611111111113
PPP3R1,2.772327777777779
RAPGEF5,0.4239755555555549
ALDH1L1-AS1,-0.0007441111111111103
VKORC1L1,5.772091666666665
PCDHA9,-0.008733598611111112
PRRT4,-0.03304347777777777
MIR5196,0.0
ZSCAN2,0.1335150000000005
VTI1B,-7.120750000000005
FZD1,-2.4892944444444423
LRRC8C,-0.14527811111111122
ARMC1,2.6478311111111115
RPL7L1,16.330261111111113
YTHDC1,-0.20714500000000058
MIR3689D1,0.0
GSTZ1,-4.089906111111111
SGCD,0.5315217222222222
GTDC1,-0.40481888888888884
TUSC5,-0.1225105861111111
IL15RA,2.376578888888889
CDCA5,6.888007444444445
RBM5,-3.568466666666666
WWC2-AS2,-0.005559327777777789
TRPT1,-2.645513333333332
GCNT3,-76.43899933333331
RP1-177G6.2,-0.01661270555555555
RPP25L,1.2522722222222242
CTBS,-1.7234544444444442
GPR115,0.19588655555555556
TMEM50A,-15.82660555555556
ZNF75A,-0.48895455555555545
B4GALNT4,2.135262833333333
NHSL1,-4.576515555555555
SLC9A5,0.001963116666666681
FAM138C,-0.0014490588888888892
RAD17,-0.5600444444444443
IL1RAPL2,-0.01272171111111111
FGF13,-0.3263863333333332
SPAG11B,0.0
GBGT1,1.0975066666666669
CATSPERG,-0.2737014333333334
SLC19A3,0.22214861111111128
EFS,-0.3733087777777775
ABTB2,-0.6224188888888884
BCL2L15,-5.889819111111109
NR1I3,-0.01792456666666667
LOC283738,-0.002051177777777778
CLDN5,-6.5248333333333335
LOC728752,0.2797114444444446
RIT2,-0.039514766666666666
USP45,0.2274611666666666
COMTD1,-0.7663183333333308
OTOP1,0.0008448611111111109
PMPCB,-0.02762777777777714
PDZD2,0.13694377777777772
PEMT,3.2134288888888882
JMJD7,-0.03531666666666666
DYM,0.49393777777777625
FAM25G,-0.12957033333333334
FEM1C,-1.8031911111111123
VCX3A,0.003524455555555554
DDX60L,-0.7870175000000001
GLT6D1,0.0
IRF6,-6.990930333333331
SNORD90,0.0
CCDC103,0.3736223888888889
TLL2,0.015295850000000027
MIR4269,0.0
FGF18,0.38078532777777774
VIMP,-15.85456666666667
CENPL,0.7765731666666662
MIR1228,0.0
C19orf25,-0.12113944444444158
IPO4,5.889896666666668
FAM35B2,0.010744644444444451
DCPS,1.6008544444444466
08-Mar,-5.020946666666667
ASIC5,-0.010561555555555557
ACAA2,-56.72937222222221
FAM104A,-0.48902
KCNMB3,0.2828110555555555
RNASE9,0.0
LDHA,106.02694444444447
CCR6,-0.06906633333333367
FAM13A,0.12507388888888826
LEMD1,1.0860486999999999
HOOK1,-0.021704833333334506
PEPD,3.522661111111109
TRIM64B,0.008391705555555554
ID1,-58.59736666666667
TLR2,0.6441474444444446
ANKRD27,1.5523149999999983
MIR1914,0.0
CYSLTR1,-1.2052126666666665
DAPK3,1.8708833333333317
NUP210L,0.0016483555555555558
B4GALNT3,-7.295138444444447
SYTL1,0.038604611111110465
HSP90B3P,0.0
TMPPE,-0.020319611111111024
SHC1,5.582666666666668
GAS1,2.681447166666666
DENND5B,-0.9287991111111116
TMEM106C,4.500066666666669
TNP1,0.0
ATP2B1,-4.63614888888889
CSTF1,4.413432777777777
OR5AK4P,0.010167394444444446
NXPH4,0.3497308611111112
MAP1S,2.5663794444444434
MIR5192,0.0
ZNF165,0.06905949999999994
TMPRSS9,-0.01690397777777778
LIPE,0.42962716666666667
TRIM10,-0.8382425000000002
GPC6,-0.15724227777777777
LRRC40,-0.3639111111111104
SNAR-A12,0.0
FGF21,0.002012605555555556
ANXA8,0.04307646111111111
ZNF777,0.6418100000000004
NSA2,5.920561111111105
MIR133A2,0.0
KRT71,0.0002007722222222225
SLC25A15,3.774548888888889
MIR1911,0.0
SNORD114-28,0.0
TMEM74,-0.03549873888888894
KRT74,0.0028989505555555555
LOC375295,-0.24997572222222209
MIR524,0.0
MIR27B,0.0
EFTUD2,5.828011111111113
SLC22A24,0.0
ZFX-AS1,0.020579222222222224
EXOSC8,7.887275000000001
NSF,-1.7965277777777757
BEX2,-0.6052305555555559
SNORA17,-6.442497777777778
TTC24,-0.07155162777777778
ANKRD19P,0.2028267888888889
C15orf23,2.837561111111111
AMELX,0.15676108888888887
CRISPLD2,0.7849344444444446
LOC284379,0.0049423666666666664
GNB3,-0.042407555555555476
FAM83G,-3.225452777777779
OR2M1P,0.0
CFB,29.08573833333334
MIR29A,0.0
PTCHD2,0.001030138888888886
UBE2O,0.788532222222222
ZNF334,0.018657161111111153
ZNF396,-0.27275549999999993
CTTNBP2,0.37391641111111096
KCNC1,-0.03197178333333332
UBP1,-0.11748333333333605
PIDD,-0.03484388888888912
FARP2,-0.7570716666666666
KRTAP10-2,0.01425712777777778
LOC100286922,-0.01999713333333334
IRGM,-0.023174005555555557
KIAA0825,0.0522468888888889
LOC728392,-0.402317222222222
MAGEB4,0.0
MEST,14.331879444444443
LOC642426,0.0
MIR484,0.0
ZNF16,0.6847994444444447
PPM1A,-4.948679444444442
ENO2,0.8142338888888876
ITGB8,1.7445577777777779
C11orf92,-0.3007540277777776
LMO4,-0.9869272222222225
SMPD1,-8.896048333333333
LOC100131733,-1.2517596111111111
SLC25A51,0.23577555555555563
PCNXL3,0.340581666666667
FILIP1L,8.079576666666668
PPP5C,1.4905666666666662
TRHDE,-0.7018783055555555
SPDYE3,0.021513611111111122
C20orf96,0.34955266666666596
LOC286186,0.0013355833333333334
MIR4478,0.0
KLHL22,-0.4596750000000003
SLC27A3,0.40147777777777804
ELN,6.478292222222223
ZNF678,0.10124577777777777
INPPL1,2.254044444444446
MIR330,0.0
CAST,-14.616499999999995
LOC100287216,0.392625
CCL19,-7.664275611111112
MSH5-SAPCD1,0.3576235555555558
CDH22,-0.09137492277777776
RRM1,6.533876111111111
CRYGA,0.0
LINC00577,0.0
MIR3944,0.0
FAM71A,-0.024753792777777776
NAMPT,22.513799999999996
TMEM238,-2.593713666666666
TYMS,2.0824050000000005
MIR4464,0.0
WBSCR16,2.8776999999999973
TEX13B,0.0039785555555555555
FBL,43.4119888888889
GSTM1,-2.426227172222222
OR8G1,0.0009892666666666667
COX20,2.045800555555557
SYNE3,-0.4923735555555555
PAR4,0.0
KCNMB1,-5.077381166666669
FBXL22,-0.9564267777777775
GOLGA3,-1.5333272222222227
SPOPL,-0.682869444444445
GPR75,0.06736675000000003
PALM3,0.8423981
CENPQ,1.5261200000000001
08-Sep,0.3129611111111146
AP4M1,1.3433855555555567
MIR130A,0.0
FLJ25328,0.0
DCAF5,-1.279131111111111
LRGUK,0.003352127777777776
SLC9A8,0.476272777777778
UCHL3,19.764503333333334
LOC100505648,-0.21697572222222217
CSTL1,0.051697622222222225
VSIG10,-3.6117622222222208
ATP4B,-0.005633249999999999
ASIC3,0.02154841111111111
LOC728537,-0.005691638888888878
NEO1,-11.892117222222225
SLC25A35,-0.09664927777777765
SLC26A6,-5.981909999999999
THBS4,3.1846768777777763
OXCT2,-0.19128322222222227
HSF2,0.5473749999999997
KANSL3,0.3071227777777761
IL1R1,0.12702555555555506
CDH1,-9.586218055555534
PORCN,0.5067977777777775
HEXA,-2.361846111111113
SPRYD4,-1.6185738888888892
MIR3926-1,0.0
ARHGAP40,0.03392713888888889
PIGN,-1.1373994444444442
HSPA1L,-0.02482227777777757
FTMT,-0.0032974944444444446
G6PC2,-0.0059507499999999994
OAS2,2.8948133333333335
GPR52,-0.004089800000000001
S100A5,0.00870284444444444
SLC15A3,-0.681037222222221
SULT1C2P1,0.0022575444444444433
YIPF4,1.0942944444444436
TGFBR1,3.086370555555556
LINC00346,0.5468469944444444
DNAJC13,-0.8491899999999992
SORT1,-4.3737694444444415
SNORD42B,0.0
MIR1297,0.0
FAM95B1,-0.2528970644444444
ZNF526,0.6813583333333333
CDADC1,0.4697827777777781
ACBD7,0.3397624166666666
ZBTB39,0.49274166666666686
ZNF180,-0.3107849444444444
P2RY13,-0.8634383333333331
GORAB,-0.19335277777777815
LHPP,-1.3436505555555556
ZNF837,-0.5028551111111115
SRSF7,11.963788888888885
CD58,-0.7714583333333334
AKT2,0.41556666666666686
DDAH2,7.673316666666665
GPR110,-0.18627402222222222
C7orf72,0.0
CYP51A1,9.143229444444444
MIR5687,0.0
FOXC2,0.13083838333333328
GUK1,19.041133333333335
TTC3,2.4067166666666644
LOC643669,-0.03904215555555557
TXK,-0.14195240555555555
LOC100233209,-0.7886522222222223
MDFIC,-0.6302622222222221
ASCL3,0.0
MTRNR2L8,-27.22307222222222
TTTY1B,6.0401111111111106e-6
LOC339568,0.0
P2RY12,-0.5845545
ATAD1,1.0712249999999965
BRD3,1.9049055555555556
LINC00314,0.008155833333333333
ELSPBP1,0.004738266666666666
MCU,-5.266977222222227
ZFAND6,-7.845433333333347
CDKN1A,-47.638961111111115
JAKMIP1,-0.07773508888888891
LOC285626,-0.00011199444444444373
TIAM2,0.18617838888888888
SERPINA10,0.7372497611111111
TNF,0.08896483333333349
LOC387723,-0.16060577777777774
RBP5,-1.3861455555555553
C1orf115,-25.277442777777775
PTGDR,-2.6712875888888896
SCARF1,0.05127277777777728
QTRT1,4.944027777777777
GATM,-3.2472916666666682
HEATR1,2.4446433333333335
LCN1,0.0055638833333333335
C12orf70,0.02250829444444444
CAPN7,0.6957111111111107
LOC400657,-0.323398166666667
MIR188,0.0
NR4A2,0.2587271111111109
STS,-0.5685616666666675
LCMT1,-1.7670611111111114
TRIM34,-0.4321577777777783
KIAA1045,-0.030673868333333333
ZNF766,0.5496977777777783
GNN,0.004826766111111103
DICER1-AS1,0.1652193333333335
KCNB1,-0.07956985833333338
SOCS5,0.5096566666666664
ITGAE,-1.134686611111111
FAM167A,0.08754572222222223
CXXC1P1,0.002621561111111111
GNAT1,0.0005169388888888889
LCE3A,0.0
MFSD9,-1.7946633333333324
MIR382,0.0
FECH,-1.0285840000000002
NCRUPAR,-0.043719794444444446
KRT3,0.0008982777777777777
HECTD3,-10.200077222222227
KANSL2,1.5787044444444431
ADPRHL2,0.5244061111111105
FLI1,-1.4545777777777777
PILRB,0.7302855555555539
SLC14A1,0.6915457777777779
ZNF8,0.16792533333333337
ZNF805,0.041928166666666766
ALX4,0.0030961294444444443
KBTBD2,4.067480555555557
GINS1,5.5222776666666675
LOC147727,0.6264949999999994
MIR4330,0.0
NXNL1,-0.0012025499999999997
SNORD115-11,0.0
TTC4,0.5645644444444446
LINC00029,0.0
NR0B1,-0.009977094444444442
LOC100506207,0.21121553333333337
PHACTR4,-1.7460644444444435
RELT,0.9741922222222223
SLC17A8,-0.35499092888888895
KIAA2018,-0.6593011111111107
PAM,2.5738394444444417
SMARCA5,2.2142527777777783
SLC29A3,1.161702222222222
ECHDC1,-3.5572500000000034
ENPP3,-0.9423070555555544
LOC100288974,-0.04832557777777777
MIR206,0.0
NOTO,-0.019923061111111105
NEIL1,-1.1572188888888886
GAS6-AS1,0.7336734444444443
PLXNB2,-6.2372555555555635
PPP1R14C,-1.5543007777777778
DDX24,1.947844444444442
HINFP,-0.8124683333333342
FAM3B,3.3123361777777784
MOSPD2,0.7127216666666665
CMA1,-1.5631019555555559
DEFB123,0.0
FOXI2,-0.012475340000000008
MSANTD3-TMEFF1,0.3341194999999999
NLGN3,-0.21361319444444438
NPFFR1,0.22777323333333335
POLM,1.4947788888888889
POSTN,44.68564444444445
SYN3,0.19446160555555558
SYT17,-0.9130947777777778
LOC339862,0.009654255555555557
LOC646813,0.0
LPAL2,0.061250266666666664
LOC729234,-0.04908194444444436
DCP2,0.11383833333333326
INTS1,4.983177777777776
CRYBB1,-0.09637644444444443
TRIM64,0.0013864061111111107
LOC100128264,-0.0015864944444444445
FUT2,-5.50232033333333
DNM1L,2.096143333333334
LOC388692,0.21167722222222218
HSD17B6,0.5376222777777779
PLD5,-0.0781480888888889
MAK,0.02003533111111111
PCCA-AS1,0.0
SPIRE2,-1.3258961111111134
DYNC2H1,-0.057049166666666595
EPN2,-0.5935805555555556
LOC100507205,0.007724722222222222
MIR4712,0.0
C21orf49,-0.09994943888888885
DCHS2,-0.1836082122222222
ADIPOQ-AS1,0.004230372222222222
MORN1,-0.2852797777777776
RNF222,0.0015953111111111102
ANGEL2,0.40969500000000103
SLC13A1,-0.08427890833333332
SOST,-0.003537072222222222
NBPF3,-0.2321688888888893
COCH,0.13586577777777786
FAM110D,0.08690305555555522
MYO5B,-5.98383122222222
ATXN2L,4.7834444444444415
SDCBP2,-81.95407111111112
TMEM133,-0.9290569444444441
TMEM140,-3.639948333333333
ZNF503-AS2,0.34895288888888887
CLEC17A,-0.28960248888888884
EBF1,-0.2253441666666669
ESYT3,0.05295481444444444
PPP1R11,-2.6665611111111076
INPP5D,2.499829444444444
PLEKHO2,1.2051116666666672
TMEM135,-0.30820722222222185
ZNF2,0.10525583333333333
NME8,0.012319394444444444
CTAGE9,0.010475694444444406
ELAVL4,-0.3818229
DSEL,-0.2023850166666667
FOXP4,7.099631111111112
LOC100190940,1.4560849861111111
AMFR,-1.706988888888894
MSANTD3,3.09901888888889
CPLX2,-0.3299863833333334
SPNS3,0.15390283333333332
LOC284454,1.570869444444444
LOC100505536,0.011999044444444447
DNASE1L1,1.1911755555555565
RAC3,0.6033370555555555
FDXACB1,0.06306422222222241
LOC151174,-0.04477505000000001
TAS2R19,-0.004630772222222218
DRD3,-0.002355166666666666
EXTL1,-0.04000332333333332
PIAS3,0.8675444444444453
ZNF484,0.1345695555555555
LBX1,0.0
ZNF580,-1.794709444444445
MPHOSPH6,2.9621094444444473
OCLN,-0.9925296111111113
C17orf81,-2.1255977777777755
PHF8,1.2176827777777772
RG9MTD1,4.429462222222222
RWDD4,0.6555944444444446
SNORA5A,19.122958333333337
MIR5587,0.0
ELP2,1.782684999999999
GNB1,-5.902166666666673
SPANXC,0.0
TMEM132A,7.428589444444444
PPP1R2P9,0.0
ARHGEF25,-2.373461888888886
UGT1A1,-1.0522829666666667
SNORD115-24,0.0
L1TD1,-0.209088733333334
CNTRL,0.5570138888888883
TCF19,2.507014999999999
LOC729176,-0.0014861436666666666
NDUFB6,3.312333333333335
NTSR1,-0.26943225
ANKDD1A,-0.16923183333333336
BAHD1,-2.5089305555555566
FAM172A,-0.432656111111112
LHCGR,0.00257151111111111
ADH1B,-41.18976105555556
LOC441666,-0.011020744999999998
PAFAH2,-5.411454999999998
RAB5C,-2.414611111111128
SPATA16,0.0
NKIRAS2,0.9353833333333323
ZBBX,-0.0017138377777777773
OR2L8,0.004356205555555556
LRWD1,1.474523333333333
HIST1H4F,-0.10103400000000001
NDE1,-0.46716611111111206
KCNIP4-IT1,0.000258885
CSRNP1,-0.2234405555555572
LOC647323,0.002500666666666665
MIR4676,0.0
NKAPL,0.007465011111111114
LOC286190,0.33057361111111105
CLEC2L,0.1300548888888889
C22orf32,-5.773482777777776
MESP2,-0.28591672222222225
MMP23B,0.7222268333333335
PCDH17,0.7639327222222222
CPD,2.180784444444445
MIR4701,0.0
KCNH2,0.930165555555555
RAB3GAP2,0.7597938888888889
UGT2B15,-3.8746578894444443
KDELR3,12.266782777777781
CNTN6,-0.0005917216666666662
ASB5,-0.025728949999999973
CHEK1,3.8094799999999998
FPGT,-0.6036133333333344
GUF1,1.2120183333333348
LRRC19,-21.84748661111111
DLGAP1,0.03174447777777778
C1QTNF9B,0.2807488333333333
C14orf149,0.41573638888888875
EDC4,-1.2133499999999984
HIST1H2APS1,0.0
CLLU1,0.020401755555555557
LOC143188,0.03191702777777777
PRPS1,5.178957222222218
SULT1A4,-4.069705555555554
RSPO4,0.05291052777777777
COL5A1,20.471088888888886
DEFB136,0.041542888888888886
FAS-AS1,-0.00965661666666666
INPP4B,0.5482494444444446
FAM188A,0.4035605555555577
NCR2,-0.03150449999999999
C1orf140,0.0033060111111111144
ZBTB26,0.49979200000000024
ATL2,1.33091111111111
ZNHIT2,2.1031577777777777
PALMD,1.1669733333333332
CRABP1,-0.8432177833333335
LOC100505702,0.19689551666666671
FOXK1,1.6104800000000004
CYSLTR2,-0.1291413666666667
COL20A1,-0.002285323333333331
MORC2,2.6508538888888893
BATF2,0.6131855555555568
SAFB,4.861155555555559
C16orf11,0.0024107722222222222
CD300LG,0.004903666666666695
HIPK3,0.5020205555555552
POLR2K,21.501850000000005
PPP1R1A,-0.7980711944444443
TYW5,0.285382777777778
MIR642A,0.0
UBE2E2,0.7963302777777779
NIM1,-0.03337731111111111
TCP11L1,-1.1568772222222217
CRLS1,3.8457905555555563
ZSCAN18,-0.7394075000000004
BCR,0.0036894444444435237
TSHZ1,-2.863189444444444
FAM71C,-0.0007306666666666667
ASB11,-0.029877550000000003
C4B,3.2465291666666674
C7orf71,-0.002769366666666667
CLCN3,-2.6499161111111142
COPZ2,1.6905508333333348
GAB4,-0.002924672222222222
LOC389705,0.0004850833333333339
LDLRAD1,-0.011385016666666664
PDE4C,-0.5045416166666667
C11orf49,3.163633333333337
PKIB,-35.56497833333333
PLIN3,0.8634166666666587
POLR2B,4.114499999999996
GINS2,6.8400549999999996
DHRS7B,-2.334633888888888
C2orf47,-0.12185000000000024
RAN,99.83772222222223
CREBBP,0.05007888888888701
FLNC,-2.831107222222222
MIR4740,0.0
MIR934,0.0
RILPL2,0.886706666666667
LRRC16A,-0.02079111111110965
C15orf33,-0.014814499999999953
RPL18,144.38822222222223
EBI3,-0.6354774444444442
TRAPPC9,1.7794800000000004
ATXN7L1,0.10157333333333396
PSD4,-3.226468333333333
ZNF333,0.020807888888888515
FAM129B,0.1209611111111002
MAOB,-2.4696409999999984
KLF7,1.6001280555555555
FAM20B,-0.0794377777777795
MIR4632,0.0
PDILT,-0.0003054500000000001
RPL7,582.0472222222222
SMPDL3B,-8.323025444444442
MGC16025,0.00841445
SNAPIN,0.7376666666666658
TIMP3,10.377721666666666
CUL1,3.5271666666666697
TAP1,10.959322222222212
TRPC4,0.12412487777777773
XIRP1,0.024596868888888887
FAM210A,0.29483222222222194
ATXN1,-0.48271111111111065
FAM173B,1.0115061111111112
DEFB133,0.0
KANK2,-0.2817794444444459
AP3S1,3.8479222222222162
CCT6B,0.3398124444444445
TBC1D21,0.0018986833333333333
UTP20,1.3565182777777773
PREB,6.285033333333338
RGS3,1.489618888888888
MEP1B,-2.5364078500000002
NR5A1,0.002042643333333333
B4GALT5,0.8612222222222208
C1orf212,-1.2739483333333315
PDE6G,-0.1521742611111111
LOC285740,0.002164211111111111
CACNA1C,0.5870266111111111
THAP1,0.40594277777777776
TRIM6,0.11908957222222227
ZNF285,0.10043327777777789
SNORA61,78.15203333333332
DNAJC18,-0.028925833333333317
GALNT3,7.7364838333333275
TTC16,0.026161272777777772
FAM102A,-7.586227777777779
PZP,-0.0012502407777777828
RBM34,1.8271444444444462
MIR3666,0.0
SLC2A11,-0.3303127777777779
TBRG4,14.143250000000002
TXN,72.69896111111109
GP2,-0.9557002444444442
DIP2B,0.4922138888888883
AGBL4,0.044787827777777775
FTSJ3,1.3748116666666643
LIMK1,4.289753333333334
MIR4713,0.0
OR51G2,0.004540433333333333
MIR378E,0.0
SPRR2E,-0.0011358436111111115
SRD5A1P1,-0.0013855111111111113
MEOX2,0.29523470555555575
WDR49,-0.005680722222222224
IP6K2,-11.154272222222225
PTMA,306.4126666666666
NPIP,-2.4015111111111125
BCL9L,1.858350555555556
C19orf33,-74.17122888888886
CHRNE,-0.1252865555555555
ENOX1,0.026269894444444497
HMOX1,-10.965034444444441
LOC149837,0.3678566111111108
PF4,0.7720975
SDC4,31.434933333333348
JAKMIP3,-0.009705016666666663
RDX,-0.16143444444444466
RAB32,-3.132872777777777
SERINC2,-58.21058555555557
TMEM106B,1.4329938888888876
FZR1,1.1514572222222235
BCCIP,6.762233333333331
TRIM37,0.5314416666666668
ZNF193,0.0882161111111115
TENC1,-0.36601500000000087
PTPN21,-3.3868465555555547
LOC100507346,-0.32264527777777796
IFNG,-0.05491536666666669
PISD,1.1826316666666647
SLIT3,-0.30461083333333505
SBNO1,1.0014605555555551
WDR93,0.020596616666666668
HOXC6,0.028940455555555564
CNGA4,0.004752177777777776
MIR892A,0.0
E2F1,4.757598333333333
NQO2,3.280318333333332
MRE11A,1.6456666666666666
HJURP,3.394633055555555
KBTBD11,-3.689909444444445
AOX2P,0.0012207088888888887
NMBR,0.0005875222222222216
MTERFD2,-1.44395888888889
RARS,7.386905555555561
NKAIN3,0.0018908555555555567
SPDEF,-5.754615944444446
PRDM12,0.04264752222222222
SNPH,-0.6012002777777774
OR5M1,0.0
GLP1R,-0.012576415555555553
LOC100507421,0.4732863388888888
NXF1,-1.000633333333333
OXR1,0.7816505555555562
DCAF16,1.580093333333334
U2AF1L4,-1.1437744444444449
YSK4,-0.006808737777777777
ZNF711,0.006423222222222025
CCL13,-1.8086215555555567
FAM109B,1.0117866666666675
FARSA,18.416666666666668
LONRF1,0.4608944444444445
SCARNA2,0.1365978888888888
FAM118B,-3.0763133333333332
CSNK1G3,-1.1176577777777776
CPM,-8.004853111111112
MON1A,1.335195555555555
AURKA,10.37107222222222
GTF3C1,0.6377066666666673
LIMS2,-10.365929444444438
NAP1L2,-1.1242246333333334
KRT31,0.005316061111111111
CHSY3,0.5854733333333333
LOC100506229,0.028749650000000005
SNORA59A,2.7817688888888887
ALS2CR12,-0.02346694444444445
MIR1203,0.0
LOC340544,-0.009958966666666708
MIS18A,3.7273988888888896
TCP10L,-0.00038985555555556134
LOC595101,-0.10514388888888915
SLFN12L,-0.07495626111111109
TRIP6,14.672228888888887
POM121C,2.840771666666667
GRK4,0.004039605555555631
HPS6,-0.7100033333333329
MCHR2,-0.005319266666666666
SNORD116-20,0.0
TCF7L2,-6.735914444444443
MLLT1,4.048711111111112
LOC81691,0.33332655555555546
MDP1,-1.15941111111111
C1orf200,-0.009786227777777781
C2orf48,0.0729252222222222
COMT,11.174016666666667
TNFSF8,-0.23089272222222235
FANCG,1.7631972222222219
TNXB,-3.676970555555556
DAGLB,0.7506816666666669
KBTBD10,0.028930361111111094
NARS,-10.32385555555556
TIRAP,-0.25457444444444555
HOXC10,-0.0005792055555555557
IFRD1,1.5550461111111122
ARFGAP3,2.953000000000001
CCDC85B,9.506147777777777
ADAM32,0.36462166666666673
DENND5B-AS1,0.05621420699999998
LINC00230A,0.013898833333333338
NACA,66.14472222222219
NFYC,-3.440659444444444
PAQR6,-0.1874647777777778
FAM63B,-0.16264672222222232
SPATA19,-0.00245335
MFSD2B,-0.010562638888888889
MACROD1,9.153278333333333
CXorf21,-0.8298262777777778
SLC16A13,0.3721949999999996
SLC35E1,1.1520905555555565
VENTXP1,0.0
BMF,-1.4059561111111112
SATL1,-0.010752705555555547
SNX5,7.53563888888889
C10orf131,-0.0016419444444444459
LINC00588,0.0
TTN,-0.003761338888888889
CYP11A1,-0.05398907222222221
BTN3A3,-0.9929250000000023
GGA2,0.37191777777777624
LOC100126784,0.05683495000000002
SLC12A4,1.185553333333334
USP36,1.504951666666666
IRF7,0.5012877777777796
POU2F3,-0.21999325000000003
SHFM1,98.45055555555558
FA2H,-4.184464722222222
UFD1L,2.3264516666666637
UGT2A2,-0.00004559999999999981
PCDHB11,-0.0368265944444445
GCLC,1.8254416666666664
LOC153469,-0.010596033333333324
FAM123C,-0.04443553277777777
ABCB9,-0.19492983333333336
MOXD2P,0.0016737
LRRC8D,-1.3623383333333337
ODAM,2.2825691611111107
PELI3,-0.13169055555555542
STAU1,15.32672222222222
SYT7,3.6259855555555562
B3GNT6,-10.576676033333335
OSTCP1,0.013128333333333408
SNCB,-0.0782883
SNORD114-18,0.0
STYX,-0.05883333333333329
MAP2,-0.24019596111111108
KIAA1009,0.10729716666666689
PPA1,86.55645
BATF3,0.2191548888888889
SNAR-D,0.0
TIPRL,-0.24381111111111053
CLU,-8.274856111111106
KAT6A,0.6174294444444444
IQCJ,0.0
MAGEB2,0.1753078388888889
MOV10L1,0.01608303666666666
SLC39A13,3.1405377777777783
UBE2S,18.009716666666662
AXL,-0.9664327777777775
POU1F1,-0.003858966666666667
NME1-NME2,2.517901111111111
LRRN1,0.03938763888888888
B3GAT1,-0.025375633333333328
MIR5089,0.0
P2RY14,-1.7508457777777777
GALNT2,5.392505555555555
MIR4285,0.0
PANK1,-0.9087322777777764
RPS25,228.78094444444469
SAA4,0.012879893888888883
TBXAS1,3.871715000000001
AHSP,0.0040851666666666675
GPR35,3.103251666666665
KRTAP20-1,0.0
GRIN2A,-0.034451999999999997
HEMGN,-0.014913005555555553
MIR4524A,0.0
FLJ32224,0.16169382222222223
FBXO2,1.1776499277777777
FAM96B,24.3902111111111
GABBR2,-0.002230242777777775
NTN4,-2.691675
C10orf118,-0.4684527777777774
LOC100169752,0.0
PLA2G10,-12.551431111111107
SDHAF2,-1.2896166666666637
SNORD113-5,0.0
OR5AP2,0.0
ADAM20,0.0007104666666666679
WDR53,0.41056055555555515
WFDC5,-0.011122283333333333
MTMR1,0.7310172222222224
NHEJ1,-5.426601666666672
KCNJ5,-0.07848405555555554
OR4X2,0.0
PGA5,-0.027041870555555556
RPL39,1405.0644444444451
DPF3,-1.384877555555555
HIST1H4K,0.13749738888888885
ACADL,-0.04150587777777778
VRK1,2.8475650000000003
TFPT,1.0322283333333324
PARPBP,1.5142258333333336
SFTPC,-0.0026222777777777776
SNX29,-0.31210500000000074
SLC17A2,-0.0005761055555555557
ZBED1,-3.1109105555555576
MIR3125,0.0
C9orf71,0.9462449333333333
MIR542,0.0
C1orf187,0.025333699999999994
CASC4,-3.137144444444445
CCDC149,0.8042638888888889
PIP,0.027983277777777774
C6orf62,4.5942777777777835
ZNF541,-0.009115991111111103
ZNF764,-0.5709216666666665
VSTM1,0.26157214444444443
RBM48,0.3332500000000005
TRIM56,1.0487955555555564
DUSP2,1.5409362777777782
LPCAT1,3.834397222222223
ADCY8,-0.0003311500000000001
MED4,6.410305555555553
MIR383,0.0
NAA15,3.765928333333332
HMSD,0.005637333333333341
NCF1,-3.1135349999999997
NDUFB11,1.9883277777777764
NLGN2,0.523136833333333
PARD6A,1.151737888888889
CBR4,-1.36672
GHSR,-0.0050316055555555544
PPP6R3,-0.5687833333333359
ART4,0.030582477777777783
C11orf10,49.27561111111109
ELAC1,-0.7057638888888886
PROKR1,-0.0341640611111111
RNF135,-1.889557222222221
C11orf96,0.11452611111110933
RYK,2.6068999999999996
LOC541471,14.748971666666666
REXO1,-0.9493983333333347
POTEF,0.024413751111111107
SLC16A14,-0.5711649444444447
FLVCR2,-3.5309181666666674
LINC00284,-1.4444444444358662e-7
TAGLN,-132.88591111111117
CYP4F12,-10.600691888888889
GABRB1,0.07119362777777777
HOXD4,-1.2711125944444444
LINC00051,0.0
LOC100128573,0.07673559999999999
TAL2,-0.005199650000000014
C11orf36,0.0009509277777777777
TCEA1,9.118022222222223
TPD52L3,0.0
ZNF490,0.06334005555555566
ZNF346,0.02164333333333346
LOC400236,-0.17341272222222215
H1F0,-12.10952222222221
HDLBP,13.209405555555563
HTRA4,0.13121610555555555
MIR4729,0.0
MYO1H,0.008115126111111112
PLIN2,9.186944999999994
SCARNA13,-0.1562228333333333
SELE,1.3647924388888888
SH2D3C,0.6803566666666674
TRIM8,3.0344388888888894
ACAD11,0.05491388888888871
DCAF10,0.5533222222222212
DCP1B,0.4662172222222223
NOL10,2.248834444444446
PGPEP1,-1.3432305555555555
LOC340094,0.0
PNRC2,-15.556950000000008
TMEM41A,4.463507222222223
SNORD116-27,0.0
FAM78A,-0.7702676111111113
MIR1293,0.0
KRT81,-0.011656872222222225
TGFBRAP1,1.4025805555555557
PEX2,0.7592038888888872
MIR4673,0.0
BRD8,0.6604111111111113
NRG1-IT3,0.0
ARFIP1,-2.6901888888888905
METTL16,0.41826555555555567
APBA1,-0.8232675
ATXN7L3,-0.04781666666666595
LINC00381,0.004215133333333334
PPP2R3B,0.7129350000000001
RRP9,7.890557222222221
LENEP,-0.01568397222222222
MPL,-0.03432153333333332
CHRNA2,0.0032210050000000007
DAND5,-0.20705110555555553
LOC285965,-0.002682166666666666
FOSL1,3.7591439333333336
GGTLC1,-0.0018830883888888905
KLHL6,-1.842003111111111
ATN1,2.1733833333333337
MIR4497,0.0
MIR4674,0.0
CREB3,2.7442527777777777
RBMS3,-0.23225977777777773
BHLHE23,0.0027045055555555554
LYN,3.2305494444444456
MIR4485,0.0
ELF5,0.6810794444444443
LOC100288077,0.09082704444444445
SETD1B,-0.12164444444444378
REEP3,-1.016211666666667
OR12D2,-0.00338955
GTF3C5,4.798988888888886
C2CD3,0.1790994444444447
INIP,0.06474555555555561
KCNK10,-0.3020424388888889
MBOAT1,-8.861595000000001
REG1A,293.5820160833333
DPYSL2,2.292180000000002
RPS6KA2,0.6139666666666668
ZNF511,6.136265555555557
SCARNA21,1.1044333333333332
BLCAP,8.948672222222221
RASD2,-1.5105155555555556
PDCD1,-0.13056122222222216
LINC00467,0.639743333333334
PRMT5,7.9196388888888904
DKFZp686K1684,-0.007639355555555555
GSTM2,-7.787707222222224
NPTXR,-0.2741548277777778
LOC100131257,0.003281268333333331
VPS26B,-1.4860694444444444
HFE2,0.005673177777777778
SERPIND1,0.21198964999999997
HOXD9,0.4613833333333335
MIR4796,0.0
C17orf99,-0.00974803888888889
NGB,-0.6090191222222223
MSX1,0.8549873722222222
ZNF17,-0.012038444444444574
PNLDC1,-0.024569444444444442
STRA8,0.0
TMEM126B,6.738055555555555
LARP6,0.6390084999999996
ATP5E,142.43705555555562
MTM1,-8.460156111111113
FONG,0.4079029999999999
C9orf24,-0.8909222777777781
COX7B2,0.005192883333333333
BOD1L1,-0.29459888888888885
GRM6,0.0013050194444444458
KLF8,-0.2973403888888889
CDCA8,3.6831605555555544
KLK5,0.03442603888888889
ST7-AS2,-0.0017964166666666669
TEX2,0.026649444444444725
WHSC1L1,0.037516666666666865
RASA3,0.26964388888888813
C1QTNF8,0.004606941111111111
ZNF415,-0.5211265
CEMP1,-0.8417922222222236
CASP9,-0.9885716666666662
HOXB4,0.6295561666666663
MIR187,0.0
POU3F3,-0.08653968888888891
DIEXF,1.1007949999999997
C17orf104,-0.006285501111111105
SCARNA4,-1.3681222222222222
SENP8,-0.27075533333333346
AP1AR,-1.100869444444438
MPHOSPH8,1.4484105555555544
TMED10P1,0.1545878333333333
TNIP3,0.47465872222222216
PRR14L,-0.6434922222222221
ZFY,-0.1995769833333334
HCP5,0.3222761111111154
BCL2L13,-2.1386383333333345
MIR519A1,0.0
SNORD33,0.0
FTL,149.64116666666655
C17orf62,-2.3299444444444504
MIR4315-2,0.0
ARHGEF3-AS1,0.0
LOC390660,0.024124291666666672
FATE1,0.004844427777777771
LOC441009,0.0011718833333333332
SRSF5,-58.16963888888888
C16orf55,0.9036057222222222
TNFRSF14,-11.92113888888889
FLVCR1,1.6525538888888898
TGIF2-C20ORF24,0.08308735
MAF,-3.392488888888887
FAM197Y5,0.008940666666666666
ARL3,0.98916
ELMOD1,-0.023370100555555565
MT1F,-134.9363527777778
LOC285696,0.004259552777777776
PPP1R14A,-5.388891666666666
HIST2H2BF,0.24621505555555556
REPS1,1.1540411111111109
PALLD,4.301872222222226
DNAJB9,-1.0758216666666645
LMLN,0.5230188333333333
FRMD5,0.25121272222222224
CRLF1,-0.1334068444444445
LPAR2,1.0273877777777782
C7orf25,1.6730738888888892
AMPD2,4.741669999999999
HSPA4,5.7537888888888915
ABL2,0.92224
LINC00507,-0.08008613888888888
SCGN,-6.943311938888888
MIR4444-1,0.0
CDKL1,-2.0366613888888883
BRAT1,6.086086111111111
FNDC1,3.4122268888888883
ADAMTS19,-0.005789813333333338
LINC00116,0.2772588888888885
LOC646627,-203.48992105555558
UBE2D3,-13.935116666666673
EIF4H,8.88433333333333
PDE8A,-10.887219444444442
CCDC84,0.3663788888888897
CCDC163P,-0.04932127777777784
PDXK,1.5670205555555583
TAF7,0.37374444444444066
PLEKHS1,3.809930111111112
ZNF280C,0.5285216111111112
RNASE2,0.5127812777777778
ADCY2,-0.19533378333333334
DEFB109P1B,0.061745
LYG2,0.0013136111111111117
PYROXD1,-0.8530061111111102
B3GNT9,1.1393566666666666
LOC401588,0.16761583333333352
LOC339822,-0.005253222222222223
MAP3K15,0.0006516483333333344
EDARADD,0.000027672222222191456
CLTC,-0.4059555555555505
GMPR2,-2.916900000000002
PECR,-2.9113155555555554
TMEM102,-1.7886277777777781
MIR601,0.0
CEBPD,0.34395555555556
TMEM68,2.4183627777777774
CCL22,0.5474587777777781
DAZ4,0.024187309444444447
ARPC2,-3.597055555555528
GRIK4,-0.06906490555555556
SLC27A6,-0.3927790888888889
ZBTB37,-0.007478888888889035
KRT17,7.019989972222222
LOC100289092,0.21878615555555553
NRAS,-0.0016372222222251764
CXorf58,0.004941505555555557
PAK1,-2.012116666666671
DAPK1,-0.04034833333333321
APOF,0.0024404888888888837
C5orf64,-0.007207255555555556
DLG3,-3.1784416666666644
KIF23,2.3469942222222224
BCL6,1.9522005555555557
COQ4,-3.8220444444444404
DPY19L2P4,0.057205788888888914
MBNL3,-1.354235111111112
YTHDF1,9.640233333333333
ICOS,0.041860999999999926
MIR1-2,0.0
LOC100507250,-0.033980827777777764
SLC44A2,-8.55241111111112
HGD,-3.5270798222222233
PTGES3,38.27414444444446
SH3BGRL,-9.200488888888884
UQCR11,-5.809088888888887
LOC440297,-0.07126062222222229
C2orf62,0.03103405
MIR153-2,0.0
CBWD2,2.551585000000001
RSPH6A,0.0022802000000000005
VAMP7,0.26080555555555307
ZNF140,0.14493611111111138
ADAMTS3,0.07506982777777778
KLHL3,0.5117777222222224
CASC3,3.5880611111111094
CCL4L1,3.960979666666667
CETN4P,-0.1314122777777778
VPS37C,1.8208811111111114
ZNF788,0.01311038888888888
IFT20,1.6669227777777778
MEOX1,0.6126595555555552
SNORD85,0.0
LINGO1,0.03938183333333334
MIR4775,0.0
PDE6B,-0.05797506111111114
SPAST,0.5159522222222215
SMOX,4.4876016666666665
APOL4,0.3995665000000004
LMO3,-2.1234057500000008
PPP2R2B-IT1,0.0
COL1A1,401.4273944444445
HDAC7,3.883523888888888
AQP7,-2.7483595000000007
CD1A,0.20534732777777773
RNASE6,-3.8366555555555557
ARID1B,0.2644083333333356
ANKRD30BL,-0.0014139
KCNE3,6.977650555555556
LOC100129196,0.12750583333333343
C21orf90,0.06550532222222223
CIZ1,2.9482333333333344
MECP2,0.6190933333333337
PDCD4,-75.89404444444443
SNORD114-27,0.0
VKORC1,7.823616666666666
SNORD26,0.0
PRKCZ,-4.727533888888885
PSMD10,3.9112833333333334
SHOC2,-2.2639427777777783
RHCG,0.08191382222222221
MIR101-1,0.0
CAMK1,0.30137277777777793
SFXN5,-1.0729627777777777
SLC35F3,-0.02818566111111111
TIAF1,0.04725100000000004
IQUB,0.021059955555555558
OR2V2,0.0
BLM,0.8842228333333335
DMXL2,-1.2943688888888882
MIR593,0.0
C2orf43,0.9096411111111111
TMEM208,10.511411111111116
CELF6,-0.4701245444444444
01-Dec,0.022213055555555555
EIF3IP1,0.0
ERBB2,-12.684049999999992
ISX,-9.394309544444441
OR2G2,0.0
OS9,-17.61268888888887
PLOD1,11.72805555555555
RB1,4.6547061111111105
TMEM223,0.8107394444444438
CHST9,-0.057620583333333336
OR1S1,0.0
ZNF554,-0.047614888888888984
ADAM21P1,0.008948049999999999
OR5M8,0.0
PTK2B,-11.205472777777777
EFHC2,0.032176522222222226
ZBTB40,-0.031543888888888816
HSD17B7P2,0.2058765555555555
IGIP,-0.37005833333333316
TDRD6,-0.002274749999999978
HSPA1B,-28.68921111111112
ELMO1,-0.31946816666666633
LCAT,-0.06746166666666609
LDB3,-1.0366332833333334
CDKN2B-AS1,-7.522002638888889
RTDR1,0.1329874277777778
TMEFF1,-0.052896399999999996
MIR371A,0.0
ASB16,-0.06009066666666674
ZNF583,-0.019597277777777644
C5orf58,-0.00008542222222222493
MIR595,0.0
MLL,-0.06647555555555495
KCNMB2,-0.14873641111111108
ISYNA1,1.3875806111111113
SLC9B1,0.05212557777777779
GABRR1,-0.006964016666666666
MIR3188,0.0
14-Sep,-0.004320650555555557
RHD,-0.009133466666666673
SAMM50,-1.8121500000000026
ABLIM3,0.5299762777777781
SELP,1.1928951111111112
ABHD16B,1.2052990555555554
MAGOH2,-0.30033171111111123
ZNF503,5.688460555555555
SNORA4,26.064722222222226
CCDC25,-1.373096666666667
MIR532,0.0
ITGA3,-7.162544999999998
POU4F3,-0.0025255555555555535
RRN3,1.9703894444444412
DMBT1,27.40525544444444
MIR143HG,-0.5230561111111114
FAIM3,-3.047386
ANKRD9,-13.424270555555557
SAP18,19.397755555555555
LARS2-AS1,0.0018245555555555554
NMNAT1,-1.444626111111111
GRID2,-0.006994078888888889
SNORD71,0.0
GAS2L1,-1.5701255555555562
GUSBP11,-0.8580133333333331
HAR1B,0.10633597222222221
LOC400558,0.0004940111111111107
HBG1,-0.015586694444444445
MIR4784,0.0
MMP17,0.11898694444444446
DBR1,1.1833805555555559
C16orf48,1.2846911111111101
PCK1,-64.06305111111112
ADRA2A,-6.084137222222221
CHID1,3.5532361111111097
BAGE5,-0.00007623277777777781
CYCSP52,0.0600415
ERP27,0.6075661666666667
LAG3,-1.3530949999999997
RBM12B-AS1,0.33313772222222227
RC3H2,1.324136666666667
RNU6-34,0.0
CT47A1,0.0
CXXC4,0.21440605555555553
MTA3,0.5228472222222234
PCDP1,-0.01314088333333333
BARHL2,0.001653772222222222
SCRIB,4.5528677777777755
SNORA68,-6.620427777777781
TMTC1,-0.08902661111111088
TTLL2,0.07471066666666665
TUBE1,0.8339405555555559
ZDBF2,-0.20341508333333347
C18orf21,0.22909333333333315
KRTAP1-3,0.004187044444444444
UHRF1BP1,0.7370144444444449
CD151,24.881555555555536
RAB4B-EGLN2,-0.24384637155555558
RPA3,4.4822099999999985
WNK3,-0.00009453777777777839
MIR4535,0.0
PPP6C,-0.9968722222222262
FHOD3,0.025538888888888778
LOC400655,0.006041172222222222
KIAA0232,-1.961103333333333
MMD2,-0.007999483333333333
MIR136,0.0
TSC22D1-AS1,0.3443337777777776
YAP1,8.904911111111113
MLIP,0.005269538888888883
TXNDC12,3.271761111111111
TBC1D30,0.6412181666666668
ZNF623,1.6829455555555555
TLN2,-1.8464572222222229
CHAC2,0.45247116666666676
COL15A1,9.763174444444445
FABP4,2.089843888888888
HDGFRP3,0.9031766666666652
MEAF6,2.7185555555555556
MMP12,17.087470722222218
LOC644961,0.023913616666666665
POLE2,1.0392309999999996
SNX14,-0.596183333333336
ZBTB11,0.6554466666666663
STMN1,19.754983333333335
GPR119,-0.13644818888888888
LOC100505875,0.022728344444444465
LINC00028,0.02058203888888889
CLPP,6.6193888888888885
FZD4,0.5274127777777782
LOC389023,-2.525246883333333
ZSWIM5,-1.1846647777777783
HAVCR1,-1.3788930555555559
SOX11,0.010074509444444435
CCL14,-1.360443333333329
MIR577,0.0
LOC100506746,-0.4983967777777776
PRDM11,0.056100833333333266
DPEP1,84.87382099999999
KRT75,0.04760209444444444
GLYCAM1,0.0
GLB1L,0.6210550000000001
CXorf69,-0.1987485
IGSF9,-6.795243055555556
TESC,13.377627833333335
NOTCH3,7.096014444444444
TRRAP,1.308427222222222
POLR2J2,0.035387222222221126
YJEFN3,-0.4991508722222222
MIR549,0.0
RANBP17,0.35066194444444454
ZNF776,-0.39513283333333327
FRMD8,-0.5783316666666671
SLC22A31,1.3000795722222223
OR8U1,0.0
DIMT1,4.294225
MIR181C,0.0
DMD,-0.3082611666666675
DDX39A,15.769700000000004
ERN1,-0.42537894444444424
PLEKHF1,-0.4021049999999997
ADRM1,33.236261111111126
CHMP4C,4.2133272222222224
RSC1A1,0.7982763888888886
AGPS,0.20792944444444394
KIAA0513,-2.523382666666666
OR2F2,0.0
CCBE1,-0.5424975033333332
C17orf64,-0.00006138333333333135
IL10,-0.028457383333333364
WNK2,-0.1757294444444426
ZNF813,0.3357713888888887
GSTA3,-0.002830172222222222
SORBS1,-1.001375000000003
DEFB105B,0.0
SUPT5H,1.2434611111111131
PSTK,-0.02608177777777776
GOPC,-0.4424927777777796
LGALS12,0.12420368333333329
CACNG5,-0.023375461111111107
NAF1,1.2700605555555562
SRRT,5.1449166666666635
ZDHHC4,6.695683333333335
SERTAD4,-0.5214282777777777
ADAM29,-0.00011807222222222228
ABCA17P,0.049222673333333335
MIR26A2,0.0
ARHGEF11,-1.8990116666666683
FUT7,0.15556107777777783
PDCD2L,3.51854
BEST2,-5.613840550000001
DCAF11,-8.71584444444444
REEP1,0.08304927777777715
MIR4483,0.0
PPIAL4C,-0.0009812554444444445
FGF23,0.027068255555555552
IFFO2,2.4549972222222225
CALCRL,1.5681894444444442
GRPEL1,5.972399999999997
LINC00475,-0.006389666666666665
PRSS12,-3.465212222222222
LINC00608,-0.00188475
TBC1D10A,-5.565401666666665
USP22,0.5466722222222238
LOC730102,5.872987222222224
CPB2,-0.00939887222222223
HTR3E,-0.3731743444444445
HGF,1.0845197222222223
HRASLS,0.009792027777777768
EBF4,-0.27847711111111106
ODZ1,-0.045862553333333334
SRGAP2P2,1.1206661111111105
DPRXP4,-0.014726183333333337
OIP5-AS1,-1.935444444444446
MYCT1,0.4035425555555556
ABCB10,0.16299666666666734
MIR4492,0.0
KC6,-0.01064738888888889
MIF,48.78206111111111
MIR337,0.0
MIR5690,0.0
ZDHHC6,2.7584000000000053
ZNF318,0.7691866666666662
BCORP1,-0.03385064444444444
LOC100507567,-0.2651155555555551
KRT26,0.0
LPPR2,1.1277311111111112
TMEM225,-0.008844194444444444
HSPB9,0.030733583333333342
HAUS7,2.8687377777777776
PVRL2,8.465333333333334
LAYN,0.20436566666666645
TMEM31,0.04289376666666668
ZNF512,-0.16072555555555557
NDN,-3.455913333333333
ZWILCH,2.344298888888889
UBXN11,0.7251738888888886
NUP210,3.1274338888888886
OR52B4,0.0
PDCL2,0.004747483333333333
PGRMC1,2.3118999999999943
PIM3,11.802361111111114
PKD1L3,0.022425532777777774
CHD8,0.2601055555555547
KCNK7,0.12904297777777773
LRRTM1,-0.19315942222222215
MIR661,0.0
TIMM8B,3.2967555555555563
KIAA0319L,-0.8790355555555571
MBOAT7,-4.901966666666667
OR5K1,-0.0019262333333333334
VLDLR,-0.6285277777777778
SCAI,0.08633577777777768
POLR3D,1.5701749999999999
SLC17A7,-0.29526357777777773
CXCR6,-1.2605078333333326
LOC100652791,0.00973666111111111
CCDC90A,2.0688950000000004
MIR4787,0.0
LOC100130776,1.3055003888888885
MPHOSPH10,3.130034444444446
CTGF,14.895522222222219
LOC439950,-0.0005359222222222223
NOA1,0.5015999999999998
NPL,-0.15303555555555537
EVI2B,-8.672107222222227
SPPL2B,-2.6718333333333355
TRMT11,3.0322444444444434
CGNL1,-0.21437133333333347
MGLL,-27.71246055555556
MIR1307,1.7753932222222222
ZNF71,0.3732590555555557
SMYD3,2.5578722222222217
MIR4647,0.0
SPRR2D,0.4119742222222222
TPRN,-8.478947777777773
MIR1256,0.0
LECT2,-0.00763033888888889
SNHG1,13.050016666666671
TPRX1,0.002536416666666667
DERL1,3.4535166666666655
GYS2,-0.013036772222222225
SYT13,0.12715333333333234
ARHGDIB,0.7706722222222169
TMEM72,-6.747021777777778
MIR4766,0.0
NIPAL3,-2.6002022222222223
ELMO2,1.8415438888888884
PRLHR,0.012731222222222222
LOC100505795,0.00011542777777777782
PLEKHJ1,-20.815405555555543
RXRG,-0.5001532388888889
TRPM2,0.8554965000000001
YY2,0.3299001111111111
PNLIPRP3,-0.002919827777777777
SPINLW1-WFDC6,0.00030551666666666657
HIST1H2BO,1.7449007283333333
GET4,6.729399999999998
LOC255411,-0.01973931111111111
CSRP2,0.9719816666666681
ADAMTS4,4.003635455555555
FBXO16,0.26634755555555556
SNHG11,2.856056666666666
TDH,-0.007672605555555555
ANKFY1,-1.6223311111111105
TMPRSS13,2.163865788888889
MIR4503,0.0
TRAF3IP2,-3.3512272222222226
LOC284576,0.0030565166666666668
SULT1A1,-44.740188888888895
SNORD115-22,0.0
ZCCHC6,0.9361699999999997
ZNF510,0.23501927777777776
NLRP5,0.0007451722222222223
EXD2,-0.24648388888888917
MLLT11,-0.1247062777777781
HIST1H3I,0.09243725
PLD6,0.6237433333333335
TMEM45B,-50.62854622222221
LOC729177,0.008530594444444446
LOC285627,0.0
AKR1B1,-4.004513888888887
C14orf133,-0.4732038888888894
CALHM1,-0.027324574444444444
FLJ45983,0.009595427777777776
BCL2L10,-0.7222495611111112
LOC392196,-0.005999888888888889
LOC653712,-0.008894068888888884
PHGR1,-1777.5737505555558
CDKN3,6.1211705555555564
DAD1,9.23088888888887
NADSYN1,-4.853899999999999
PPP1R37,-0.09985055555555711
PURA,-0.8028455555555549
LOC100616530,-0.04960467777777777
PSAP,-49.50055555555559
RPAP2,0.4466594444444447
SIGIRR,-5.827651111111116
SCHIP1,-0.22061765555555557
SPACA7,0.0
INHBB,1.4034725333333333
OR4F17,0.0
RFC1,0.9130411111111103
TAF13,1.6785944444444425
C2orf40,-4.3922566666666665
TM6SF2,-2.00601515
C12orf71,0.009393761111111114
TAS2R30,-0.006585144444444444
TBC1D3C,-0.1588006666666666
ATXN3,-0.3059288888888885
PRPSAP1,-0.9508861111111102
ANTXR2,-8.654493333333335
NPY5R,0.04923432222222218
EIF2D,-1.5490611111111114
TFPI,2.020835555555556
AACS,-0.8663422222222241
SEPN1,7.975168333333336
PGM5P2,0.040866927777777784
TPSAB1,-14.620454999999996
JAK1,-3.4842611111111133
LRRC10B,0.39406594444444454
OLFM2,1.170181
LOC100631378,0.025770211111111104
WRB,0.8937733333333338
SNORD121B,0.0
CST5,0.03673549444444445
AMMECR1L,1.2982299999999984
CYP4Z1,0.004498724444444445
DHTKD1,-0.35261055555555476
LYAR,4.919967777777778
NOG,0.025068544444444424
STEAP1B,0.03433632049999999
UCP1,0.008940222222222223
WDR91,-0.19898555555555575
SSNA1,4.063377777777774
SLC22A3,2.8719715
PNKP,0.3084244444444444
AHR,1.955695555555554
PTPN23,1.186740555555554
FOXD3,-0.3371884944444443
VWA5B2,-0.23125615499999994
FCGR2C,-0.4954778888888889
C11orf48,2.34021388888889
GARS,20.615677777777776
LINC00518,0.0045343944444444445
PSMC3,7.196083333333334
MIR4642,0.0
TMEM55B,-0.8428094444444447
DCTN1,-2.675333333333331
MYL6,-268.5068888888886
XRN1,-1.0333550000000002
C1QTNF9,0.1468968555555556
RPGRIP1L,0.6556751666666666
FER1L4,0.7310590555555553
MED25,2.021138888888892
DNLZ,1.2065983333333339
MYO18B,0.006359733333333334
TXN2,-14.08541666666666
UGDH,-30.746841111111113
ANXA11,-15.678244444444445
GNPAT,1.910344444444446
CLCN2,-9.680223333333334
PI15,-0.37782658888888887
ECM1,5.078341666666667
LTA,-0.07915378333333328
FAM176C,0.3324975000000001
RASEF,-0.39519155555555585
LOC100507127,-0.0062411144444444455
OPN3,-3.768424999999999
OR2L3,-0.004777711111111111
MCAT,0.48029111111111167
NLE1,2.928315555555555
ST5,-0.5781627777777771
CDH8,0.056959960555555564
FAM5C,-1.4000716222222223
CRYGC,0.0
EMBP1,-0.030345336444444447
KIAA1549,1.0388217222222222
NOMO3,4.041734444444446
BUB1,3.8269628888888882
FOXF1-AS1,-2.8717372222222206
BEND4,-0.09788091500000001
SP5,3.406591177777777
TRIB3,12.00280888888889
CLP1,0.8921666666666654
FBXL16,0.2702162777777779
RP2,0.9427083333333339
GFRA4,-0.0019455277777777778
WDR88,0.02282465555555556
ZC3H10,-0.2968222222222221
ZNRF4,0.0
MIR4521,0.0
CYP4F30P,0.005088815
DTNBP1,1.438612777777779
OR2L5,0.0
PIGA,0.6447494444444444
KCNK12,-0.07109862222222219
IFT27,-1.7677288888888896
KRTAP6-2,0.0
C8orf34,0.016022516666666667
COPB1,7.631622222222219
KIAA0101,7.401640000000002
OR4F6,0.0
COL16A1,1.793261666666666
DMRTC1B,-0.027373311111111104
CRYAA,-0.001286722222222223
POLDIP2,3.730205555555557
SDC3,0.7695794444444441
MIR663B,0.0
SLC26A8,-0.009240322222222222
TOMM34,16.09581388888889
VAMP1,-1.7807905555555554
C10orf90,-0.004314167777777779
C20orf112,1.0036927777777773
FAM47A,0.0036324666666666663
FBXL3,-3.141294444444444
IKBKAP,1.7124144444444447
SNORD116-26,0.0
IDO2,-0.030080538888888883
ZXDC,0.29465333333333454
REEP6,6.547819888888889
TXLNG2P,0.19680033333333302
GEMIN4,1.4614572222222226
DYSF,1.1018488888888887
MIR1243,0.0
BMPR1B,0.039175197777777775
LOC100506409,-0.0029118
SNORD77,0.0
SSX4,0.0037686033333333337
TUSC2,-0.08782444444443982
CSAG1,0.5282623444444444
SLC19A2,2.3964527777777778
PGLYRP1,0.046988344444444455
DNAJC11,-3.3328877777777777
HSP90AA1,94.43783333333334
ZCRB1,1.5307611111111132
DSTYK,0.22358666666666682
CREM,1.7927666666666653
LYZL1,0.0024861833333333335
CABYR,0.20452928888888885
COL6A4P1,0.04670638888888889
ZNF670-ZNF695,0.1634808377777778
PISRT1,0.0
CAPSL,0.004803022222222224
NBEAP1,0.02206562777777782
C17orf77,0.4147404944444444
FSCN3,-0.003618416666666669
IRGC,0.0016164666666666672
EIF5AL1,0.02319717222222223
COG6,3.7598944444444458
LRIT2,-0.27926117777777787
NME9,-0.04236775555555557
SAMD12-AS1,0.25385752777777776
ARTN,0.033200888888888835
HLA-J,-0.31362900000000005
MIR2116,0.0
IL6,3.427581077777778
NTRK3,-0.3068849072222222
POPDC3,-0.22681317222222222
SNRNP40,3.449705555555557
TNFAIP8L2,-0.6911255000000001
TTC39A,-0.18175594444444698
EVI2A,-2.150567055555556
HSPA12A,0.07438505555555519
RAP2A,3.148183888888889
RANBP9,1.947932777777778
C4BPA,1.7289239444444442
CYP27A1,-3.521238888888888
PPT2,1.4102433333333328
SMURF2,0.2023722222222224
KIF1B,-0.9357716666666676
SPAG5-AS1,0.05026827777777776
ACYP2,0.511010555555556
TAS2R16,0.0
ZNF169,-0.17543744444444453
RIMS1,0.056560026666666666
GPR1,0.07927314999999996
PPP3R2,-0.005601861111111111
C2orf50,0.008508872222222217
FOXP3,0.5600172222222223
MYH6,0.00015822633333333335
C20orf27,8.18973666666667
CETN2,10.220744444444446
MIR4298,0.0
MMEL1,0.6525140833333334
LAPTM5,-9.767216666666677
NOP14,5.209612777777775
DDX56,8.789743333333336
INSM1,-0.022753938888889103
MIR592,0.0
NT5C3L,3.965336111111112
PRSS42,0.003375672222222223
PTGFR,-0.061635555555555444
ABCC9,0.9964338888888893
SCGB1B2P,-0.06880104444444443
VEPH1,-0.2876907366666666
NEDD4,1.5267709444444446
RAB3B,-0.3480955555555556
FNBP1,-5.303927777777777
BNIP1,0.5395844444444435
FHAD1,0.027661388888888888
KCND3,0.2646608944444446
ODZ4,0.12390349444444446
HSDL2,3.2114761111111143
CTHRC1,22.762788833333335
FIGF,-1.012076538888889
SNORA11D,0.0
ANXA2R,-0.4065415555555554
HCLS1,-5.7152788888888875
C3orf75,0.7424727777777793
THNSL1,0.8919823888888887
LINC00184,0.008995816666666668
IFNA8,0.0
SRRD,0.6407872222222224
LOC100506895,-0.004724894444444444
SUCLG2,-65.15370555555555
LILRB2,0.5729994999999994
RPL29P2,0.0
C14orf169,0.7760155555555555
INSL6,-0.007693344444444444
SOS2,-3.6656205555555568
ME1,2.7587005555555564
NBAS,0.5899705555555554
SEC11A,-8.271100000000011
FIBCD1,0.8679002388888888
CIDEA,-0.2806393833333334
HHEX,-0.5970299999999997
LIMS1,4.903619999999998
MTTP,1.408545216111111
HERC2P9,-0.6151188888888894
USP17L3,0.000027483333333333613
C21orf56,0.4952172222222222
PSMB1,35.338411111111114
MIR105-1,0.0
MIR4660,0.0
HGFAC,-0.011873227777777776
GDF6,-0.0410759722222222
MAGEC1,-0.0003603277777777781
OR51B2,0.0
RALGDS,2.4716000000000022
CLIP1,0.2700266666666664
CCDC122,0.5909937777777776
FAM8A1,-5.414251111111112
NCK1,-4.471526111111114
PCDHA10,-0.02833224111111112
KIAA0319,0.03329239444444443
MIR527,0.0
BHLHA15,-2.488021105555556
ARHGEF5,-0.7859161111111099
OR10A5,0.0005541888888888889
NEBL,7.834043833333332
PDE1B,-0.06542233333333325
PSMA4,6.674888888888901
LINC00574,-0.025783005555555544
KRTAP19-6,0.0
TIGD5,0.2856094444444439
SLC25A2,0.0032484611111111075
ABCB1,-10.835093333333333
HSPA12B,0.4560082777777783
MAST4,-0.2227510555555552
ZNF24,-1.9132288888888898
NUPR1,-12.470372777777783
TAMM41,2.4161027777777777
SEMA6D,-4.318877888888888
FAM69C,-0.07738443333333334
CMYA5,-0.01638353333333334
TIAM1,-0.4700363333333334
WASH2P,-1.4684977777777766
AMOT,2.6568955000000005
MIR3913-2,0.0
ITLN2,0.01237978405555562
NEDD1,1.670603333333334
PDGFA,0.4754811111111099
GYG2P1,-0.5513305922222225
THOP1,4.548383888888887
AKAP4,0.022133976111111113
TGIF2LY,0.0
USMG5,-36.97200000000001
ZHX3,0.5622872222222228
LINC00606,0.0
NEU4,-15.001510805555558
SHARPIN,2.032183333333329
ICOSLG,-0.239443333333333
LOC100128071,-0.4443907777777779
LOC100507156,0.025328219444444446
AMBP,0.25077844444444464
NACAD,-0.3259839722222222
ATP7A,-0.01311888888888868
DNAJA2,1.460194444444447
MIR4786,0.0
FLT3,-0.2720726333333333
GM140,0.0
IER2,-5.495322222222214
CCKAR,0.020641411111111105
LOC100507629,0.027396761111111112
SNORA10,19.889138888888887
SPERT,0.22179308333333336
FAM26E,0.4758725555555555
IFT52,4.330521666666666
TMEM30B,-15.383969444444446
HCG22,0.0016863372222222228
LOC728819,-0.01617089999999996
C1orf150,-0.22402098333333334
SAMD7,0.0017439733333333334
GAGE2B,0.0
TULP2,-0.003173027777777778
LOC643401,0.03646223888888889
XAGE5,0.0
ADCY10,0.010646642222222221
SPAG5,3.3731100555555553
EIF2B1,-0.8271333333333359
ARPP19,2.026816666666665
FAM116A,0.16844388888888906
IGF2,35.63294999999999
IL5RA,-0.025929061111111124
RNF39,1.1373472777777778
TMC1,0.013828022222222226
TXNDC9,2.4014100000000003
LOC100527964,-0.046218666666666575
SNORD28,0.0
HIST1H4I,0.17920949999999997
C11orf1,3.310304444444446
IQCC,0.10200583333333335
MIR320C2,0.0
MYLK2,0.026332704999999998
PI4KB,-1.3397444444444453
CCL25,7.922468650000002
MIR1181,0.0
TRMT2B,0.561401666666665
MCF2L-AS1,0.41862433333333304
MMP13,0.2853536388888889
P4HA1,6.1191355555555536
CCT7,47.179733333333346
LINC00152,15.902959999999998
GGH,17.460928888888887
HMX1,-0.004953666666666668
ECD,1.7765294444444457
SLC6A11,0.0022209833333333307
TMEM214,5.059950000000001
ZNF45,-0.17000327777777824
CCR5,-0.9386336666666666
IFITM2,41.405283333333344
LOC387895,0.01397746666666666
LOC100129520,-0.0004785766666666666
FAM193B,-0.8398566666666669
FMN1,-0.7522243888888882
LOC100652770,-0.2785175555555557
ATP11A,5.543566666666665
UBL4A,2.1627111111111113
LOC100506050,0.0014185166666666666
PRKRA,3.5060611111111104
DICER1,-0.9748066666666659
NCKAP1L,-1.9251588888888884
LOC100506384,0.0
SPC24,2.0969713333333333
ADAD2,0.0017161222222222203
LY75-CD302,-0.0955961722222222
CD3G,-1.5408833333333334
OR4K1,0.0
C10orf54,-5.1353455555555545
SNORD114-16,0.0
KLHL9,0.7732255555555554
MIR3155A,0.0
SNORD6,0.0
HNRPDL,6.587950000000006
ACER2,-0.4290195555555556
MPP1,3.8888261111111113
RNF133,0.003626883333333334
NPTX1,-1.7104304277777778
DFFB,0.40156444444444395
RRNAD1,-1.197157777777777
TTTY7B,0.003695627777777777
LOC641515,0.023411916666666668
PDCL,1.9630150000000022
ING1,1.8827083333333334
MED31,-0.25220777777777803
ANKRD30BP2,0.018587739444444442
ARVCF,0.677513888888889
LOC100507096,0.0
TTTY13,0.011415966666666666
BEND7,0.01707499999999973
FBXO18,-1.9943944444444472
LRRC37A6P,0.04515301222222221
MIR133B,0.0
PSG10P,0.0
TICAM2,-0.18276638888888885
FBXO43,0.012197738333333333
ORAI2,0.3879200000000007
PCNX,0.4096550000000003
APRT,20.171694444444462
JMY,0.047653333333333325
RAB3C,0.11605048333333329
MED18,-2.484843333333332
OR8J3,0.0
SLC7A7,1.0137827777777781
MYPOP,-0.42097666666666633
TMED7,0.2761944444444424
POGLUT1,0.6863872222222227
DEFB108B,0.0
LOC285103,-0.001151611111111111
PABPC4L,0.06398978333333333
KRTAP24-1,0.0
LINC00189,0.027884711111111127
PMS1,0.9258455555555551
MIR4678,0.0
LOC100132352,0.09897055555555578
NOVA1,-0.31754682777777776
HBE1,0.0
MIR4518,0.0
SDC2,2.381094444444443
TEX13A,0.0
MIR518E,0.0
CSDAP1,0.0011483177777777773
TMEM95,0.0000325055555555555
SAMSN1-AS1,0.0030815444444444442
SKIDA1,-0.01875116944444445
STEAP4,1.3593147777777772
LTBP4,-33.713011111111115
KRTAP19-3,0.0
USH2A,-0.0027321838888888896
MIR3200,0.0
ROBO3,-0.20277509444444447
MIR4736,0.0
RWDD1,1.7442888888888888
CASKIN1,-0.024799513888888895
ENPP6,-0.4594833333333334
SCIMP,-1.2678997777777776
SCXB,0.1932250333333333
TBC1D22B,-0.52921
DDX20,1.2148238888888896
EGR2,0.9091490000000002
SUFU,0.045301111111111236
MIR3960,0.0
LMCD1,3.8830372222222227
ARHGAP21,-0.6101005555555563
MIR3119-1,0.0
DDX47,7.633366666666671
ASB6,0.6527122222222221
DCDC2,-0.26069402222222227
CYP27C1,-0.009894422222222199
PLCD3,-34.28352444444445
MRPL37,5.343672222222217
SERHL2,-0.1559874833333334
EVPL,4.7833283333333325
CALB2,-1.8509332888888888
04-Mar,-0.08950302222222223
MAN1B1,1.4347666666666719
POF1B,4.069096444444455
RUNX1T1,-0.10348483333333336
MIR518F,0.0
ZNF185,2.5785133333333334
PAXIP1,1.5977577777777778
ZBTB24,0.5034444444444444
PRDM9,0.0
SF1,2.439988888888891
ZNF295-AS1,0.0016432999999999986
KIAA0913,-1.6257166666666656
MAP2K4,-1.5363566666666664
AP1G2,0.2958088888888888
USP2,-3.8435116277777777
LSS,0.10076222222222242
GDF3,0.010858338888888895
PVRL3-AS1,-0.011520477777777781
EGLN2,-5.343499999999999
LOC643923,0.0
SLC25A17,1.1170227777777768
ADM2,0.4165201111111112
FAM32A,0.6571499999999943
TMEM129,-4.9088816666666695
R3HDML,0.26523049444444446
ACSF3,-0.9157555555555552
KIAA1199,7.539736388888888
IL9,0.004051538888888889
MIR1292,0.0
ZC2HC1B,0.006527694444444445
LINC00548,-0.002938361111111111
MINOS1P1,0.0027290277777777764
GCM1,0.01703625
STX16-NPEPL1,-0.04320618888888905
PDP2,0.2994614444444448
CLYBL,-0.7863765000000007
EIF2B2,2.2926527777777785
TGOLN2,-1.4570388888888957
CLEC18C,-0.051850938888888906
DDT,-45.92742222222223
CBR3-AS1,-0.013826388888888985
MGC34034,-0.0007425777777777779
RBM11,0.0024117277777778168
SALL1,-0.6102355833333332
SNORD116-13,0.0
ARHGAP29,0.724133388888889
PTPN3,0.9063071666666653
CALHM2,-0.4833688888888892
RNF121,0.15980555555555576
VPS36,1.0872666666666682
LOC415056,0.0014954166666666727
C5orf22,0.21686055555555583
NIPBL,0.19223055555555568
ANXA2P2,0.3223561111111113
ARF6,-16.846200000000003
KRT12,-0.3249846277777778
PPP1R12B,-6.025432222222221
COA5,0.7362777777777794
PCDHA3,-0.08998846666666663
CCDC121,-0.15109799999999995
POLDIP3,-1.0194111111111113
TMPRSS11BNL,0.0
AP5S1,-0.2989372222222233
CBWD1,4.559860555555556
JAZF1-AS1,-0.02777407222222222
HABP4,1.0987466666666665
PLAG1,0.15668184444444438
GNG2,-2.893319444444444
PRR25,0.001598238888888881
PSG3,0.002599266666666667
DCK,1.7682205555555548
TRIM27,7.82651666666667
MIR548F4,0.0
LOC100507297,-0.07906477777777776
STX4,2.0681222222222218
GSTA7P,0.0
C4orf3,1.6052666666666617
ANGPTL4,1.2926221666666668
MTHFD2L,0.32994511111111124
IRF1,-3.4161327777777792
MIR124-1,0.0
IL13RA2,0.13789928888888892
FAM156B,0.6811350000000003
LOC400927,-0.6027378888888888
RHOB,15.23669999999997
WDR59,0.8388233333333348
ZNF227,0.18472055555555622
COPS4,0.34402333333333424
MYO1A,-26.30417638888889
DDO,-0.6274433333333336
MDK,32.95773333333334
LOC400940,0.00027839444444444474
LOC100422737,-0.2485202222222222
OR13D1,0.0036813333333333333
PPM1M,-0.49755388888888863
PTK7,9.504766666666669
SLC10A2,-0.08692180777777778
ZNF223,-0.34985238888888914
GADL1,0.0040491722222222234
OSTalpha,-11.7776855
GJB4,0.9743005327777777
LOC643486,0.003056005555555555
MT1G,-642.9245888888889
FAM102B,-2.091308333333334
PCDHB8,0.7895471277777777
MIR497,0.0
AIM1L,-0.1941483388888885
PRSS57,0.005041172222222223
SLC25A36,1.4161805555555542
GGN,0.06140291111111111
UBE2C,45.75916777777779
C6orf106,4.1423777777777815
MIR4457,0.0
GSDMD,-4.757444444444449
NSUN7,0.19590866666666695
FAM89B,1.8467455555555539
FAM54A,2.069939055555556
EFCAB4B,-0.4245774444444441
KRTAP9-8,0.0
OR4S2,0.0
TRAF2,3.0761994444444447
EXOC2,0.8748700000000005
COQ5,-3.3150772222222216
OR4B1,0.0
PLEKHG5,1.5691350000000002
SOBP,-0.1995070555555556
ALPI,-7.124007644444444
PRCD,-0.10056395555555556
GOLGA8A,-1.0110527777777767
CRABP2,3.594506555555556
ADAMTS7,0.9393056111111109
SAMD11,-0.09316622222222248
ARMC6,2.5663050000000007
LRRC23,0.5827422777777778
CFI,6.992736111111112
OR8H2,0.0
MAMDC2,-3.0481730666666667
CRB1,-0.012208053888888888
AGAP3,5.419011666666666
ERBB4,-0.011687344444444445
PTH2R,0.10421223888888889
UGT2A3,-28.229696577777784
STK4-AS1,0.029488044444444445
DLAT,-0.6405899999999995
HRASLS2,-6.049216638888888
C17orf47,0.005859366666666664
TRIM22,-0.23532444444444423
LZTS1,0.8739256444444442
MUL1,-4.680891666666668
MIR4734,0.0
MIR9-2,0.0
LOC149134,-0.009110722222222228
UTP11L,3.8034011111111106
HNRNPUL2-BSCL2,1.0012761111111104
TPM1,-71.86704444444445
NDUFA11,5.421622222222226
C12orf44,2.8705666666666616
CCNB1IP1,9.63806611111111
IL1A,0.8704634
SIX5,0.0712477777777778
STAR,-0.025112194444444465
TMEM171,-28.058572777777787
TMOD1,-0.6529942055555558
RLN2,0.25230559444444445
CD48,-10.648608888888893
CGB7,0.02725157722222223
AVIL,-1.5876859444444447
ATP11C,0.5988655555555553
MIR3976,0.0
LOC338963,0.00023591111111111044
SSR2,16.563500000000033
ZNF213,-0.40510222222222225
DDX42,1.2618666666666662
SNORD105,0.0
SUV39H1,1.671046111111111
MIR4437,0.0
C7orf53,-0.07624170555555543
LOC401052,-0.016438111111111153
CACNG4,0.19568951666666667
TEC,0.16386022222222207
MIR1296,0.0
CSPG4P1Y,0.002117366666666667
AZI1,0.510305555555556
ATF5,0.4006688888888892
EBLN1,0.0
RENBP,-0.8993727777777778
LRP8,1.3461079444444444
SPTB,0.008666772222222119
THSD1,0.4046249999999999
LINC00598,-0.009059544444444442
L3MBTL3,0.37246500000000005
OLFML2B,5.7690307222222215
PBX2,4.058883333333334
URM1,3.9700611111111144
PRPH2,-0.023290766666666685
SCAPER,-0.2626533333333336
GPR50,0.0015376722222222219
ITPR1,-0.09016844444444416
HIST1H2AL,0.29506033333333337
ITGA7,-0.7410740555555568
SMAD7,-10.48939777777778
DMAP1,-3.534158333333334
PAPPA,0.16404672222222222
SUV420H2,0.6825566666666658
KIR3DL2,-0.08079789999999998
SCRT2,-0.000045527777777778014
LOC100506134,-0.007305166666666666
WTH3DI,0.03976639444444441
HIST2H3C,0.5481131722222223
SLC25A41,-0.04740610555555555
PRDM6,-0.19720625000000003
IARS2,0.7429333333333261
MRPS31,3.6411261111111113
COL28A1,-0.630804111111111
FLJ22763,-1.0526689999999996
GALNT10,0.48501666666666843
CYP46A1,-0.012922816666666656
FBRSL1,0.9205572222222234
OR3A3,0.0
CASP12,-0.053372327777777784
AP1M1,1.7292072222222235
SIGLEC12,0.2540335
TBL1XR1,2.371462222222224
TXLNA,0.7217955555555555
CD207,-0.22290443888888878
LINC00102,-0.0015743666666666678
KIN,0.1682838888888889
LOC100129213,0.0
IPO13,-0.0989383333333329
LTBP1,6.181497222222223
C18orf54,0.034337222222222186
LASP1,-7.472188888888908
ARGLU1,5.976649999999992
FAS,-5.172371666666667
MIR3689A,0.0
MOB4,0.8663999999999952
NOMO1,5.469805555555553
SIRT7,-6.8837888888888905
PSMD9,-0.9428355555555559
GAGE12D,0.0
LOC286297,0.014552536111111104
LOC728730,-0.1187908333333334
PPAPDC1B,0.6508555555555589
KRTAP10-8,0.0
NOP56,21.965250000000005
NOL9,0.038311666666666744
OGFOD2,-0.572581111111111
SF3B3,7.739807777777777
SNORA44,-23.475605555555546
FABP6,5.1725942555555555
NFAM1,0.13022438888888876
C3orf33,0.05705144444444454
PSEN2,-0.7228911111111112
SUCNR1,0.056712394444444536
TMEM144,-1.948745555555556
TMEM19,-2.8169999999999993
TSSC1,1.7868611111111115
USP21,0.48520166666666764
ZNF460,0.027606561111111094
LOC339803,0.027103555555555603
ZNF571,-0.032339444444444476
CREB1,0.4642300000000006
CYP1A2,0.0020866166666666675
MAPK11,0.8029472222222218
NEUROG1,0.0
SLC2A14,-0.012061167222222252
IMPA1,-6.563230555555554
DDX10,3.6416738888888895
KIAA1462,0.5439155555555557
CIDEB,-0.42786888888888885
DCAF8,-0.8793888888888866
DMTF1,-0.46899777777777807
POM121L4P,-0.002211455222222221
RUFY1,-0.9694255555555582
BCRP3,-0.10989751111111112
CDH19,-0.37789537722222233
CHCHD10,-27.473076111111112
FBXO27,-0.19850561111111115
FCRL1,-0.48023001666666676
MT1B,0.0
ODC1,32.10552777777777
OR51Q1,-0.0026446666666666667
STARD13-AS2,-0.02033419999999999
IQSEC2,-1.26654
KDM2A,0.7521394444444489
SNORD119,0.0
KBTBD4,-0.22812611111111103
SOX17,0.42841677777777765
TTC33,-0.6119905555555554
USP17L8,0.00113755
ZMYND11,0.22650666666666908
LANCL3,-0.4550980777777778
NAV2-AS5,-0.0009256722222222222
CABS1,0.002538188888888889
FBXL2,0.18014972222222236
GLCCI1,-0.7129422222222224
OSBPL2,2.085838888888887
CIRH1A,10.095480555555556
CX3CR1,-0.1389987777777778
SOD3,30.761994444444433
FDX1L,1.4463427777777778
ARHGEF19,1.1999683333333333
C1orf122,0.3384149999999977
TAOK3,-3.349136111111111
MT3,-1.1043290555555556
DHRS4,-4.88141388888889
TMEM235,-0.0024299277777777776
LOC150776,0.7016533333333332
ADCK5,0.90373611111111
HAT1,5.916205555555557
UBE2MP1,0.004192605555555555
DNAJC5,4.510888888888882
LOC100131047,0.000041888888888888835
LOC154872,0.0
LOC440970,0.0016805588333333333
IZUMO1,0.02801255555555555
MAGEL2,0.036892358888888886
TMCO5B,0.0
C1orf56,0.3648044444444447
DMRTA2,0.16037384999999998
LOC100887755,-0.002671055555555555
LAMB2P1,-0.05772793333333334
LRFN3,-0.25054111111111155
PRMT3,4.574484444444444
GPR156,-0.005634559444444444
UFL1,0.17402555555555388
ME3,0.2513427777777766
ELOF1,2.421416666666669
TNFRSF19,0.13804350555555567
CSHL1,0.0
CDK5RAP2,0.9635394444444443
GABRA5,-0.002441605555555556
LOC643955,0.0015699333333333333
LOC100506963,-1.0108144444444438
MAGEC2,0.004904899999999999
MYRIP,0.19680272222222217
FAM18A,-0.05947592777777774
FLJ33360,-0.004380233333333344
KIAA1143,2.2751416666666655
UBE2K,-1.1830722222222185
ACPL2,1.474322777777778
IRAK2,1.585042333333333
MAP1A,0.24947038888888895
RGS21,0.0
PCDHA6,-0.007450386111111103
MOCS1,-2.7564842222222223
C2orf55,-0.3142727777777785
LOC646214,0.0017669444444444737
OXA1L,-8.762416666666674
LOC728377,-1.0556783333333328
BVES-AS1,-0.03463074999999999
LOC100129250,-0.9622350000000006
METTL21D,0.07333999999999996
ILF3,19.01439444444444
BECN1,-2.356105555555555
IMP4,8.158738888888891
NEK1,-0.3374875555555559
PHF2P1,0.0
FAM26F,-0.12532727777777808
LOC100128126,-0.040856338888888885
RPL34,36.61766666666654
THBS1,3.046888888888894
TMEM145,0.04662518333333335
TPPP3,2.656595000000003
MIR4306,0.0
RAB19,-0.30188266666666697
USP10,6.255250000000004
CYB5R3,0.8672722222222333
RPRD1B,4.625164444444442
VPS39,-1.64576111111111
ZNF204P,-0.5100702777777777
MAML3,-1.1421183333333333
MRPS7,-2.887133333333331
AHSA1,14.408450000000002
RRM2,16.77117222222222
MIR192,-2453.8072222222204
PELI2,-1.1939167777777775
SNORD116-15,0.0
ACN9,1.497733888888889
LINC00478,-0.006446616666666655
FNBP1L,1.5097933333333327
PNMT,0.011921066666666674
KDM2B,0.6417788888888891
KIAA1328,-0.0488832222222223
ALG14,-2.1253844444444443
ARHGEF40,-0.9341783333333318
THBS3,1.325048333333334
SNORA75,0.47160000000000046
ATP2C2,-7.512480555555555
RCSD1,-3.4283338888888895
GBA2,-8.911932222222227
NEK6,7.848076666666666
RNF168,0.36994222222222195
ARL2,2.3613388888888878
CDK8,11.705643333333335
MIR4514,0.0
UBE2G1,-1.7441222222222237
MIR3917,0.0
USP11,2.170463333333334
PANK3,-7.2219055555555585
MYO15A,-0.012851103333333329
MIR922,0.0
LMF1,-0.19936666666666625
SYTL3,-0.3455878888888887
CALCOCO2,-11.652244444444442
ZNF673,0.31226555555555624
MIR421,0.0
ZNF624,-0.36319366666666675
SPATA4,-0.0367045388888889
STRA6,1.727518622222222
POMGNT1,2.0264111111111127
LYRM4,6.137300555555553
PRICKLE2-AS3,-0.007058311111111108
BMPR2,0.6210766666666672
FAM22F,0.0014774939444444427
WNT10A,-0.4583961388888891
PARP14,1.3080094444444432
ZNF329,0.03795522222222192
LOC649395,-2.832777777777778e-7
SNORA36B,0.0
MYOM1,-1.0007175277777782
SNF8,-1.3099166666666662
PERP,35.8727
B3GALT5,-11.24120105
PRR11,1.5006587222222219
CYP3A7,-0.08036323888888888
MIR451B,0.0
LOC285548,0.04211483333333334
HLA-G,-2.2566867622222224
GREB1,0.07228168333333332
P2RY6,0.16000805555555564
RFFL,-0.21301388888888795
MIR3130-1,0.0
LOC100506321,-0.03121134444444445
NOD1,0.8265594444444448
LOC644656,0.21212638888888868
POLD2,28.417444444444442
SLC26A4,-0.010350677777777761
MIR4782,0.0
TMEM187,0.5494905555555558
HDAC1,-6.095116666666669
XPR1,-0.8251283333333328
DCUN1D5,1.2535186666666667
KIRREL3-AS2,-0.022037944444444443
C16orf91,0.9057577777777772
LOC100294145,-0.32182944444444495
MIR200B,0.0
AGTR1,-0.5030561722222219
KCNA7,-0.005416645
MIR3136,0.0
ATP6V0CP3,-0.13710905555555558
SLC9A4,-0.0016817277777777528
TAPBPL,-7.441186666666663
ZNF705A,0.0038967936111111105
NFX1,1.406641111111112
GP5,0.007577611111111118
POC1A,1.5408400000000007
PLEK,1.3725055555555548
MIR4505,0.0
LCOR,-0.8007444444444447
SLC17A4,-10.33392475
C15orf55,-0.01083490222222222
LOC100131138,-0.0251885
SERTAD1,-2.6802205555555574
PKMYT1,5.021790388888888
RRP7A,2.1329933333333315
DNAJB11,7.897683333333337
CX3CL1,-0.4582172222222214
GNAI2,6.450500000000005
HCG4,-0.18321725555555557
CLDND2,-0.08911537777777781
MIR4776-2,0.0
ZNF22,0.46014166666666867
IGSF1,-0.008972389999999969
LEUTX,0.0
ZNF593,9.53018888888889
SEC22C,0.7263488888888885
LOC100288778,-0.5384883333333335
OR10G2,-0.020192144444444445
NDST1,-0.2696988888888878
C19orf40,0.5317807222222224
LINC00457,0.0
ONECUT1,0.0045009722222222204
OTOP2,-29.692711811111113
RNF111,0.018424444444445243
ARFGAP1,10.80371666666667
HIST1H4J,0.020161388888888965
OR8B12,0.0
OR6K2,0.0
TET1,-0.009875983333333338
C9orf41,2.160658333333333
PET100,18.108000000000033
TMEM128,-1.2633744444444446
TMEM48,2.577208333333333
ZAP70,-2.3582625000000004
ZNF433,0.05350633333333332
NUP43,3.138753888888888
NNT,-5.417388888888889
HSPC072,-0.009712666666666647
NEB,0.01295455944444445
GABPA,-0.3653072222222207
SEC24A,1.1347316666666662
UQCR10,-22.67719444444444
CSRP1,-46.913088888888865
GIMAP5,-3.2620805555555537
MIR3651,0.0
NACC1,2.043816666666668
ZNF784,-1.6815361111111105
FBXW8,0.8585105555555552
METTL17,-3.2693894444444442
SLMO1,0.5366340555555557
TTTY4,-0.004727847777777778
ALDH3B1,3.950975555555556
FABP5P3,0.008973538888888887
RNU6-16,0.0
C17orf51,0.3492415000000001
GPR133,-0.16696449999999985
LRRC42,1.2340722222222222
S100A12,0.3721562777777778
FKBP1A,-9.325966666666687
DCDC1,0.0075640777777777795
ADAM3A,0.0
FGF6,-0.006248555555555556
HERC2,-0.09196722222222142
LINC00244,0.06400265555555557
NMNAT2,-0.10350173888888886
D2HGDH,-2.956266666666666
ZNF281,1.0859677777777783
SNHG10,0.1621538888888887
SOX10,-0.9734373222222222
CXCL6,1.4338047777777776
B3GNT5,-4.646202777777779
C5orf65,-1.4613140000000002
MIR3198-1,0.0
NAA25,1.6391022222222222
CC2D2B,-0.0008171888888888826
FAM53B,-2.3051138888888882
LOC100499484,0.05337086666666668
SERPINB2,0.6059961722222224
ANKRD34B,0.004789429999999999
NRADDP,0.026322583333333344
RNU6-64,0.0
SERPINB5,11.59263895
WBP11,4.628600000000002
CR1,0.07663500000000001
EIF2C4,-0.6248450000000005
UPK1B,0.008130705555555558
TMEM56,-5.290992777777777
CCIN,0.029665216666666674
MIR654,0.0
RHOXF2,-0.0025941111111111113
FILIP1,0.12307472222222227
HYLS1,-0.09814777777777772
MIR3977,0.0
DRD5,-0.6169389333333333
OR2T10,0.07364010555555554
MAGI2-AS2,0.0
WDR46,6.4181566666666665
ZNF532,0.9768233333333334
ACTL10,2.149256333333333
LILRA3,0.048716988888888896
BOLA3-AS1,-0.1413833888888888
BPESC1,-0.0005335588888888889
TMCO5A,0.0
LOC440894,2.178258333333333
NSUN5P2,0.5863244444444442
DSCR4,0.0
PPP1R3G,0.7157895555555556
CXCL14,-47.452238888888886
SERP2,0.2604767777777779
PTCHD4,0.06137337222222225
CHD7,1.6209800000000008
MIRLET7BHG,-0.06374662222222222
EGLN3,-15.669641111111103
COL5A3,2.3690992777777775
EMCN-IT3,0.0
LGALS13,0.0
LINC00612,0.017807022222222225
LOC100129027,-0.00014249444444444388
BCL11B,0.16549538888888882
PLD4,-0.3253890555555552
SCNN1B,-28.49964522222222
C21orf128,-0.006201827777777778
UBOX5,0.05325166666666625
C17orf109,-1.9098245333333337
LOC646903,0.15746016666666668
MIR3679,0.0
ILDR2,0.11937955555555554
LEPREL1,-3.2966318333333335
MIR643,0.0
NWD1,0.058046416666666656
GSTTP1,0.0
C8orf40,-0.9051111111111076
LOC100128811,-0.012691944444444447
SEC23A,-0.8514166666666689
SNCG,-0.5247031111111111
SNORA12,3.6581666666666663
GPRC6A,0.08951467222222223
MMRN1,-1.1289565555555563
PPM1L,-0.27129683333333343
SLC25A11,-8.468922222222222
ZNF642,0.11836722222222207
MIR570,0.0
SLCO3A1,1.5509144444444445
SOHLH1,0.032365649999999996
ACAD9,1.0084538888888872
MIR3610,0.0
TRAF3IP1,0.8939355555555557
BMP2,-9.244597777777775
HBA1,-19.450946666666667
VEGFA,25.418055555555547
CSN1S2BP,0.0
LOC100288079,-0.004116783333333334
LOC284385,0.2196920000000001
SLC38A5,15.967751666666668
FOSL2,-7.309640000000005
MIR4309,0.0
CERS1,-0.09998019444444442
MIR450A1,0.0
ARRB2,0.15332222222222214
RHOA,11.78088888888891
GRHL3,0.5507316333333332
TPSD1,-0.7708011222222221
RAPGEFL1,-14.989874444444435
RTP4,-0.15683000000000025
ZNF492,-0.07372739166666667
RPL21P44,-0.027354455555555553
SNORD47,0.0
KIAA1737,-5.404176666666668
ADAMTS14,0.7372187777777781
POLA1,1.9740383333333331
ELF3,-26.167764444444487
ZNF79,0.012294999999999723
ZNF804B,-0.0016324205555555556
DEFB104B,0.013718000000000001
MIR578,0.0
RASGEF1A,0.773749472222222
TMED11P,-0.009663666666666666
POLD1,2.267636666666667
LRRIQ3,-0.003715855555555536
NTNG2,0.14575188333333333
NPY1R,-0.6291122666666666
MIR1265,0.0
CD96,-1.2734518333333333
CLDN4,-33.39772999999997
CLEC4M,-0.06187001666666665
ASAP1,2.607953888888889
GAS6,-15.47804444444445
HCG17,0.0529268222222222
TFDP3,0.0
MIRLET7A2,0.0
LOC284023,0.19763411111111107
CEP170,0.6981444444444445
VPRBP,1.242761666666666
MIR4731,0.0
PTPRU,0.7672519444444443
C8orf73,3.8898602222222225
RBMY1B,-8.827777777777776e-7
HSP90B1,50.20883333333333
TTTY10,-0.012549161111111113
GPR82,-0.2115336055555555
METTL3,2.1399172222222216
ATP6V1B1,0.045833466666666656
PPAPDC2,-1.9866316666666677
LINC00398,0.024904022222222218
ZBTB20,-0.03452346111111115
SHISA6,0.03717568444444441
MAPKAPK2,3.252783333333337
MBNL2,4.327136111111113
MIR4641,0.0
AJAP1,0.0064784500000000245
LINC00592,0.008662711111111108
ZNF629,0.6678200000000016
MIR3671,0.0
ZER1,-6.521132222222224
RAD54B,1.8507950000000002
SYBU,3.1336216666666665
NEU2,-0.011583044444444445
CASKIN2,-0.2693805555555562
LOC100287534,-0.08487917444444446
TXNRD3,1.1874481666666665
RADIL,-0.12596740555555563
NSMCE4A,-0.0028733333333299527
YWHAG,20.231227777777775
ANKRD16,0.48456222222222234
LOC493754,0.2321044444444449
YWHAZ,82.34722222222223
KAZALD1,0.6952228333333337
DCAF4,0.21523166666666693
C14orf119,1.4341388888888904
KCNK13,-0.07917682222222222
KIF17,-0.011720505555555538
HAUS4,-0.11907277777777736
NDUFS1,-5.850977777777775
PLA2G2A,257.15364944444445
HOMER2,-0.27674585555555553
ACOXL,-0.037779361111111104
HEXIM1,-3.742175555555555
PRB2,0.02882417777777778
TRAF3,-0.5490116666666669
ZNF791,-0.1889538888888893
KLHL33,-0.046741500000000005
CACNA1A,-0.19808725555555554
BASP1,0.2252766666666659
MIR4442,0.0
OR2M3,0.0
HOMER1,1.0244205
ARHGEF38,1.0232647944444444
HAUS5,0.8144061111111114
HENMT1,4.3653361111111115
TIMM9,3.2417166666666652
MIR331,0.0
NPHS2,-0.014658805555555557
GAL3ST3,-0.005995927777777779
C11orf67,-5.233280555555556
LOC100129361,-0.3429894444444468
STK19,0.49530222222222253
PGAP3,-7.9070594444444495
MRP63,4.716321111111111
C16orf90,-0.0019465277777777775
IPO9,1.3491855555555556
MAP7D2,2.8020644222222217
KLK4,-0.18477902777777777
LOC100130705,0.6272395
SLC5A8,-0.1494550888888889
TTPA,-0.38068077777777787
CYP27B1,0.6364162444444443
AGRP,0.005251355555555559
APCDD1,8.405922222222223
LOC401324,0.0
SCGB2B2,-0.05259055555555556
ANKRD30B,-0.03381955944444445
C17orf97,-1.167867666666666
HHATL,0.0016505666666666655
C12orf69,-0.0010284888888888802
MIR548I3,-0.3515361111111111
CHIT1,0.1228107444444444
STATH,0.0
SLC38A8,-0.005855505555555555
VAMP4,-0.2478955555555551
NT5C1B-RDH14,0.008606268611111112
C14orf93,-0.3474861111111114
TNFAIP8L3,-1.6404648888888893
MIR196A2,0.0
FLJ20021,-0.8886666111111108
GJA1,6.251506666666666
MTMR2,0.7888172222222227
SLC43A3,2.7321527777777774
KRT79,0.0016728111111111114
PPP1R15B,-1.6731633333333313
SOGA3,-0.11230382777777778
CACNG1,0.002770077777777778
SYDE2,0.17282416666666656
CD6,-1.5882442777777777
ARHGAP10,-0.6474200555555552
LOC441242,-0.006495633333333334
SLC39A7,6.933827777777765
FAM159A,-0.16094067777777774
GPR160,4.201744444444444
AMHR2,-0.02442011666666666
LRRC71,-0.003845166666666667
S100A3,0.832973111111111
TSNAX-DISC1,0.012530444444444455
ZNF876P,0.06085610000000001
HAL,-0.016636866666666694
HECTD1,0.6034183333333338
GLIPR1,0.6193194444444456
PCP4,17.710351888888887
TAC3,-0.19150661111111122
S100PBP,0.24368000000000034
SNORA70F,-5.123422222222222
ZNF224,-0.4564094444444451
SAA2-SAA4,0.47065332222222217
EIF2S3,29.040816666666665
GNGT1,0.07031432777777778
DUSP13,0.005030933333333333
IFNA22P,0.0018598499999999988
PRMT1,24.789999999999992
FGF7,2.142280111111111
DRD1,0.02758379444444442
CMTM6,8.4984888888889
AP5M1,-6.393090000000004
LOC100133091,0.18281388888888872
SF3B1,6.216433333333335
C14orf129,-15.175573333333325
TBX10,-1.1136371944444452
DNAJC7,2.6554055555555536
TSEN54,0.426550555555556
COQ7,-0.9507611111111114
JMJD8,1.2928055555555567
PTPRS,-0.8277540555555558
CD1E,-0.0002952166666667644
MSH5,1.3394753333333336
GNG7,-2.7208388333333335
DNM3,0.10628694444444442
PCDHGB6,0.31236329444444433
MED12,0.5407483333333332
ERCC5,2.3592883333333337
CPZ,3.5052615555555544
VAMP3,-5.188994444444447
HIST1H4H,1.634763722222222
FAM110C,-2.2706888888888894
ZIC3,-0.0006098555555555555
ARSA,-3.9227777777777764
ENPP2,-4.257179444444445
LOC283038,-0.04468491666666666
MYBPHL,0.01892717777777778
PARVA,0.23968333333333192
DEFB127,0.0
C21orf15,-0.2248103933333333
C11orf88,0.017629672222222222
CSRNP3,-0.05734509888888886
GPRASP2,-0.2053178888888889
LOC100505678,-0.00022533333333335515
LOC440700,0.004843133333333333
ARHGAP26,0.5602477777777786
CAPN2,-45.32909999999999
LOC100419868,0.01332751666666667
MSN,7.182733333333331
SPIB,-21.541298488888888
ST3GAL5,-0.37447805555555536
MLLT3,0.296398333333336
STL,0.011331472777777775
ABCC10,1.6924177777777771
TAGLN2,149.71316666666672
ANKRD20A1,-0.09754194599999999
IFI27L2,6.463533333333338
NSUN6,0.7898500000000004
SNORA81,0.5526127777777781
TGFB3,1.6792898333333335
ATP6V0A2,0.1326649999999998
C5orf63,-1.011527444444444
TSGA13,0.0
UPF1,3.466916666666666
VSIG10L,0.04462452222222224
C12orf53,-0.55897725
NAALADL2-AS3,0.0
ARHGAP22,-0.035752333333333386
ATP1A3,-0.5861479444444445
EDIL3,-12.201697777777778
MOG,0.007325233333333335
PCGF6,1.0033883333333335
TRIP13,4.6654868333333335
ZNF143,0.46371333333333364
CCDC59,2.6396566666666663
C7orf73,3.079277777777776
GJB2,4.0813672222222195
GSTT2B,0.1070510101111111
SEMA4G,-12.687441833333327
HIP1,0.855005
KRTAP12-1,0.010777611111111111
RABL3,-0.1557877777777783
PARP6,-0.15885666666666598
PIGS,-8.107592222222223
C1QB,-19.178244444444445
FLT1,2.4538183333333343
RSPH3,-0.999625
BMPR1A,-0.4757716666666667
ZNF662,-0.3571277888888891
ZNF69,0.7293340555555563
RIN3,-1.3025277777777777
MIR3126,0.0
OR6C65,0.0
NTNG1,-0.019238972222222234
OR7E5P,0.0
FAM75C1,-0.006626536666666666
WISP1,2.06355015
NEURL3,-0.24894095555555562
KCNK17,0.06482266666666664
CCDC66,0.11707944444444429
ECT2L,-0.006275077777777777
ANKRD33,0.00456738888888889
OSBPL10-AS1,0.0
ALDH18A1,-4.1143888888888895
TRADD,-0.4645744444444446
RNF44,2.7348000000000035
MIR933,0.0
CCL7,0.3622400777777778
PCBD2,-0.26097166666666816
HTA,-0.0012932222222222225
PHF12,-0.3283522222222226
LOC387647,-0.2718338888888878
CRKL,0.07885555555555612
ID2,-35.800722222222234
MIR509-3,0.0
GNAS,65.86716666666663
SELPLG,-1.0137244444444447
COPS7B,2.5427405555555556
TWF1,1.5151611111111194
KRTAP21-1,0.0
ADAMTS9-AS2,-0.21488548333333324
LOC340107,0.0
MRPL49,2.4913999999999987
SRY,0.020351166666666663
UBE2G2,-0.3851894444444426
C9orf153,0.013846833333333333
MAMSTR,0.18800083888888885
FAM134C,-1.4514500000000012
FLJ40288,0.0
C4orf22,-0.015958461111111107
SERTM1,-0.015201872222222225
GRAPL,0.028795283333333366
CXorf61,0.08828555555555556
NRAP,-0.23943833277777776
PYDC1,0.002854416666666665
CCDC132,0.13038555555555487
S100A7L2,0.0
ATPIF1,-47.019888888888914
KRT1,-0.043782699999999994
09-Sep,1.925383333333322
MCCD1,0.0
ETAA1,0.21763611111111114
FAM19A2,-0.1827349611111111
MIR3616,0.0
MIR4520B,0.0
MIR4744,0.0
LOC100287404,-0.00009375066666666662
TUFT1,1.3709538888888915
MIR516B1,0.0
PCDHA7,0.0019862222222222295
C15orf29,-0.7052483333333335
LRP2,0.0010507688888888888
SHC3,0.08623876666666663
PPT2-EGFL8,-0.358303888888889
HMOX2,3.395472222222221
LOC100506939,-0.06570972222222227
IGSF11,-0.14140738333333325
GPATCH1,0.18321111111111055
DUOXA1,0.14327559444444443
ESYT1,5.987633333333335
SLAIN2,-1.3179177777777777
SNX19,0.20414444444444513
NANOS3,0.7854961166666666
BRSK2,0.6371975277777777
LOC441601,-0.002547716666666667
PPP3CA,-0.6183877777777766
SGSM3,-6.11834
SLC35A5,-1.538901666666666
HEATR8-TTC4,-0.04564691666666665
SLC39A5,-21.070567444444443
RNPS1,15.43087222222222
CA14,-0.24842160555555556
NUP214,1.731077222222222
PER1,-2.0637838888888886
DRAP1,10.588211111111107
PHC1,0.7846166666666647
CLPTM1,-5.428333333333335
LOC284688,0.004002077777777778
WFDC9,0.0
FANCM,0.1284492777777777
EBPL,12.779333888888896
MFHAS1,-0.6038716666666666
SLC26A5,-0.017626583333333338
MIR3928,0.0
PUS7,3.769287222222223
RFPL4B,0.0016312111111111112
ALKBH1,0.06214499999999967
COMMD3-BMI1,0.8116085299999998
CIB1,-35.28506666666668
GCFC2,0.27595055555555525
FCF1,1.3202055555555567
FRMPD1,-0.021670469444444444
LINC00174,0.3632711111111111
LOC150622,0.00039910611111111053
MIR5703,0.0
OR7E12P,0.405586488888889
SCG2,-2.9048183333333335
FAM117A,-2.362484444444445
LOC285205,-0.002020716666666667
MAP7,5.139686055555558
BIRC8,0.0
C9orf169,0.7432599611111113
DPPA5,0.0
LOC286083,0.0
AQP12B,-0.057597612222222316
ATXN7,-0.5314916666666667
FER1L5,0.004506396111111111
MIR4435-2,0.0
PEX14,-0.9041738888888862
STARD3,0.12942166666666566
TMEM207,-0.0005002222222222224
TUBB,80.02278333333336
UPP2,0.004388633333333334
VN1R5,0.007765499999999999
LSM1,3.1949999999999967
KRTAP25-1,0.0
ZBTB34,0.04620888888888919
MS4A13,0.0
LOC728323,-0.07937938888888896
ERBB2IP,-5.090204444444444
MIR191,0.0
NES,1.9340872222222218
XAB2,2.8418888888888887
MBNL1,-7.09471666666667
C10orf113,0.0
OFD1,-0.08439333333333376
MAN2B1,-5.7742888888888935
UQCC,3.65788222222222
PANX1,2.306821666666667
ZNF681,0.348292888888889
KLF4,-75.43471055555554
SZT2,-0.9167238888888889
LOC100130476,-0.016801794444444434
LINC00159,-2.41015
CCDC102B,0.2669822222222221
PDE7B,-0.4249758888888888
STRA13,0.2390555555555558
RNF2,0.41124166666666717
C2orf54,-0.48656216666666685
PRSS53,-0.03933488888888892
AMN,-35.805247333333334
NUP88,1.9512294444444436
FAM47C,-0.0005532144444444445
PGBD4,-0.11194661111111104
TEX19,0.02701511666666667
CORO7,1.0798544444444431
MIR25,0.0
DEFB128,0.0
DYRK1B,-0.26563388888888806
GOLGA6L4,-0.1501191666666667
ADCK3,0.5015888888888895
USP31,0.644795
C6orf120,-0.9453561111111117
IL18,-10.840171111111108
TRAPPC4,0.9403722222222228
ARSG,-0.05736994444444454
LBH,4.528902777777779
MFSD7,-1.4840000555555557
MIR4287,0.0
SDR39U1,-2.279855555555553
SMN1,2.6727654067777773
MIR1973,0.0
DZIP1,-0.08186677777777784
LNPEP,0.01206216666666693
C9orf53,0.0
C5orf27,0.011866866666666656
PXMP4,-0.08572055555555558
WEE1,5.4875872222222215
ZFAND2B,-6.797706666666668
ZNF117,0.7143237777777776
MGARP,0.12581386111111117
MIR516A1,0.0
ERICH1,-0.05854888888888965
CCDC18,0.18567783333333332
SNORD116-8,0.0
ZNF296,-0.26060822222222213
EXOSC7,9.136844444444439
POU4F1-AS1,-0.003714416666666666
PRPF31,1.976211111111116
RB1CC1,1.3389788888888896
CA5BP1,0.7133477777777775
IQSEC1,0.27526000000000117
RPL22L1,16.490346111111112
RPP25,1.6358499999999978
COL8A2,0.5072342222222224
ATAT1,1.005436111111111
CPT1A,-22.258538888888893
HABP2,0.1603021083333333
LOC152578,0.006916944444444444
OR2J3,0.00351555
ADAT3,-0.5011144444444442
PITX3,0.010681099999999999
DKK3,7.040033333333337
LCT,0.007370610555555556
POLR3E,3.277244999999997
PSMG3,7.159361666666667
ERLIN2,1.6239461111111133
TAF2,2.789775555555556
CDKN1B,6.0310500000000005
FRMD6-AS2,-0.1865648333333333
GPN2,-2.4005327777777765
OGFR,4.561213888888885
PHEX,0.04180311666666666
C21orf54,-0.02257118333333333
LOC643339,0.1663351222222223
MIR32,0.0
MIR3173,0.0
MIR29B1,0.0
TAX1BP1,5.706277777777778
PXDN,7.935197777777777
TFDP2,0.006460555555555025
TMEM150B,-1.4472055555555539
HEATR2,5.767278333333333
SETMAR,0.9760338888888889
C14orf132,-0.4741383888888886
IFI30,21.84626666666668
HIST1H2BB,0.006491722222222223
RBMY1F,-0.00019945722222222223
EIF2A,7.38943888888889
FAM50A,3.3453166666666725
ASCC1,2.012052777777779
C10orf32-AS3MT,0.05597661188888888
CNIH,1.7327166666666614
HSPA7,-0.883312333333333
LINC00160,0.0036552277777777776
ST20-MTHFS,0.009560818611111112
ST3GAL6-AS1,-0.05022281666666667
FAM176A,1.5392082999999999
MIR1305,0.0
LRP6,0.8155361111111104
SPATA20,-6.702461111111113
SULT1A2,-9.435093222222223
AGPAT4,0.11526361111111105
ATP13A5,-0.004438513333333333
SHD,-1.1464430500000002
TLR5,-0.1658518333333333
TNFSF12,-3.5891022222222215
ZNF181,-0.1911066666666672
CHD4,6.103755555555555
LOC100130522,-0.07998978888888883
TNFAIP6,2.5610372222222226
FLJ46906,0.19536217777777776
ZNF579,1.0078433333333345
LOC90834,-0.025788333333333302
LOC284950,0.002239183333333337
PCDHGC4,-0.01345455555555556
SND1,30.745666666666686
CHST4,0.0926584555555556
CXorf27,0.01566322222222222
NOX1,0.23504155555555428
TFPI2,3.6407813888888887
LRRC29,0.03921244444444438
KIAA1804,0.4480342222222231
LCK,-1.9327144444444446
TMED4,10.379311111111107
TPT1,631.9555555555557
HIST1H2BG,1.9879982222222221
LOC100289650,0.003183966666666666
CST1,38.37223727222223
LOC100506469,0.46313938888888906
LOC344967,-0.0023528888888888905
ZFP57,-0.00803897777777779
ZMYM2,3.216833333333332
PRPF4B,1.7146283333333319
ZNF219,-4.307209999999998
ZNF727,-0.1036657277777778
LINC00309,0.0006746555555555556
VSTM2L,1.0619968333333334
LOC100289255,-15.91813111111111
LOC100505549,-0.2645428888888889
PNPLA6,-0.9400888888888872
GPN3,4.247582777777778
MIR4681,0.0
AIMP2,6.413245555555555
AMBRA1,-0.025828333333334008
GSG1L,-0.08230898388888888
NDUFC1,-7.7117833333333365
SYT4,-0.22174430555555558
CHRNA3,0.1986357333333335
NAT9,3.8622033333333334
DYNC1I1,-0.2897202555555556
ZFYVE27,-4.945207777777778
C11orf85,0.012108883333333334
BZW2,25.33698333333334
PRELID2,-4.420527777777777
CDA,-5.485682722222222
LILRA4,-0.23065450555555556
NEIL3,0.7961348333333333
GATSL3,-0.22309427777777802
LINC00338,0.3659072222222224
MIR3177,0.0
PRRT3-AS1,0.47799616666666667
MIR521-1,0.0
C17orf101,-1.006720555555555
CYP2A13,0.0
LOC283177,-0.7276298888888888
RP1,0.023402200000000005
NCOA3,0.7186494444444449
LRP1B,-0.008171405555555553
BTBD16,0.12560496111111114
C17orf96,2.445539277777778
SLC35B3,-3.9681555555555583
FERMT3,-3.4133338888888876
INPP5F,-0.174228888888889
LOC100506994,0.006065233333333336
NRGN,-0.11213461111111123
OR7C2,0.0
HSD17B1,-0.1413599999999997
SNORA1,18.205
SCARNA17,-2.138774444444447
ZCWPW1,-0.11111900000000008
HS3ST2,-0.07161573888888884
MFNG,-1.6397627777777792
PIP5K1A,1.509860555555555
SAMD9,-3.067451222222221
MIR5009,0.0
TMEM164,-4.078153888888886
C3orf35,0.005188155555555546
BDH2,-1.992106111111113
PRSS23,13.375644444444443
PRKAR2B,-2.8051915000000003
SNX6,-4.544738888888887
LRRD1,0.004168594444444444
GTDC2,0.5344800000000007
GNB2L1,130.23261111111117
HNRNPA3,24.701338888888884
GOLGA5,0.40206666666666635
C12orf42,-0.007930283333333336
CCDC24,0.12103277777777777
LAMA5,2.4701805555555563
GPRIN3,-0.5247427777777776
LOC100507387,-0.009478533333333327
MMADHC,4.523711111111112
NFKB2,3.5476166666666664
NTHL1,6.685730555555558
OR2T33,-0.018636980888888887
SCN2A,0.01499661722222223
VGF,0.7313980277777777
LAGE3,2.8074688888888897
GADD45G,0.982388888888889
E2F5,3.2103027777777777
PARP11,-0.023886111111111052
TRIM26,1.3554888888888907
MIR4251,0.0
GHRLOS2,-0.2415112777777778
GRTP1,-1.6916650000000004
UBXN10,0.5705308888888894
EBNA1BP2,10.053216666666664
TRIM31,-12.322560500000002
DCUN1D1,0.7810777777777762
PML,3.1102533333333326
TMEM123,33.113900000000015
PXDNL,0.012964017777777784
INSL4,-0.0027337888888888887
MTFR1,4.71456388888889
C22orf26,0.0018279055555555923
LOC347411,0.005777111111111111
SATB2,-10.324923722222223
TSC22D1,-4.223422222222226
LINC00310,-0.10126651111111112
ZNF606,-0.04822816666666663
OTUD3,0.07179222222222226
NBL1,-43.662272222222185
EGLN1,-5.172993888888891
OR6C4,0.0
MIR1306,0.0
MAD1L1,1.9789122222222222
RAB3A,-0.5018983333333336
RNF113B,0.007144205555555555
SNORA50,1.2215444444444445
WDR34,11.388144444444443
GRAMD4,-10.108620555555552
LOC158572,0.0834495555555555
FYTTD1,1.560500000000001
KRTAP26-1,0.0
NAP1L1,19.15280555555555
PMP2,-0.1270755677777778
EMID1,-0.47365077777777786
ITIH1,0.0046589388888888805
ANAPC7,3.8821816666666678
TLR8-AS1,0.01934605
LOC100506710,2.565677777777779
RNF112,-0.7733903666666665
THY1,34.67698055555556
YEATS2,2.486318333333334
LRRTM4,-0.04022673666666666
MAP3K4,0.49645777777777766
PLAT,-7.172941666666663
PLN,-3.831295777777779
HTN3,0.0
NMT1,2.9160611111111123
RNF13,-0.6054999999999993
TARDBP,4.554533333333332
GTF2H1,1.7884455555555556
HSPBAP1,0.5299894444444442
SDHAF1,-0.8784438888888904
TDRD9,0.0001567033333333273
STC1,2.697342038888889
CD3D,-7.061442222222224
HPN,0.9230978666666667
MIR3185,0.0
SCML4,-0.30432249999999994
C5orf30,-9.356422222222225
KIF13B,-8.488976666666668
LEMD3,-0.5237122222222217
LOC100506733,0.0
MIR5584,0.0
SMEK1,-1.6878111111111114
EEPD1,2.1615238888888895
RBP2,5.041838644444446
NDUFB4,-9.488505555555577
SPANXD,0.0
TYRO3,1.1784549444444443
LOC91450,-0.04316397777777778
SYTL4,-2.588793888888888
TEAD1,2.1643350000000003
KIR2DL1,-0.003305643333333332
COL14A1,-0.7036744444444416
MBOAT4,-0.08155929444444446
LOC100130744,-0.27211944444444436
LOC145820,0.06433504444444446
MIR122,0.0
LOC100507034,0.005742888888888853
TMEM65,-1.1475211111111117
CAB39L,2.3377905555555554
ZNF787,-2.818691111111111
SHISA2,0.8067402444444444
CDC42BPG,-4.357884444444446
RNF175,-0.02367259444444445
RCOR1,-1.0312438888888895
RTN4R,0.6061742222222224
BCL6B,1.4577541111111112
APOD,-1.0554411111111124
GUCY1A2,0.13555800555555553
AP1S3,1.7796800555555552
MERTK,-0.2676127777777775
SLC6A3,0.007184646666666667
PEX6,-0.6484088888888886
CLDN25,0.0
C18orf56,-0.014794666666666512
LEPROTL1,-2.3150455555555602
FAM171A1,-3.2282350000000015
CCDC155,0.0008184338888888886
TUG1,0.9835999999999991
KRT35,0.009440944444444445
RMI2,3.4966750000000015
TAF1L,0.0013736994444444443
INA,-0.38705828333333336
CHMP2B,-4.831055555555558
DDX18,10.670577777777776
MEF2BNB,-1.3662727777777786
LOC284408,-0.180403961111111
MIR124-3,0.0
ARL4C,0.9031166666666683
PAK4,-6.127238888888886
C10orf108,-0.9015972222222217
GAS5,75.06659444444443
PSMD5,3.085526111111111
LOC100289230,0.09891016666666674
KYNU,1.4378971666666667
MIR519D,0.0
ZNRD1-AS1,0.06982238888888886
ZSCAN10,0.002039127777777778
AMZ2P1,-0.08996444444444407
04-Sep,0.7527743333333332
SLC4A9,0.012262418333333334
TBC1D25,-0.3090888888888892
C3orf20,-0.004992172777777779
SLC25A10,0.36851999999999663
C6orf7,-0.0038892666666666665
ECI1,-11.573638888888883
FLJ42875,-0.2713478333333333
OR2S2,0.0017720444444444452
ASIP,-0.04202781666666667
FICD,-0.6281753888888886
HEATR3,2.151682777777779
ACSS2,-26.492029444444434
MAGED4,0.05582108022222222
ATP1B3,-42.481783333333325
NEAT1,-34.21377777777778
ADRA1B,0.020490916666666636
PLGLB2,0.0011533366666666711
HOXD10,-0.44083021111111154
TCF3,5.454861111111114
TEN1,-0.5299727777777772
TMX1,-1.0006977777777806
PLA2G4B,-0.016022119055555617
CLEC2B,-0.36377633333333304
GALNT14,0.17393255000000002
SCAMP2,-41.981611111111135
CCDC70,0.005313483333333333
INPP5A,-3.2060161111111096
CCDC88A,-0.013208333333333044
FBXO40,-0.0029814211111111114
GSTT2,0.006636695611111132
PAPOLA,1.5651444444444564
HCAR3,1.4715250222222223
NPY,-2.482973194444445
SNORD116-24,0.0
STK38,-1.166822222222219
LOC100506023,-0.21763021111111108
THOC3,10.478372222222223
SNORD115-39,0.0
ST3GAL1,1.8021094444444445
TOMM40,8.152749999999997
LOC256021,0.02964271111111111
LOC339894,0.05035849444444443
CLPSL1,0.0
SIN3B,0.4409083333333337
FUT11,0.22661722222222158
LOX,3.737872333333334
FLJ90757,-2.144370555555554
TAS2R1,0.005948916666666667
FAIM2,0.29620616666666644
ATP8A1,-5.20158611111111
DUSP14,3.5910381666666673
MMP16,0.13009987777777776
ETV3L,0.004029047777777779
HOTAIR,0.11530498333333333
KIF5C,-1.0596593333333333
SNORD114-29,0.0
ZNF506,0.5495722222222232
SCAF8,0.5066699999999997
CLCN5,1.1752665
PDZRN4,-0.5278497288888886
OR6M1,-0.03479234444444444
MIR3124,0.0
OR11A1,0.0
C1QL2,0.0
FASTKD5,0.47401555555555674
MIR4294,0.0
MIR1281,0.0
CDK19,-0.5918811111111104
NEK5,0.18380032222222226
INF2,-5.4282444444444415
FOXN4,-0.008585295
PCDHA8,-0.017231541666666662
MIR4255,0.0
C10orf129,0.00015279444444444516
ATXN10,1.5437944444444476
OR1F1,0.029550616666666665
CD80,0.14083978888888896
SUMO3,-0.9717166666666657
C8orf69,0.0
HSF1,8.115866666666662
TLR1,-0.5595363888888887
LINC00489,0.0
MIR744,0.0
DEFB131,0.0
PCDHGC3,1.592763333333333
RPS2,573.0199444444445
MRPS25,0.2481227777777768
APOM,0.33773177777777774
MVK,0.384015555555556
CCDC126,0.544672777777778
HDAC5,-2.729585000000002
POC1B,4.438490000000002
DPYD-AS1,-0.10297699444444444
POLR2A,-2.9152277777777797
RBM41,0.36180333333333525
DYX1C1-CCPG1,0.034585322055555534
SCAMP4,1.640116666666671
WFS1,3.7460522222222217
SLC4A1AP,0.24873722222222128
ASPN,4.4960483333333325
AS3MT,-0.006646777777777779
GGT3P,-0.022038643388888876
MIR4274,0.0
ZNF287,-0.1341242333333333
CLMN,-2.9154511111111114
NOBOX,0.0
ERVMER34-1,0.3139292722222222
COL11A1,4.6031475833333335
ZFYVE16,0.2424400000000002
NKD2,2.8151870555555556
AMOTL1,0.11019894444444445
MIR7-3,0.0
DNMT3L,0.08062874444444444
FAM209B,0.019543561111111107
DUSP9,0.11257417777777774
IDH1-AS1,0.013296555555555534
CPB2-AS1,0.002179933333333335
LARP4,3.0857227777777787
LOC339926,-0.08685968333333333
TPST2,1.2290577777777774
XPO6,2.240744444444445
CBR1,-0.6770444444444479
SNORA65,-3.34955
FAM71F1,-0.0007227555555555558
SLC7A8,2.614622777777779
DYRK2,-8.817057222222223
LOC100506082,0.034541388888888885
FBXO17,-0.403196444444444
SOAT1,0.3110149999999985
NACC2,0.3563011111111116
ODF4,-0.00331015
EXOSC1,1.8671227777777801
DRD2,2.477560961111111
LOC285762,-0.0021228244444444445
FLJ39080,0.01063398888888889
RNF180,-0.06683878888888883
LHX9,-0.007977416666666666
SRPRB,8.030463888888889
CHIC2,0.07430388888889006
SPO11,0.0
TBX20,0.32517216666666665
HEBP1,-3.313709444444445
LOC100505812,-0.2088336111111111
KCNS1,0.016467359444444447
DNASE2B,-0.03004697777777776
DUSP28,-0.16197944444444423
FAM196B,0.05148040611111111
NSL1,-0.12961333333333314
DUS1L,5.425255555555548
GPR152,0.03326286111111111
KLRC2,-0.9667586277777775
OR2A20P,-0.5520494444444444
PAOX,-1.1191238888888884
TIPARP-AS1,0.04008805555555556
C4orf33,-3.0375138888888884
CNOT6,0.4021027777777766
LOC550112,0.3456516666666669
RGN,0.37102856111111104
DDX11L10,-0.0094652565
SLC7A5,18.22747833333333
PLAGL2,7.919267777777778
OTUD4,0.6768238888888884
TMC6,-0.6004094444444412
UXS1,2.288494444444444
ARR3,-0.055001461111111115
DNAJC10,12.44766
KY,-0.07124309055555555
TAB2,-3.4600888888888868
TNS3,2.725914444444447
CHST2,-0.058344833333333845
C21orf2,-1.8807205555555564
UBE2Q2,0.8821855555555551
PPAN-P2RY11,0.07086616666666634
LCTL,0.006983622222222218
TTC27,1.859875555555556
GGT7,-0.7561288888888882
BCKDK,0.050233333333334684
CACNA1C-AS4,0.0
DTNA,-0.2473278888888888
EIF3L,-19.191433333333336
GLB1L3,-0.009237947444444448
ARMC8,-0.737965
LOC654433,2.891397333333334
LRRN4,0.14989477777777777
RPS6KA2-IT1,0.026137805555555553
CYP3A7-CYP3AP1,-0.01278904777777778
XPO7,0.47297999999999973
RELB,-1.272085555555556
MDGA1,-0.151134
CHN2,0.061481666666666435
MARK4,0.6635866666666668
RNASEH2C,0.3938433333333329
KTN1,-18.97401666666667
RCC2,9.668283333333331
SPDYE4,-0.005969088888888889
TMEM200B,-0.1039876111111111
IKZF4,0.19083111111111095
MRPS36,-4.930311111111113
HIST1H2BL,0.44434166666666686
SEZ6L,-0.07978666888888891
C9orf64,0.8116622222222221
FAM40B,0.8960756555555555
ARG1,-0.020591300000000007
PSMD13,13.143444444444441
POU5F1P4,-0.007316216666666667
CMTM8,5.27117111111111
IL17F,0.21426698333333336
DPY19L1,5.112362222222221
FAM47E-STBD1,0.04042929444444443
CLEC4C,0.016002783333333336
LZTR1,-0.811021666666667
APPL2,-23.827095000000003
MIR15B,0.0
C17orf89,4.877833333333335
OLR1,1.2852671333333334
POLR2J3,0.4401005555555546
KIAA1324,0.8227044999999986
MIR490,0.0
TACC2,-0.8147650000000013
GOLGA1,-0.4705894444444443
MSTO2P,0.017035312222222238
CTSL1P8,0.0
GGTLC2,-0.13310989444444446
GPR85,0.04712966666666665
LDHAL6B,-0.05996833888888889
SNORD42A,0.0
ZC3H7B,1.5508683333333337
SMARCE1,4.990099999999998
LOC643037,-0.023469644444444444
CRYGS,-0.08198158888888885
SYNGR4,0.021088716666666674
FAM149A,-0.9000644444444448
NPR1,0.14630427777777788
MIR548T,0.0
AGPAT1,1.0979999999999919
FGF12,-0.023014822222222217
SMOC2,10.524848333333333
NIPA2,-0.7586500000000029
DNAJC16,-0.3303099999999999
LOC100272217,0.2937824999999999
DIAPH2,1.7283561111111112
AASDHPPT,3.659993333333335
DMPK,-2.284258888888891
EPX,0.005304730555555557
AMPH,-0.12730113888888894
GGNBP2,-0.767894444444444
LOC100287144,-0.00016577855555555555
MIR3714,0.0
HES2,-0.09975999444444295
CAMK1G,0.0326872
OR8K3,0.0030870055555555554
PTX4,0.006058155555555555
RNF170,1.0532249999999994
BAZ1A,0.9002544444444442
MIR4307,0.0
CDK2AP2,-0.5454055555555506
HERC2P3,-0.0677124444444448
LOC100131691,-0.0541200555555556
BMI1,0.7596261111111104
ACSS1,6.621571666666663
MGAT3,-0.14511816666666677
PIK3R1,-0.6193177777777787
RIMBP3C,-3.555555555555552e-8
LOC729121,0.0022166777777777777
SEC61A1,16.412744444444442
SLC34A1,-0.0008879999999999999
SLCO1B7,0.0864763111111111
SNAI3,-0.4960841111111113
SPATA5,0.18960455555555555
LOC100288842,0.6694504444444447
SPTLC2,-1.8383977777777805
FNDC5,0.02678037777777781
LINC00348,0.0
TSNAX,1.2571444444444442
FBXL21,0.0012743833333333334
MIR1250,0.0
DEF8,4.015131111111113
MON1B,-0.3331777777777791
IRF2BP1,-0.3738744444444446
UBE4A,-0.6514133333333341
ZCCHC11,0.03861500000000051
ZDHHC3,-1.809024444444443
ZNF474,0.01529447777777778
FAM59A,-1.2067870000000007
C15orf54,0.005428669444444447
FLJ26850,-0.032178166666666674
FAR2,-3.1995638888888873
KIAA0195,-6.85834777777778
TMEM167B,-2.9266555555555556
TFF1,35.54805388888889
TPRG1-AS2,-0.03312427777777778
UBR7,-2.084295555555558
LOC150185,0.020223722222222223
DTX2,3.963058888888888
MIR623,0.0
LOC100131176,-0.0249770277777778
ZNF212,0.08653000000000066
MIR1237,0.0
SCGB2A1,-3.13947011111111
XPC,-0.49014833333333474
TJP2,5.674662222222221
FAM78B,0.05330266666666661
IGFL1,0.08119260555555557
LINC00477,0.0013431666666666668
SNORA63,60.60325999999999
ZCCHC13,0.0
ZNF331,-0.27352983333333314
CTDSPL,-3.877576111111111
HKR1,0.3478349999999999
LOC729950,-0.050935994444444466
NGFRAP1,0.28149833333333163
FLJ22184,1.2767385555555557
GIMAP2,1.100958333333331
MAPK3,-28.71532777777778
ARMC10,8.933205000000003
LETMD1,0.06632222222222595
OR2K2,-0.008093277777777777
PREX1,-1.0357933333333333
OR4D10,0.0
RGS8,-0.008650383333333334
SYNPO2,-5.9699666666666715
ZNF23,0.4339600000000001
LOC100129935,0.0
CA2,-406.16978
TRPC7,-0.010994966666666666
AMTN,0.006651144444444445
CCT2,37.88555000000001
LINC00421,-0.00225185
MIR3973,0.0
GTF3C4,1.5773772222222218
HERC2P2,-0.8324277777777791
ARHGAP28,-0.1401009444444446
DANCR,3.718861111111117
GDF2,-0.0014306111111111114
LOC100506472,-0.05481570000000002
CCDC108,-0.030183966666666645
DPY19L1P1,0.1307262222222222
LY6K,0.0003368999999999872
SURF2,1.440879999999999
TMEM147,14.371461111111117
ZG16,-226.77907583333337
HRAS,1.9074561111111112
AQR,0.7001399999999993
SNRPD2P2,0.0
MSGN1,-0.003942466666666667
DDX19B,0.04953166666666675
TRIP4,-3.0284322222222233
LOC401497,0.0
KRT78,0.0028307833333333335
MAPK12,0.13272383333333337
SNORA70C,0.0
CRYGD,-0.0015059000000000006
FGF14-IT1,-0.0036682944444444443
TNFRSF1B,2.1219327777777757
ZKSCAN2,0.07763138888888882
ANO5,-1.0468243555555552
ZHX2,0.724453333333333
GPX4,19.984427777777782
HIST1H1E,0.7511458555555555
LOC100288392,-0.002914329999999998
DSCR9,0.033593005555555555
LCA5L,0.03759590555555556
LOC100506274,-0.00837668888888889
SMAGP,-3.988147222222217
MAX,-7.696566666666659
ERMAP,-1.2860272222222218
KRTAP4-4,0.0
TCF7L1,-0.9663680555555554
FAM179A,-0.0681877888888889
GLTSCR1,-0.15045611111111068
HSPE1,127.61984999999999
FAM110B,-0.03833855000000019
LOC100507266,0.04814505555555554
MGC23284,-0.03997227777777784
MIR631,0.0
NFS1,3.240521666666668
POGK,2.79595611111111
SCN9A,-1.0405242833333332
TRPV5,0.001979733333333333
TAAR6,0.0
ZNF543,0.08913872222222219
ZNF550,0.22920266666666644
ATG5,-1.2021733333333309
C1QTNF4,-0.01743498333333332
RGPD6,0.02456060555555556
CRNKL1,2.8824750000000012
CALM3,-29.14053888888887
MIR4778,0.0
WISP3,0.5351243055555556
LOC100129387,0.09552255555555522
LRFN2,0.03525301055555555
C2orf56,0.6044083333333345
DFNB59,0.07769301666666667
CHCHD1,0.8216222222222243
EIF4A3,6.450988888888887
KIF20A,2.5853542222222226
OGG1,-0.4177394444444449
FKBP9,17.716805555555556
NBPF15,1.110430555555555
RPH3A,-0.04748734055555555
ANKRD36BP2,-2.3526148555555557
LOC441454,-0.10783730555555551
NDUFA5,-14.725366666666673
SPRR3,0.05565111111111111
CANT1,-22.67222222222223
POP1,1.451184722222222
CCNY,1.3932444444444414
VIPR2,0.07512647777777781
DBF4,1.6839351666666669
DKFZp434L192,0.0
PPP1R9B,1.6507722222222192
PURB,2.2656633333333334
CCDC157,-0.01067251666666666
CYB5B,13.534238888888883
MIR4668,0.0
COL4A6,-0.5398841833333334
COIL,1.1166388888888887
FKBP6,-0.010873302833333334
SAMSN1,-0.36482922222222136
TRIM39,0.5141794444444447
LAPTM4B,30.855433333333334
FAM211A,-9.936524444444446
BZW1,13.99348888888889
NOP58,13.29218
FAM186A,0.002203568888888888
SLC6A7,-0.9804318888888892
SLC7A1,11.643882222222224
SUPT3H,0.34023772222222237
TMEM178,-0.234238888888889
CIR1,0.49055555555555586
RHOF,-7.697617777777779
ZFHX3,0.3747414444444441
OR10A7,0.0
FAM205A,-0.002055403333333333
MYLK-AS1,-0.06237360000000003
HS6ST2,1.4112436111111113
LOC439994,-1.2142872222222216
MBD2,-3.168511111111112
MMGT1,0.3129972222222239
MRPL10,0.19382777777777704
SERINC4,-1.3221627777777782
LOC283214,0.001700511111111111
PLCZ1,0.0
ARHGEF35,-1.8995966666666675
ASGR1,0.6115781111111109
WSB2,-5.8816222222222265
NPVF,0.0
PIP4K2B,1.469232777777779
ZNF385C,-0.05921527777777774
LOC100133331,0.15556666666666663
FAM76B,0.2551422222222226
SV2A,-0.2094407222222222
ASXL3,-0.10697529833333333
SLC25A33,0.629332777777778
IL26,0.19380001111111111
LIFR,-1.5419264444444445
LOC388553,0.0038351277777777773
MIR1910,0.0
TTTY9A,0.0
VPREB3,-4.31514588888889
MFSD8,-0.20132777777777777
PCF11,-1.2236538888888902
SPHAR,-1.10914
ERRFI1,1.0225233333333357
ZNF767,-0.006060000000000176
RNMT,0.9748611111111112
PION,0.46500055555555564
AP3M1,1.847605555555555
HPSE,-1.2069493333333332
LOC100130093,-0.18911166666666673
LYPD2,0.030281766666666668
PINX1,1.238926666666667
POM121L2,0.012192860555555556
CDX2,-10.975138611111106
CTSL1P2,-0.001054094444444452
FAM190B,1.3440855555555569
RFXANK,1.422323333333333
SAP25,-0.0020135000000001124
RGS17,0.059892377777777756
RRAD,0.37562394444444447
SGSH,-1.0062072222222227
IKZF1,-1.6960278888888891
PCDHB9,0.5722700999999999
AIM1,-3.123763888888888
ZIK1,-0.12254285000000009
TEN1-CDK3,-0.6539935555555556
KLF3,-9.58348333333334
CCDC162P,-1.2828469444444446
IL12RB2,-0.10393136111111115
KRT42P,-0.0029986499999999985
BOK-AS1,0.7834825833333332
LOC100505978,0.004471927777777776
MIR141,0.0
LOC100505835,-0.001722577777777778
PIPSL,-0.014713158333333344
SAMD3,0.0794583888888889
FAM122B,3.8715938888888886
MIR626,0.0
TFF3,12.653296666666733
HIST1H3B,0.1256434611111111
LPAR1,-4.103698333333334
GSTA5,0.0
ZNF414,0.1928405555555539
C16orf5,-2.127163333333333
FRMD8P1,0.0
LOXL4,-0.40714555555555554
C1orf116,1.0245390388888875
LRRC8E,1.3828376666666666
OR51M1,0.0
TUSC3,-0.8927900000000006
LOC100288198,0.06972505555555553
SNORA56,51.74749444444444
LOC100507244,-0.023186433333333336
PA2G4,26.960622222222213
LOC158434,0.0057807944444444445
SPACA3,0.40374504999999994
OR1M1,0.0
ZMIZ1,-2.9959427777777776
ZNF420,0.04130211111111115
NHLH2,-0.019754316666666664
GNMT,0.058041405555555536
MIR518A2,0.0
P2RX7,-0.22765488888888874
KLHDC3,2.0626055555555567
RAP1B,-4.147961111111115
SEMA4C,3.5701666666666654
OR51B6,0.0
WDR78,-2.325142166666666
CNTFR,-3.7764448833333324
MIR4653,0.0
LOC400684,0.16210754444444442
POR,1.438222222222219
KIAA1468,-1.4786816666666658
KRTAP22-1,0.0
IMPG1,0.015560399444444444
KIAA1244,1.2851587777777778
MED24,2.3475444444444484
ABL1,-0.47381111111111096
C11orf63,-0.04061961111111112
CELSR2,0.39263222222222227
MIR4749,0.0
NUDT12,-2.237845000000001
LIN7A,0.16710117777777767
NME7,1.6913077777777783
DKFZp434J0226,0.00427866666666667
MLLT4,-1.1343011111111139
CHIC1,0.14238499999999998
G6PC,-0.5113071333333332
P2RX5,-0.5728823888888889
HIST2H3D,0.7672446111111113
MIR452,0.0
PRPS1L1,0.0
QPCTL,0.28042388888888947
DEFB114,0.0
M6PR,5.6343666666666685
RECQL,2.2195044444444454
RUVBL1,11.563122777777778
SNRPD2,52.41437222222223
EID2,0.09565055555555624
HDGF,46.31105555555553
SLTM,-0.9651472222222246
TNC,12.126888888888889
TPRXL,0.0919044
FLJ39739,0.0
KIAA1467,-0.05503966666666671
NUDC,9.43976111111111
ZBTB7A,-3.2245888888888885
LOC100133445,-2.653914444444445
TMEM52,0.5117689999999999
DNAJB5,-0.7435819999999995
ZNF256,-0.03011616666666672
MIR644A,0.0
CDC27,1.7012005555555563
HOXA5,-3.3259847222222216
RPL23AP64,-0.06559800000000005
SSX5,0.0012329888888888887
MIR548A1,0.0
PEAK1,-0.6272716666666662
PGM2,3.3393394444444464
ZNF521,0.2080886666666666
AMPD1,-1.7325761944444444
MIR509-1,0.0
ARMCX5,0.8160133333333333
BAG3,1.7556333333333338
CYLC2,0.0
PCDHB5,0.004438111111111198
SPINK6,1.3613304666666666
TMED10,-0.5135444444444488
TRAIP,0.7784327222222223
FCER1A,-0.7951795166666669
HINT1,-36.54905555555558
PRL,0.24902066111111115
SNORD88A,0.0
PPP1R12C,-4.154065000000001
DBT,-0.435383888888889
GJC3,0.12722056666666667
LINC00307,-0.04344677777777778
MIR548AE2,0.0
POFUT1,12.106267777777779
RAPGEF1,-1.797716666666668
KRAS,-3.9781038888888887
TOLLIP,-1.0721111111111128
BCAP31,36.945822222222205
DUSP8,-0.7691122222222226
MFAP3,0.14241222222222216
OR4N2,0.0
NCDN,0.9492472222222226
C6orf141,0.3979018333333334
LOC257396,0.11970638888888885
LOC100128675,0.004060683333333334
SNORD114-10,0.0
CXorf49B,0.00041460388888888886
GLIS2,1.8778144444444438
C14orf45,-0.07835394444444455
PLOD3,15.766022222222219
ABCA6,-0.7013350888888892
MIXL1,-0.1950304722222222
UPK3BL,0.4163799444444436
C10orf35,2.1651161111111117
DHH,0.09045612222222221
FZD8,-0.5206949999999999
HLA-DRB1,-57.71607777777777
PSMC3IP,1.1148402777777777
KRTAP9-3,0.0
HSH2D,-0.7368828888888883
SLC15A2,-0.09918827777777794
TNFRSF11A,-7.412966666666671
SFRP2,25.999017166666658
PCYOX1L,0.5969977777777773
CCK,0.09565324444444444
SNORA57,5.867873888888891
OR5T3,0.0
TMEM184B,5.405816666666668
ZNF205,1.130109444444444
CXXC11,-0.02068439444444445
CLRN3,-26.98948822222222
KLHL24,0.6462683333333334
PHYHIP,0.22786687222222218
PDE12,0.7125488888888896
CDCP1,-2.324102777777778
ARL17A,0.11780900000000005
DUSP6,0.016194444444447953
LOC100507003,0.015748972222222223
EIF4G2,16.28227777777778
MUTYH,-0.47579333333333373
RNASET2,7.361594444444435
TAS1R2,0.001777677777777778
RPL23AP82,0.4943488888888883
GOLGA6L7P,-0.001804727777777777
MIR205HG,0.0
COL2A1,-0.17487189000000003
TFDP1,18.514744444444446
TMEFF2,-0.5170017333333332
MIR4643,0.0
SPATA22,-0.018583538888888886
UBL3,-7.547594444444446
PRIM2,2.8755855555555563
XKR6,0.025390638888888928
PDGFRL,0.4299641666666668
TRIO,0.6191822222222241
ZAN,0.0004088394444444445
ACRBP,0.11616083333333338
MAPKAP1,4.333361111111117
THSD7B,-0.002897424999999995
PHPT1,-3.4177777777777756
SNX17,-3.5044555555555554
LIN9,0.8391577222222222
MKX,0.3230555555555556
TOR1AIP2,-0.2418688888888889
LOC645676,0.13478644444444465
SUN5,0.0
REP15,-9.543655833333336
MIR137,0.0
ZHX1,-1.2359827777777745
ZNF785,0.34685944444444416
DEFB130,0.0
MAPK8IP1,0.4295247222222225
DAXX,3.3974500000000027
DNTTIP1,13.331413333333332
LOC643387,0.0029461577777777793
TTC36,-0.22893496666666668
LOC100130894,0.029575511111111105
MSX2,2.4378138166666665
OR10X1,0.0
PPP1R7,0.340594444444438
ARL2-SNX15,0.04801220188888891
LOC729156,0.1312233333333337
LMTK2,-2.818253888888888
ANKRD31,0.020757446111111112
ARL1,2.824783333333336
LOC283867,0.015938566666666668
NAE1,5.953322222222223
CCDC69,-5.936827777777777
C8orf44,0.1642891111111111
HES1,3.030094444444437
PBRM1,0.4448783333333335
KCNG2,0.02406693333333336
PDHX,0.37011222222222173
PIPOX,1.558758333333333
LRRC46,0.09201405555555556
NAT8L,-0.11817140000000001
NDUFS4,-14.356705555555564
MST1,1.5850636111111112
CUL3,0.12634444444444526
PHF17,-0.27717055555555525
FLVCR1-AS1,0.01763438888888902
RHOQ,1.4095677777777782
RP9P,0.844842777777778
PHLDB2,0.8580710000000007
CDH6,0.44938633333333333
ODZ2,0.017377751111111117
ROR1,-0.24925033333333335
GPHB5,0.0050420222222222226
ADAMTSL4,-1.004182333333333
HVCN1,-1.239323055555555
KLK12,0.45305547777777777
SIRT5,0.158198333333333
AP4E1,-0.26117088888888884
MIR9-3,0.0
CRTC2,0.12366388888889013
OR2T12,-0.007203087888888888
SIAH1,0.5433633333333328
MIR4665,0.0
CCNI2,1.5011788833333335
SLCO6A1,0.0
STK36,0.7369705555555552
EIF3E,92.24888888888887
CCL14-CCL15,-7.422574444444444
FASTKD3,0.37212722222222316
LOC728228,0.00981438888888889
LRTM1,0.0038668166666666667
RPF1,1.1309944444444433
HOXD3,-0.2969092722222222
RTN4RL2,0.3758692222222222
TMEM86B,-0.1351790555555552
ESRG,0.7439801333333333
AFF2,-0.030974359999999996
TRIM51GP,0.0027513055555555554
UTF1,0.005776388888888889
OR52B2,0.004141
CDRT15P2,0.0
TRMT5,0.7080555555555557
KRT77,-0.001436111111111111
ZFX,0.050924444444444994
PRKRIR,0.667015555555551
UCK1,-1.0070911111111105
ANXA13,2.611385500000001
MAP3K1,-0.3578094444444444
C3orf25,-0.014996311111111126
ZCWPW2,-0.08462433333333341
TMEM53,-2.110390555555556
POPDC2,-2.292385055555556
GLT1D1,0.05374210555555553
MIR223,7.347611111111111
CD1D,-0.49427333333333323
FAM107A,-2.167094333333333
CYR61,3.2119255555555526
KITLG,-3.2788727777777797
CPLX3,-0.03273643888888889
FLJ32063,-3.1203447333333343
MIR3162,0.0
GLI2,0.10461433333333325
PRM2,0.0
ECSIT,-5.039844444444448
MIR4727,0.0
PLXND1,3.2261805555555547
LOC728554,5.213771111111109
MATN2,-11.76742888888889
CDK5,3.190731666666667
SFTA2,2.784595166666667
SH2D5,0.03836581722222222
LOC100129924,0.011702833333333334
MGC70870,-0.24149449999999995
TMEM40,0.04112690555555555
ING5,0.06455499999999947
IFITM5,0.08727216666666668
C20orf85,0.02064252777777778
LOC100507331,-0.4865877777777774
TFE3,0.8837255555555554
MANEA,-0.7154516666666666
PSG1,0.00008369444444444461
TMX2-CTNND1,0.012063338888888886
FLJ33065,0.027577827777777786
SCYL1,0.7585283333333308
NRM,2.4787888888888885
GPR108,-8.09128888888889
TBCA,29.25059444444443
LOC728724,0.0016901
EIF3I,27.86461666666665
PRAMEF3,0.0
OSBPL11,-1.353522777777778
MIR1301,0.0
STK40,-0.5016944444444462
OR5D13,0.0
BTC,-1.148452777777778
CCDC14,-0.5201966666666635
TWISTNB,3.5731305555555553
MRPL21,0.21353888888889117
ADCY7,-1.131013888888889
KRTAP9-4,0.0
ARHGAP31,0.10537000000000019
PDK3,0.254622388888889
ZNRF3,2.7010494444444437
PAR-SN,-0.08664853888888882
C16orf59,1.2676057777777776
SMC5,0.02237277777777713
AVPR2,0.0842821388888888
MIR320C1,0.0
ITGAX,1.0029411111111113
CIITA,-0.6853039444444444
CCDC94,-0.29323999999999906
SH2B1,-6.118443333333335
CEP68,0.1719205555555563
LOC283663,-0.6427812222222222
PIGQ,0.6689255555555569
BSG,-172.27616666666677
CERS4,-0.3560416111111113
COX19,1.157201666666667
MYOG,0.0014824666666666667
OR2AT4,0.0
PTPRH,-18.64218083333334
HIST1H2AE,1.9210397777777786
MEGF9,-0.28958944444444423
NPR3,0.04065278333333333
ZNF507,0.8117361111111112
SREK1IP1,0.13650444444444476
MYD88,-3.104905555555547
MIR518A1,0.0
MMP25,-0.6038687222222221
TSG101,4.079838888888894
PSRC1,1.6593461111111112
FGFBP3,-0.13560266666666687
UBTD1,2.080139833333333
KRBOX1,-0.4346817833333334
FBXO28,0.3899905555555563
C15orf26,-0.0004232555555555538
ZNF658B,0.00547455538888889
ISLR2,0.15742762222222217
TPTEP1,0.0742422833333333
GPBP1L1,-12.59427222222222
ZNF3,3.628934444444443
LOC100288123,-0.11923744444444445
PPEF2,-0.0063876122222222215
HS6ST3,-0.03828724111111111
LCLAT1,0.49384500000000164
LOC100288428,0.041048894444444435
MYH2,-0.009033921111111108
SLC35F5,-2.421685
ABCD1,-0.45964944444444455
OR2T6,0.0
PLCG2,-2.6326484444444445
VSX2,-0.00033928277777777816
MCM10,1.3488686333333328
GBX2,0.1480098277777778
OR5E1P,0.007395611111111111
VGLL1,0.18412446666666668
FAM49A,-0.5953142222222223
DNAJC4,-6.511605000000001
IFIH1,-0.1862022222222226
GALNT12,-20.310252222222225
ACADS,-42.96836833333333
ATP5I,-119.0243888888889
ACSM2B,-0.009220918888888891
LURAP1L,0.287789444444444
LOC100128593,-0.036715833333333336
MADCAM1,-1.159394111111111
NXNL2,0.02615572222222222
GEMIN5,1.4570166666666666
IAH1,2.754672222222222
PGP,0.7353611111111116
RNF115,2.0774077777777755
SNORA30,0.0
CADPS,1.7023714444444447
MIR4315-1,0.0
LSM7,38.06437222222223
MIR4725,0.0
GOLGA2,1.3130833333333314
HOXC13,0.0
OGDHL,-0.2785910888888889
SCARNA11,8.434000000000001
TSSC4,-0.3012816666666698
SUPV3L1,1.1711316666666667
LOC729420,-0.005572466666666668
MED11,-3.8012755555555557
MR1,0.035116666666666685
P2RX4,-20.36201555555556
SLC10A7,0.44739333333333375
ZNF44,-1.0791094444444447
C6,-0.06801827777777777
TP63,-0.004487333333333329
MIR4745,0.0
LHFPL2,-1.6408722222222227
CD37,-7.872780000000002
GFM1,3.052255555555554
HNRNPH1,9.109833333333341
SNORD91A,0.0
NIPAL2,-2.2252594444444433
LRRC6,1.4638528333333336
ZSWIM3,0.3976294444444446
CMKLR1,-0.8942747777777775
EXOC3L1,0.42017911111111117
GRIK3,-0.3840674055555556
IMPA2,-13.761401666666671
KRT7,0.9449727111111111
DUSP7,1.671572777777778
MYL3,-0.10304526111111109
OR4Q3,0.0
ARPC1A,1.9032777777777738
TCL1B,-0.029393427777777772
TSPAN11,-0.8924754999999998
PLCXD2,-0.1270552777777776
LOC644172,0.0038303930555555546
PPP1R15A,-4.59823333333334
CLK2P,-0.0012566805555555556
RGS18,-0.1020902388888888
BRPF3,-4.6003088888888914
HBEGF,-3.2403449999999996
HHAT,-0.8280906666666674
SLC2A7,-0.006357877777777779
BCL9,1.1891572222222226
LOC100129316,-0.00145615111111111
EXOC3L4,-1.1785378888888889
C6orf123,0.4445962222222223
CAMP,-0.07656824444444443
IGFBP5,34.427905555555554
LOC100505782,0.007864816666666666
GATAD2B,0.2310249999999998
GPR107,2.1176333333333304
MMP1,40.69750155555555
C2orf29,4.558561111111107
FPR3,-1.1264874999999996
MIR3202-2,0.0
LCE1F,0.0
MIR507,0.0
TMEM180,0.28378000000000014
SNORA31,47.047583333333336
ANKZF1,1.8999599999999983
FAM73B,-4.024972777777778
DARS2,1.9074900000000001
FAM90A7P,-0.005046834444444444
CCDC13-AS1,0.007135388888888889
MEIS1,-1.5041714999999996
OR4C46,0.0
NFKBID,0.016220111111111102
CCDC141,-0.010394224444444447
KRTAP27-1,0.0
MAD2L1,15.877069444444443
PROSER1,12.799812222222222
EPB41L4B,-27.796876833333336
RUVBL2,11.095144444444443
RNU5E-1,0.0
SSR3,7.553972222222221
STAT5B,0.5993533333333332
TTTY6,0.011458733388888892
WDR13,-3.0860999999999983
FXYD2,0.0686667222222222
TSGA10IP,0.0019327000000000007
LMOD1,-8.503060888888893
PITHD1,-0.8646055555555563
LOC100507443,0.0
SUPT7L,0.25892055555555604
NUB1,-1.044550000000001
MIR628,0.0
RIN1,2.0030277777777776
ASB17,0.0
ATP6V1C1,3.0268661111111097
CMBL,-19.746828888888885
PRR23B,0.0012685333333333332
AFG3L2,-14.35284444444444
CELF1,2.123727777777777
LOC641298,-0.061501999999999946
11-Mar,0.006170488888888889
MIR4531,0.0
IKZF2,-0.1308825555555556
LOC727677,0.013183283333333332
PCDH20,-2.4085410000000005
UBASH3A,-0.34071538888888897
CCDC116,-0.009620061111111106
FBXO6,0.6564537777777781
KLF6,-30.19119444444444
KRTAP10-10,0.0
BRWD1,0.14345833333333236
SAAL1,2.134269999999999
SLC35E4,1.7647522222222225
VPS11,-0.09638611111111395
ABCC1,4.922712777777778
MID1IP1,6.13527222222222
MIR4441,0.0
COL17A1,-19.251130888888888
LOC100130015,0.6063472222222219
S100A11,275.8878611111112
AAGAB,-0.039856666666661766
AARSD1,2.241759444444444
COL6A2,35.723650000000006
LOC100131094,-0.017894166666666655
L3MBTL2,0.5125866666666665
ARRDC1,6.6420055555555635
MIR3152,0.0
NLRP13,0.0
P4HA2,1.0488061111111158
RRN3P1,0.3079037777777782
LOC389458,0.08229474444444444
PHLDA1,12.342433333333336
LINC00324,-0.7337403333333332
HCFC1,2.2227372222222215
DOC2GP,0.02839554999999999
RCAN1,-6.58162722222222
CACNA1S,-0.0016468544444444462
IL28B,-0.008643666666666668
C10orf88,0.23370999999999986
KIF19,-0.5839701277777776
C5orf38,0.33991337777777786
HSPA2,-3.035891666666668
SCO2,-4.25245
HMGB3P1,0.0
MIR3201,0.0
HLA-C,-253.4816111111112
ATP5B,-184.77938888888895
PPIC,-6.148438888888883
RNF217,0.36844016666666657
DHODH,0.6961583333333334
CISD1,1.8891855555555548
MIR149,0.0
SLC38A7,1.7443127777777776
PCED1B,0.5337122222222219
MCI,0.24151202222222215
C10orf137,0.18298000000000014
MUC4,-12.727401499999996
OR52N1,0.004536022222222222
NDUFB3,-4.916855555555557
PCDH19,-0.30731510555555563
ANLN,7.28036761111111
PIN4,2.99027222222222
C8orf47,-0.0480617888888889
PFKP,3.513144444444439
MIR10A,0.0
MNAT1,2.194058333333335
GNG10,8.70375
FAM48A,4.478225555555557
PDDC1,3.076545000000001
PLEKHG2,0.7026257777777778
PLGLB1,-0.06118467777777775
DNASE1L2,0.14119121111111113
MOXD1,0.9728201666666667
QRFPR,0.026539872222222212
SLC29A2,1.3556705555555553
FAM92A1,2.9836653333333336
WNK1,2.139963888888891
PRF1,-0.7678366111111115
C11orf70,0.3005295555555556
GPI,23.151672222222217
KCNG4,0.0
OR2T27,0.0
LOC151534,-0.0020305555555557575
C14orf109,-4.814411111111113
UBN1,-0.3933138888888905
LOC150381,-0.3814781666666669
LINC00094,0.8121294444444445
ELOVL1,-10.991488888888895
LMX1B,0.009851054444444445
VASN,2.3030138888888887
SART1,1.5940111111111133
STAG3,0.09693838888888895
EPHX2,-22.267713888888878
ADARB1,-0.28261638888888907
ATP8B4,-0.0889645555555556
SLK,-1.0689722222222215
MRPL14,8.069505555555551
NR2E1,0.0006000833333333333
CHKA,-2.68684111111111
CCDC101,-0.7347027777777768
CPNE9,0.03658848888888889
HKDC1,5.904671333333333
MIR4685,0.0
OLFML1,-0.5283247222222225
C2orf18,0.8922705555555543
GOLGB1,-0.5758144444444451
